Battery_ID,Cycle_Index,Discharge_Index,Ambient_Temperature,Discharge_Time_Seconds,Max_Temp_Reached,Min_Voltage_Recorded,Voltage_Drop_Rate_V_per_sec,Internal_Resistance_Re,Capacity_Ahr
B0005,2,1,24,3690.234,38.98218133148803,2.612467347907089,0.0004278927730865321,,1.8564874208181574
B0005,4,2,24,3672.344,39.033397966787035,2.587208728940726,0.00043638735502607646,,1.846327249719927
B0005,6,3,24,3651.641,38.818796689817404,2.6519168938437794,0.000420706702040952,,1.8353491942234077
B0005,8,4,24,3631.563,38.7623045063458,2.592947964776547,0.0004393461311504233,,1.8352625275821128
B0005,10,5,24,3629.172,38.66539257343368,2.547419651124539,0.0004521358793786891,,1.8346455082120419
B0005,12,6,24,3652.281,38.75169504640032,2.5209480504077413,0.0004566646864085383,,1.8356616600675495
B0005,14,7,24,3650.828,38.8207012322275,2.487927319492314,0.00046577497445688374,,1.8351461429226603
B0005,16,8,24,3572.453,38.51713023385634,2.6652049047458775,0.00042652009327094875,,1.8257567905665537
B0005,18,9,24,3550.594,38.526267904657,2.6038584726333673,0.00044645227763263093,,1.8247738529891333
B0005,20,10,24,3551.25,38.52698128472781,2.552853984885676,0.00046078688974044124,,1.824613268496936
B0005,22,11,24,3530.25,38.54143406601644,2.4724483018527317,0.0004862170537663081,,1.8246195526864504
B0005,25,12,24,3491.016,38.52197451768004,2.64956413267546,0.0004412217287433961,,1.8142019357673917
B0005,27,13,24,3470.281,38.582485834057856,2.5724981777366227,0.00046589559088505543,,1.8137521577549054
B0005,29,14,24,3470.0,38.520294134873915,2.5249886697730286,0.00047949541674919296,,1.8134404914735822
B0005,31,15,24,3450.297,38.21358592965045,2.694621861688723,0.0004331477667226311,,1.8025980036306504
B0005,33,16,24,3429.407,38.1983618706913,2.64010141737067,0.0004517138548064752,,1.80210690024615
B0005,35,17,24,3409.484,38.31926916027133,2.5739035098380962,0.000473677676619106,,1.802579500826209
B0005,37,18,24,3390.422,38.4787542519308,2.4942396831720126,0.0004998021239494017,,1.8030683142834096
B0005,39,19,24,3390.281,38.54659017774874,2.4556793246645583,0.00051134205891832,,1.8027776247196041
B0005,42,20,24,3591.734,38.44749852224995,2.632142800798914,0.0004330697261446769,(0.04466870036616091+0j),1.8470259949329193
B0005,46,21,24,3552.297,38.992275791716615,2.5027764692056795,0.0004742993932947383,(0.044843430573346096+0j),1.847417311283644
B0005,50,22,24,3531.578,38.51424197364312,2.617507742871704,0.00044454334109036314,(0.04510114851143001+0j),1.8361774213478947
B0005,54,23,24,3492.907,38.165816144899125,2.694074478000972,0.00042751483173934747,(0.044172075577171746+0j),1.8257807475776242
B0005,58,24,24,3511.594,38.16526203587147,2.6237674644021887,0.00044528801542380374,(0.043786628196075913+0j),1.8251136435078368
B0005,62,25,24,3431.9370000000054,38.27549578575718,2.5010798299873738,0.0004914605224952014,(0.04463932198878524+0j),1.8255815042203762
B0005,66,26,24,3431.125,37.982160799183106,2.6849988185249796,0.00043812519334476943,(0.043558785775475374+0j),1.8140311275083907
B0005,70,27,24,3412.406,38.11100191887773,2.547109116468133,0.0004806666178702362,(0.04526547818261783+0j),1.8147691941158939
B0005,74,28,24,3410.688,38.18831137948753,2.471314764334132,0.0005031962882427366,(0.044483715777434665+0j),1.813969388710352
B0005,78,29,24,3410.718,37.998541119085836,2.6613903306108773,0.00044760705278954545,(0.04441416485910045+0j),1.802765665167823
B0005,82,30,24,3392.719,38.194201649765226,2.541762355407921,0.0004851286324781454,(0.04453544590029642+0j),1.804077040117352
B0005,86,31,24,3470.672,38.45796400011448,2.628919415830567,0.00045298165931764836,(0.04502135245555801+0j),1.8518025516704486
B0005,90,32,24,3414.109,38.49126351534004,2.6312552691827045,0.0004593781467922899,(0.04646251600050638+0j),1.8307038456739428
B0005,94,33,24,3395.219,38.31473393357882,2.654880745360911,0.0004550435710748708,(0.04772385451119983+0j),1.8199041089501267
B0005,98,34,24,3386.0,37.861934640176806,2.6749688422803803,0.0004501283593623882,(0.04694022963323793+0j),1.8093079637028517
B0005,102,35,24,3368.187,37.90665575786083,2.6159705726789904,0.00047029097974251753,(0.04702798243208013+0j),1.80460990458052
B0005,106,36,24,3368.266,38.34003238560517,2.658447162110498,0.00045757314264616324,(0.047755380262671634+0j),1.7993770651972192
B0005,110,37,24,3358.719,38.0745950590744,2.6979426084271156,0.00044696865574440757,(0.047022939446838434+0j),1.7884432335370462
B0005,114,38,24,3339.5,38.07252758016199,2.6617272246516333,0.00046063340490593415,(0.046245370477528074+0j),1.7829230484252723
B0005,118,39,24,3331.265,37.80133585100446,2.699288287625812,0.00045026411229036876,(0.04618610336751238+0j),1.7730337158018288
B0005,122,40,24,3321.188,38.39873985476869,2.6127932408838532,0.0004777213877187483,(0.04773737014313117+0j),1.773037755078937
B0005,126,41,24,3321.844,38.74929237918251,2.6637064901468075,0.0004623553086416048,(0.04838334154876506+0j),1.7678721106662054
B0005,130,42,24,3311.828,38.87275464755104,2.6668454289754746,0.00046279623474927445,(0.048037510039299486+0j),1.7623150704093087
B0005,134,43,24,3327.391,38.503541429116005,2.684431051981017,0.000453706948585185,(0.048086960073381944+0j),1.7676172924938447
B0005,136,44,24,3312.078,38.27009094548294,2.645224362345869,0.00046964198109325495,(0.048086960073381944+0j),1.762668359743147
B0005,140,45,24,3293.172,38.11684755251712,2.6603527244917,0.0004672532610584362,(0.04754728174038817+0j),1.7517304870664143
B0005,144,46,24,3275.328,38.04152715355532,2.6926849789916263,0.0004600191356163132,(0.04764092098948851+0j),1.7418496047960008
B0005,148,47,24,3265.016,38.17980302242767,2.670544734728978,0.00046816866468157793,(0.04842436953177311+0j),1.7360913511847138
B0005,150,48,24,3328.937,40.71218198711114,2.605158060541757,0.0004762034900449119,(0.04842436953177311+0j),1.7936240148573608
B0005,154,49,24,3329.266,39.885261233152924,2.672012007453096,0.00045893654617527505,(0.04943074564871873+0j),1.7831890223273275
B0005,158,50,24,3301.579,39.18287352945846,2.674271233724938,0.00046192860676791923,(0.04974822543014387+0j),1.7673642076278957
B0005,162,51,24,3283.563,38.951564804030774,2.6309416727017187,0.0004775550177511811,(0.04988486594475391+0j),1.7570177850353066
B0005,166,52,24,3275.125,38.607510759873634,2.6629725743154204,0.0004691300539151315,(0.04921638093217895+0j),1.7468706179837907
B0005,170,53,24,3265.656,38.920359903369054,2.612942119873717,0.0004858744469576141,(0.04994593893656341+0j),1.7417172507457144
B0005,174,54,24,3266.093,39.23273115358871,2.6157198442661476,0.0004848563126805983,(0.048969605147940264+0j),1.7364225056478186
B0005,178,55,24,3257.594,38.964927068400804,2.6287695472774453,0.00048200610243726976,(0.05022937602514056+0j),1.7263217239235826
B0005,182,56,24,3248.593,38.83927283461771,2.6655106679421823,0.00047184474572470846,(0.04971526662508074+0j),1.7158065389330133
B0005,186,57,24,3238.766,38.82796377704433,2.650495153350403,0.0004781143876760158,(0.04913216601843565+0j),1.710533351135192
B0005,190,58,24,3240.14,39.14007944734004,2.643236235233877,0.0004802056792894946,(0.04920968322529824+0j),1.706014499648521
B0005,194,59,24,3230.109,39.349611598028886,2.656450207001938,0.00047762989610602145,(0.04950631616559385+0j),1.7003110272642588
B0005,198,60,24,3229.7810000000027,39.29444535878087,2.626177688152069,0.0004870539211445263,(0.04865176277959679+0j),1.6945798601797895
B0005,202,61,24,3212.469,39.10487658009542,2.6582230344240045,0.0004798140599170877,(0.04916575568371288+0j),1.6849029086609286
B0005,206,62,24,3213.219,39.0462609369598,2.695100237338448,0.0004681738605195004,(0.04923427342088277+0j),1.6744741591159717
B0005,210,63,24,3203.578,39.398032192832,2.639091813583503,0.0004869243560661873,(0.0505475864921389+0j),1.6745692479879102
B0005,214,64,24,3195.125,39.10678394120843,2.6857210282450983,0.0004732409807588381,(0.050118814742107526+0j),1.663716375981405
B0005,216,65,24,3195.3129999999946,39.44448954135193,2.69017866510873,0.0004729278369483334,(0.050118814742107526+0j),1.659013868748246
B0005,220,66,24,3186.297,39.509602016775695,2.639895313359579,0.0004894222545937329,(0.049792567319026114+0j),1.6538540573335014
B0005,224,67,24,3176.438,39.334865362245324,2.68991452927918,0.00047506096941937075,(0.049865378066600005+0j),1.642653782130131
B0005,228,68,24,3167.593,39.43723270017243,2.65935818848874,0.0004859144783116082,(0.049811932785538866+0j),1.6378578430223698
B0005,232,69,24,3167.719,39.51375235624076,2.6657030585650423,0.0004840204808868566,(0.04850673488997184+0j),1.6327350407099108
B0005,236,70,24,3159.077999999994,39.60170302810528,2.642986759012803,0.0004927365033348928,(0.050023074203339506+0j),1.6277528915533617
B0005,240,71,24,3148.829,39.687463597582074,2.6311169118893036,0.000497856607309806,(0.05020469043786587+0j),1.622125485521159
B0005,244,72,24,3149.094,39.53535075538898,2.696157404617167,0.0004772635473932831,(0.04975857340773159+0j),1.6113256603765849
B0005,248,73,24,3140.547,39.6502371632164,2.6667596238241567,0.0004877338977311269,(0.04968675503783295+0j),1.6065631397488385
B0005,252,74,24,3131.625,39.69929058154853,2.6403185448373043,0.0004976374520037998,(0.04995005707049774+0j),1.6015142233917594
B0005,256,75,24,3121.907,39.56076309770468,2.69892986372897,0.0004804338395307616,(0.050282564251258356+0j),1.590369231400328
B0005,260,76,24,3122.125,39.63708096307912,2.6682466504352993,0.0004902132011980204,(0.04992007781904663+0j),1.5857889968242211
B0005,264,77,24,3121.672,39.43977047692484,2.6479207279724903,0.0004972941598120826,(0.05007996435013632+0j),1.5849430707374117
B0005,266,78,24,3120.86,39.839022256254516,2.6741633856529066,0.0004892756176436653,(0.05007996435013632+0j),1.5955263892495937
B0005,270,79,24,3103.828,39.41794949618613,2.6892528956736257,0.00048614079806615296,(0.05487320211540928+0j),1.5747301747801037
B0005,274,80,24,3095.094,39.262781682151214,2.688809122993162,0.00048777676090094093,(0.055240499862766274+0j),1.5649019950937946
B0005,278,81,24,3095.781,39.47237839941986,2.6743555987897745,0.0004924396366147328,(0.055080368328742545+0j),1.5597659473370362
B0005,282,82,24,3094.328,40.037541469513684,2.6430294964336345,0.0005025615045442976,(0.05484578494342528+0j),1.5594815668184234
B0005,286,83,24,3086.531,40.142730162011574,2.6584858447131823,0.0004988883777780857,(0.05808949268604193+0j),1.55468935359061
B0005,290,84,24,3085.625,40.1165626728546,2.629782173759164,0.0005082486003049186,(0.05639999430512618+0j),1.5488741079890418
B0005,294,85,24,3067.203,39.87503330866132,2.6622967647315545,0.0005010265846369212,(0.057159147914507935+0j),1.538236598942558
B0005,298,86,24,3058.157,39.61961987024145,2.682380966742509,0.0004954908959148285,(0.056998793862942924+0j),1.527914258251028
B0005,302,87,24,3058.812,40.067324667444815,2.6401894768922713,0.0005091555634059839,(0.05791594677751306+0j),1.5285252629756445
B0005,306,88,24,3058.578,40.24716716520102,2.693769409137257,0.0004918025008657843,(0.0585831887959693+0j),1.522647325284378
B0005,310,89,24,3049.328,40.30253125568348,2.695787450704935,0.0004926910708933598,(0.05684411239635824+0j),1.5174859938489869
B0005,313,90,24,3177.219,40.09418103142496,2.6920548172137724,0.0004818255338149535,(0.05667203462955093+0j),1.605818899130659
B0005,316,91,24,3082.937,40.52238496316615,2.629071246219689,0.0005096931269403558,(0.058223361510524915+0j),1.5638491446744425
B0005,320,92,24,3074.266,40.56886357314186,2.631343871050918,0.0005097243350507763,(0.05869361561103209+0j),1.5480915247767786
B0005,324,93,24,3066.0,40.27804845768325,2.6983970036642315,0.0004892225082305076,(0.05687355099054793+0j),1.5323755631868592
B0005,328,94,24,3056.437,40.2921849196155,2.6338485871981514,0.0005117151774699061,(0.058401226760293384+0j),1.5269528268489705
B0005,332,95,24,3048.219,40.184384347174266,2.671566207861818,0.0005007479568811896,(0.05713926164978321+0j),1.5169573017136326
B0005,336,96,24,3039.218,40.320066232195046,2.6540810507928123,0.0005079719138007143,(0.056846750542401+0j),1.5118975960142693
B0005,340,97,24,3039.047,40.336505612651585,2.656849703962618,0.0005070305382153516,(0.05971458306876328+0j),1.5065638960681105
B0005,344,98,24,3030.375,40.43267631588412,2.6363048614501152,0.0005152992758359195,(0.057876489486257204+0j),1.5015453526671363
B0005,348,99,24,3021.0,40.314538591575015,2.69951692300468,0.0004957927286058045,(0.057106052592570886+0j),1.4908444050400238
B0005,352,100,24,3021.75,40.386661855917744,2.698216006032282,0.0004961734776103787,(0.05832440115222774+0j),1.485868384561201
B0005,356,101,24,3012.265,40.43384612547835,2.6911707598773864,0.0005000442731081839,(0.05853988727737317+0j),1.480413677976106
B0005,360,102,24,3002.641,40.44479269068758,2.690162319231471,0.0005020763085959153,(0.057610002271573896+0j),1.4752095869031632
B0005,364,103,24,3012.0,40.58499656066617,2.6355034454892072,0.0005169161374075417,(0.05687744083786221+0j),1.4859035988304024
B0005,367,104,24,3020.11,40.99869158762305,2.6594753656507684,0.0005110309345939747,(0.05841225795718409+0j),1.4960918298136696
B0005,371,105,24,3002.172000000006,40.997807625227495,2.644554999824577,0.0005174246540195979,(0.06019789084807145+0j),1.4808005946928984
B0005,375,106,24,2992.703,40.84213757482493,2.6719601666204564,0.0005099262391641462,(0.05988352416265757+0j),1.4697543268466824
B0005,379,107,24,2964.468,40.69012464267011,2.6598211033173382,0.0005169027618755173,(0.058875120497055886+0j),1.4539012274845928
B0005,383,108,24,2983.375,40.69938049882204,2.688360455508818,0.0005056799506709549,(0.05844518592952695+0j),1.4541462067235693
B0005,387,109,24,2975.297,41.06026204078849,2.6376728619288525,0.0005242940967484285,(0.06055121054997781+0j),1.455023751906683
B0005,391,110,24,2974.9850000000006,41.19696040482682,2.645120521151077,0.0005214433543004569,(0.05995025589217596+0j),1.449042163761236
B0005,395,111,24,2966.25,40.84446688602949,2.698012437629632,0.0005053809437421127,(0.05956501303684226+0j),1.4386709371480566
B0005,399,112,24,2956.359,40.764203830749366,2.6928942772989077,0.0005087389707389947,(0.059853349010250065+0j),1.433445432156979
B0005,403,113,24,2956.344,41.11212504270441,2.6483923655058113,0.0005238608411982727,(0.05874548029308314+0j),1.4333958900838095
B0005,407,114,24,2956.406,41.27256611507568,2.6832134764261997,0.0005117806394381815,(0.06083767084489383+0j),1.42806487344776
B0005,411,115,24,2947.266,41.15574924454392,2.684960445221862,0.0005129642714925621,(0.05993762786815949+0j),1.4229203181741186
B0005,415,116,24,2937.984,41.03237216951879,2.669922120529456,0.000519507691290174,(0.05959588691816853+0j),1.417429032731308
B0005,419,117,24,2929.125,40.937269906716935,2.664105530655056,0.0005231776185384144,(0.058400743519397356+0j),1.412409228794446
B0005,423,118,24,2928.454,41.240704611971786,2.634098605983684,0.0005336508393605127,(0.06260506440345279+0j),1.412578792940193
B0005,427,119,24,2929.375,41.43649987692296,2.68378702970616,0.0005164953267569753,(0.06115195391732467+0j),1.4075983731469897
B0005,431,120,24,2946.031,41.16703904201915,2.660031949282934,0.0005190900552267891,(0.059630601199984506+0j),1.4333920485221476
B0005,433,121,24,2955.438,41.36216559728765,2.650011641082063,0.0005248402788878223,(0.059630601199984506+0j),1.4382550176792908
B0005,437,122,24,2937.625,41.02198772703674,2.6936969083341418,0.0005117157041760053,(0.060986669920577066+0j),1.4173547174485526
B0005,441,123,24,2929.078,40.78818812957494,2.697073130067154,0.0005120478048738727,(0.06100425704109886+0j),1.406981663677643
B0005,445,124,24,2918.375,40.81506138506309,2.6806995515145213,0.0005194635385510475,(0.06232914782727364+0j),1.4012037783587625
B0005,449,125,24,2919.812,40.858374219876424,2.6695398084864568,0.0005229102059495088,(0.061502762788551504+0j),1.3967008232726328
B0005,453,126,24,2900.422,40.839876773287166,2.671695307817951,0.0005256083786934749,(0.06141907994833745+0j),1.391284788852726
B0005,457,127,24,2901.375,40.85376069244676,2.661289185949965,0.0005288808300357292,(0.06121665145307191+0j),1.3862287677978349
B0005,461,128,24,2901.187,40.74795214258888,2.667817533540102,0.0005265564433821837,(0.062704070176938+0j),1.3804366761974138
B0005,465,129,24,2891.64,40.68794001196382,2.684008069130594,0.0005230718500662169,(0.06172613583587411+0j),1.3752364150256224
B0005,469,130,24,2882.906,40.7810749453613,2.6585256208771644,0.0005327372839689724,(0.06185223703499693+0j),1.3705128024895008
B0005,473,131,24,2883.265,40.88159339768709,2.6372250579822927,0.0005405811203269466,(0.06310358102659182+0j),1.3705085566270399
B0005,477,132,24,2882.969,40.81191473576834,2.6514257735606432,0.000535614077398604,(0.06228746060457266+0j),1.3647355108681518
B0005,481,133,24,2891.656,41.11793533148924,2.676384659108382,0.0005229179975568293,(0.06270549893166993+0j),1.375392016895762
B0005,483,134,24,2901.25,41.248795355864885,2.6949138502817815,0.0005188910478378406,(0.06270549893166993+0j),1.3861115151535393
B0005,485,135,24,2891.703,41.16242984455477,2.6973343716306273,0.0005190161740909901,(0.06270549893166993+0j),1.3698500035838939
B0005,489,136,24,2883.016,41.16437554618679,2.642540259937964,0.000538732644217125,(0.053286381622558374+0j),1.3647827949260758
B0005,493,137,24,2873.453,40.864216180205034,2.699226257883075,0.0005208122464484471,(0.05293147474045376+0j),1.3543220466259964
B0005,497,138,24,2874.031,41.25434553511566,2.676480329780849,0.0005286760771418749,(0.05588929297745871+0j),1.3546417018378962
B0005,501,139,24,2874.234,41.45023191903855,2.642142168479886,0.0005405550959054959,(0.05841778368115902+0j),1.3547039213192407
B0005,505,140,24,2864.984,41.27708509224051,2.644725254926797,0.0005415503092250407,(0.056411433170262516+0j),1.349314997503458
B0005,509,141,24,2855.093,41.064605154983276,2.632270655366611,0.0005479128033406888,(0.05568015964086863+0j),1.3441891937970554
B0005,513,142,24,2855.625,40.99284868101728,2.6391006118876117,0.0005451521713559624,(0.056210257603528525+0j),1.3389913790695755
B0005,517,143,24,2855.594,41.29040553417739,2.637841830893275,0.0005456519946703377,(0.05579452141186236+0j),1.3389145230206971
B0005,521,144,24,2847.437,41.22740227746052,2.668286095904868,0.0005365953630683567,(0.057799714665998925+0j),1.3340066759761655
B0005,525,145,24,2847.36,41.04619550953222,2.6490198126838553,0.0005431398804103404,(0.05577529472858128+0j),1.3286444309174914
B0005,529,146,24,2837.328,40.85874389007758,2.664058512378051,0.0005398337608552816,(0.056559391313402284+0j),1.3231708992276219
B0005,533,147,24,2837.281,40.79196924883506,2.6883611693898826,0.0005313209682373751,(0.05334424687864744+0j),1.3181691588445197
B0005,537,148,24,2838.515,41.14127834456325,2.6869753836302124,0.0005313948903844097,(0.056262478978249195+0j),1.3184664436640334
B0005,541,149,24,2828.328,41.14429319149828,2.6507536817766586,0.0005463694971383016,(0.05339424998746291+0j),1.318293040102702
B0005,545,150,24,2838.265,40.66184230912503,2.6646322789106516,0.0005355040928527314,(0.05854525235071128+0j),1.323872422244268
B0005,548,151,24,2864.547,41.046694544970684,2.6400211837268666,0.0005450143749476668,(0.057849417299627566+0j),1.3601216766554785
B0005,552,152,24,2846.39,41.0462053156659,2.674198661305034,0.0005345384525514647,(0.06142385686894261+0j),1.3395306867947354
B0005,556,153,24,2837.969,40.868302643225604,2.696427051131168,0.0005283064996199827,(0.05952338030179974+0j),1.3290286565120697
B0005,560,154,24,2838.156,40.85283588259973,2.6928340297696836,0.0005297555950809722,(0.05926159085880675+0j),1.3236741274998955
B0005,564,155,24,2829.843,40.85270645265791,2.681747855329962,0.0005350279618081227,(0.05952378458944331+0j),1.318633896753293
B0005,568,156,24,2829.625,40.8263251809212,2.696791414385091,0.0005297542508628182,(0.05967664811705819+0j),1.3134751321324272
B0005,572,157,24,2819.437,40.90308836809665,2.664695973142795,0.0005432479644820334,(0.05975988463048883+0j),1.3132020634442203
B0005,576,158,24,2819.579,40.84337405460518,2.679191623358613,0.0005378171026818667,(0.05950259165745283+0j),1.3077959946944353
B0005,580,159,24,2810.672,40.81792110626284,2.699983457940659,0.0005320280912520444,(0.05955598055289399+0j),1.3030329186405918
B0005,584,160,24,2811.485,40.946993847659506,2.666300786624286,0.0005438767307603753,(0.05949136479118529+0j),1.3033573559038205
B0005,588,161,24,2802.422,41.074938058306316,2.6308501373847837,0.0005583866972383229,(0.06052114924707915+0j),1.3034100438655642
B0005,592,162,24,2801.625,41.02476444658572,2.673348140468748,0.0005433322294320004,(0.05982677899726283+0j),1.2978870806495706
B0005,596,163,24,2802.031,41.06214198725253,2.632763831012711,0.0005579178570890086,(0.057944393691446945+0j),1.2980735056918902
B0005,600,164,24,2793.39,40.98366325567302,2.6687371180046218,0.0005469711692701162,(0.06175931225184275+0j),1.293463613844243
B0005,604,165,24,2793.39,40.98234242711097,2.696396337945361,0.0005367053068017576,(0.05898908039586478+0j),1.288003392619118
B0005,608,166,24,2792.485,41.06375085817118,2.6794834862925194,0.0005430211881381793,(0.05763029720163586+0j),1.2874525221379407
B0005,612,167,24,2802.016,41.047029587744966,2.6787137407179737,0.000537510547273947,(0.057823749393303175+0j),1.3090153642307354
B0005,614,168,24,2820.39,41.051007697556734,2.655378369801326,0.000548360420416695,(0.057823749393303175+0j),1.3250793286429356
B0006,2,1,24,3690.234,39.16298653238707,2.4757677568281857,0.00046177431318179823,,2.035337591005598
B0006,4,2,24,3672.344,39.2462026826329,2.35152551190002,0.000497165496098824,,2.0251402460314116
B0006,6,3,24,3651.641,38.999202460252846,2.4404797151065436,0.0004758522559544479,,2.013326371345464
B0006,8,4,24,3631.563,38.843627771866515,2.4791558539003917,0.00046795457056405897,,2.0132846655407413
B0006,10,5,24,3629.172,38.97798888258284,2.280187848173442,0.0005230014183389428,,2.000528337624771
B0006,12,6,24,3652.281,38.83989920742278,2.4392842568466446,0.0004802292776499238,,2.0138990759931645
B0006,14,7,24,3650.828,39.04610837498471,2.2812068449406446,0.0005238608223134543,,2.013101105626967
B0006,16,8,24,3572.453,38.87507521022778,2.366410527029613,0.0005067711460684992,,1.9687898262728398
B0006,18,9,24,3550.594,38.7260539826455,2.436020049578708,0.0004901571650802724,,1.9681661764334244
B0006,20,10,24,3551.25,38.98629728904917,2.1864377487643725,0.0005604956680431661,,1.9572307917560536
B0006,22,11,24,3530.25,38.65978861919643,2.3406023605912454,0.0005203532750856754,,1.9455991514129352
B0006,25,12,24,3491.016,38.84979195732924,2.4263021374140443,0.0005017719693577316,,1.9347505044841131
B0006,27,13,24,3470.281,38.75128344015104,2.4753697700007034,0.0004901466594426281,,1.9232799539368028
B0006,29,14,24,3470.0,38.76853764058789,2.342364523655007,0.0005289994038487506,,1.911889930948487
B0006,31,15,24,3450.297,38.84686112344348,2.188400081882664,0.0005764836765460794,,1.9010667141979305
B0006,33,16,24,3429.407,38.865889781652804,2.1206980945954057,0.0005992049393825358,,1.8891989948061458
B0006,35,17,24,3409.484,38.647578733807656,2.369981457799298,0.0005301743790723173,,1.878278372248849
B0006,37,18,24,3390.422,38.79218188173866,2.247991649924625,0.0005687678082021704,,1.8675697161520206
B0006,39,19,24,3390.281,38.77022223929529,2.4115317107898875,0.0005208767531864638,,1.8675892574453767
B0006,42,20,24,3591.734,37.54320599748628,2.2033558468593775,0.0005488235852978799,(0.06123359021000344+0j),1.979626548250818
B0006,46,21,24,3552.297,37.90362577530197,2.35887751155593,0.0005113160607647734,(0.06062991544979002+0j),1.9575499080884022
B0006,50,22,24,3531.578,37.6701605139887,2.218672914041916,0.0005545805265572509,(0.0608598716542857+0j),1.9458150170787551
B0006,54,23,24,3492.907,37.34166959188387,2.339723057947995,0.0005259110686640691,(0.06006450818180178+0j),1.9242461121680094
B0006,58,24,24,3511.594,37.28979017254232,2.3997508208942735,0.0005099204228464292,(0.05913130853407464+0j),1.9459811331421641
B0006,62,25,24,3431.9370000000054,37.16794481484507,2.491410879472442,0.0004911402900615407,(0.06059698754511872+0j),1.901407930553079
B0006,66,26,24,3431.125,37.51577848501052,2.1387303309558976,0.0005930188565792994,(0.0604355089729667+0j),1.878674213680085
B0006,70,27,24,3412.406,37.24165964092258,2.346064498302046,0.0005363939837507092,(0.0598822703747387+0j),1.8683061328264219
B0006,74,28,24,3410.688,37.27233216178077,2.327337743316428,0.0005420968664809629,(0.06058721482266893+0j),1.8560244070082998
B0006,78,29,24,3410.718,37.207134503019795,2.4863117233366316,0.0004944835127155629,(0.06090836519034555+0j),1.8451997961855777
B0006,82,30,24,3392.719,37.49607769896255,2.2921663510920895,0.0005588501289505007,(0.060369152473069135+0j),1.857228890885317
B0006,86,31,24,3470.672,37.250073961181094,2.4343006861812118,0.0005058648391481913,(0.06209144685667864+0j),1.9247760889090635
B0006,90,32,24,3414.109,37.39699052067588,2.472619908000758,0.0005021405532747958,(0.06232003183337441+0j),1.8822317526092551
B0006,94,33,24,3395.219,37.2852066420257,2.403422072720937,0.0005251681949885054,(0.06189122330035962+0j),1.855276687885587
B0006,98,34,24,3386.0,37.080390421974414,2.4006679782182205,0.0005277773059018224,(0.06171642129064926+0j),1.8392508917181876
B0006,102,35,24,3368.187,36.98024266357476,2.3194299432177345,0.0005536335760677842,(0.06199878481176484+0j),1.8185396073994429
B0006,106,36,24,3368.266,37.598741245467004,2.3401731734980076,0.0005482365970047092,(0.06250406054880163+0j),1.8134770059567056
B0006,110,37,24,3358.719,37.33680914521836,2.3829603510808774,0.0005369674017150094,(0.06201388686472383+0j),1.7971018450305436
B0006,114,38,24,3339.5,37.39499820465976,2.351855540704836,0.0005488504675752152,(0.06183019217410585+0j),1.7810046294120476
B0006,118,39,24,3331.265,37.35233964342659,2.3535104841115886,0.0005501224102722919,(0.06282694657880761+0j),1.7710130422682329
B0006,122,40,24,3321.188,37.58677381866742,2.3948058223938364,0.0005394371749494315,(0.06349817571333986+0j),1.7604712448170943
B0006,126,41,24,3321.844,38.207044569893476,2.4418858444380294,0.0005249665913234255,(0.060945139936148515+0j),1.7502913788006587
B0006,130,42,24,3311.828,38.340431886092745,2.391848815367812,0.0005414371181619479,(0.0639175801612165+0j),1.7394925037732578
B0006,134,43,24,3327.391,38.521539672721865,2.3166154227865463,0.0005586981963243888,(0.06223664045181756+0j),1.7546766553637203
B0006,136,44,24,3312.078,38.03707160241571,2.4110989960643794,0.0005376099118648171,(0.06223664045181756+0j),1.7659390941842175
B0006,140,45,24,3293.172,37.934285687720596,2.4510125175432287,0.0005266824362716063,(0.06203106446308808+0j),1.7337887419624838
B0006,144,46,24,3275.328,37.88470784051604,2.471216186082459,0.000522996690079439,(0.06250649038034015+0j),1.713325912040734
B0006,148,47,24,3265.016,38.065368726791895,2.470968641396993,0.000525225663576158,(0.06261533272747599+0j),1.7024077813673466
B0006,150,48,24,3328.937,39.788440481350335,2.4288023941361625,0.0005239252553485966,(0.06261533272747599+0j),1.82371946178183
B0006,154,49,24,3329.266,39.212903178007906,2.3551430866643166,0.0005502230599053324,(0.0645724621588098+0j),1.8081284050314708
B0006,158,50,24,3301.579,38.66937823121345,2.365933525789291,0.0005514344052189978,(0.06368615846693702+0j),1.7757610945034283
B0006,162,51,24,3283.563,38.5170065164806,2.3481961394586457,0.0005585658660419032,(0.06291209789909709+0j),1.7447409841836798
B0006,166,52,24,3275.125,38.292505299491516,2.46945948630322,0.0005241028452730311,(0.06366741172107057+0j),1.729207034132373
B0006,170,53,24,3265.656,38.52091685291118,2.4666715880697576,0.0005257703534152712,(0.06454586928056331+0j),1.7081086552553244
B0006,174,54,24,3266.093,38.95436345473558,2.4482931262785135,0.0005315515749825479,(0.06441730776729335+0j),1.6975954237461768
B0006,178,55,24,3257.594,38.731363854696035,2.4745215382882586,0.0005249921170205334,(0.06517362934686399+0j),1.6820634524029463
B0006,182,56,24,3248.593,38.74827601131975,2.469127855241356,0.0005284466491442271,(0.06359515956336817+0j),1.6714768322295086
B0006,186,57,24,3238.766,38.84227056628921,2.4177173347922416,0.0005458826155401432,(0.06528547500729169+0j),1.6607591387047655
B0006,190,58,24,3240.14,39.221381996208315,2.3775131079338427,0.0005578074803308065,(0.06653396257005847+0j),1.651121015038069
B0006,194,59,24,3230.109,39.466510899162515,2.443723814618984,0.0005389425923378652,(0.06634112534272091+0j),1.6401349256190927
B0006,198,60,24,3229.7810000000027,39.352653481724175,2.4324278256917147,0.0005425020757464015,(0.06590996191117977+0j),1.6291999416165441
B0006,202,61,24,3212.469,39.31890647034385,2.494085641889116,0.0005251853433215656,(0.06605623626692969+0j),1.6088496302961666
B0006,206,62,24,3213.219,39.47196886600465,2.382347172890769,0.0005602651100385667,(0.06590274256382748+0j),1.6035244898969248
B0006,210,63,24,3203.578,39.74009698783903,2.406668297987779,0.0005547930293418661,(0.06791172070092616+0j),1.5989712144027983
B0006,214,64,24,3195.125,39.03600072360686,2.4204142690378765,0.0005514684837211666,(0.06674377333784236+0j),1.5876273123575604
B0006,216,65,24,3195.3129999999946,39.16106395962828,2.4507845245525193,0.0005446103932922471,(0.06674377333784236+0j),1.5829719744686166
B0006,220,66,24,3186.297,39.20051799483514,2.3930328819230717,0.0005614126988916382,(0.06641297510611752+0j),1.567137636713563
B0006,224,67,24,3176.438,39.15878418316098,2.3938995980718403,0.0005633825580800542,(0.06686868471567307+0j),1.5613446139713882
B0006,228,68,24,3167.593,39.18225956809825,2.4373294683003053,0.000551085458010622,(0.0675638979208385+0j),1.5511711892790419
B0006,232,69,24,3167.719,39.38159156766375,2.3705330061374523,0.0005720393737702318,(0.06767916633501396+0j),1.5406741606295171
B0006,236,70,24,3159.077999999994,39.44712875501599,2.351294851260762,0.0005780995544387773,(0.0679726933427561+0j),1.5253138744624433
B0006,240,71,24,3148.829,39.40950590627068,2.436845595522602,0.0005546043106536872,(0.06833354741887734+0j),1.5301570318067428
B0006,244,72,24,3149.094,39.48443326993031,2.39030487147494,0.0005694592415181467,(0.06885136093381199+0j),1.5246566834474087
B0006,248,73,24,3140.547,39.4416762582387,2.4892160721496315,0.0005393819257678397,(0.06906646906873301+0j),1.5145492986655427
B0006,252,74,24,3131.625,39.53866201326228,2.450611393803655,0.0005533517288086956,(0.06870914709601504+0j),1.509391504602082
B0006,256,75,24,3121.907,39.5867547936938,2.4111946043456745,0.000567617294317365,(0.06952595566680789+0j),1.5039974333050705
B0006,260,76,24,3122.125,39.499752884420865,2.4609139768640715,0.0005512668533604301,(0.06825231466048369+0j),1.4935201918040188
B0006,264,77,24,3121.672,39.9686395722832,2.378420264362521,0.0005779018596568187,(0.06960330384223117+0j),1.4876323024497422
B0006,266,78,24,3120.86,40.42668250871336,2.3844697219937414,0.0005785241824278321,(0.06960330384223117+0j),1.5302876214401704
B0006,270,79,24,3103.828,40.02451449021777,2.448639661640692,0.0005582058071524599,(0.06944383967261045+0j),1.5040760088360112
B0006,274,80,24,3095.094,40.02167483360719,2.362869757217078,0.0005877973905205392,(0.0692409257238966+0j),1.4887593608730894
B0006,278,81,24,3095.781,40.078211781584145,2.479712742728869,0.0005493077294704837,(0.07018023704211739+0j),1.4782779285546637
B0006,282,82,24,3094.328,40.565789328351094,2.4609902569842412,0.0005564327033252477,(0.07032112501568692+0j),1.478459982215684
B0006,286,83,24,3086.531,40.75221353269305,2.4794507375590507,0.0005519205140511765,(0.06930780981897802+0j),1.473214844899973
B0006,290,84,24,3085.625,40.71162611325717,2.421513989921717,0.0005707350698048405,(0.07066012489753228+0j),1.4675164935067897
B0006,294,85,24,3067.203,40.58721297402195,2.3927989623544175,0.0005828076231541541,(0.07048796563268331+0j),1.4516292657521335
B0006,298,86,24,3058.157,40.37035790264624,2.410475236770924,0.0005794342687100513,(0.071253157527167+0j),1.4519237720967177
B0006,302,87,24,3058.812,40.667923693760464,2.4915333699239977,0.0005528402675964192,(0.07290881656804299+0j),1.4471484694777745
B0006,306,88,24,3058.578,40.990356883952465,2.444861994529003,0.0005681543361908656,(0.0725103674563298+0j),1.4468538105659885
B0006,310,89,24,3049.328,40.997744028174516,2.4840755398082255,0.0005571627625402765,(0.07088794010729621+0j),1.4416741930284678
B0006,313,90,24,3177.219,40.77265883698999,2.479017302613424,0.0005487499962144627,(0.07141473238066469+0j),1.5935866593100128
B0006,316,91,24,3082.937,40.522204934304625,2.4820670710190385,0.0005542994800276643,(0.07075152805097641+0j),1.5463902376915637
B0006,320,92,24,3074.266,40.57746834859555,2.452449045714353,0.0005629244426654604,(0.07030413873328058+0j),1.51470559175661
B0006,324,93,24,3066.0,40.516963879873735,2.4198491932573414,0.0005753571694301831,(0.07156671814928477+0j),1.4989786083335404
B0006,328,94,24,3056.437,40.34325381638243,2.4706823501191706,0.0005605550353782819,(0.07235057565104601+0j),1.4831110745410492
B0006,332,95,24,3048.219,40.39341126895154,2.413759774558071,0.0005806277155662072,(0.07033788263426383+0j),1.4729664825468278
B0006,336,96,24,3039.218,40.46341487442664,2.4562499847243027,0.0005682833752637088,(0.07148316063857231+0j),1.4627604396099307
B0006,340,97,24,3039.047,40.5818264138806,2.401794655879554,0.0005862919487611431,(0.07177878179971342+0j),1.4518364681062514
B0006,344,98,24,3030.375,40.61670777074496,2.4087687236133313,0.0005850575476976739,(0.07217659052012376+0j),1.4468670644030392
B0006,348,99,24,3021.0,40.631647661681036,2.4308118485818704,0.0005800845658353893,(0.07275773932145782+0j),1.441380399427779
B0006,352,100,24,3021.75,40.74323383889164,2.398886415333129,0.0005904404245872149,(0.07161196696477634+0j),1.431210744960774
B0006,356,101,24,3012.265,40.81715493531611,2.3814379490849835,0.000598106258579955,(0.07236285655797875+0j),1.4260247179525716
B0006,360,102,24,3002.641,40.72877617289365,2.459885297095542,0.0005733789965940999,(0.07217187946582546+0j),1.420487649966195
B0006,364,103,24,3012.0,41.45494452672042,2.4007285025453995,0.0005880829671595051,(0.07327514105662862+0j),1.4207006230355006
B0006,367,104,24,3020.11,41.39678877103747,2.472830716079143,0.0005680577308033228,(0.07255344400984245+0j),1.452255804330839
B0006,371,105,24,3002.172000000006,41.36669473718026,2.467318928642863,0.0005709800794347758,(0.0737422116355231+0j),1.431557632772571
B0006,375,106,24,2992.703,41.37787352037061,2.3692462667540997,0.0006049046552229868,(0.07351181896001253+0j),1.415015751158943
B0006,379,107,24,2964.468,41.140956091698214,2.4482618595124874,0.0005845074808493439,(0.07363095072187217+0j),1.4097311506517451
B0006,383,108,24,2983.375,41.2168813199875,2.4598632768748825,0.0005774682892649898,(0.07483720295528123+0j),1.404917318129309
B0006,387,109,24,2975.297,41.40391881889191,2.497869764845928,0.0005653478597108151,(0.07422880685868813+0j),1.395164296571563
B0006,391,110,24,2974.9850000000006,41.586571331198584,2.472236707252471,0.000574819496312846,(0.07359262883289279+0j),1.3945343832614077
B0006,395,111,24,2966.25,41.43504077863728,2.4278749904763077,0.0005917002390318626,(0.07428961541366103+0j),1.3893171179312644
B0006,399,112,24,2956.359,41.37436880579148,2.4275905200235055,0.0005936065565983553,(0.07436247289279864+0j),1.3838379472327809
B0006,403,113,24,2956.344,41.66477948989921,2.37337869163978,0.0006109418717538422,(0.07308819155500623+0j),1.3736814238195123
B0006,407,114,24,2956.406,41.81816829502593,2.4248604132549767,0.000594520749508279,(0.07390565956199621+0j),1.3786059891863676
B0006,411,115,24,2947.266,41.686647000781186,2.426962848243194,0.0005957588867565417,(0.07406486350284623+0j),1.3737600299108574
B0006,415,116,24,2937.984,41.565382893773936,2.417287750352038,0.0006007950415167781,(0.07434066648007011+0j),1.3682580583942712
B0006,419,117,24,2929.125,41.46394809540406,2.4185087281747166,0.0006022079777311968,(0.0749835856113319+0j),1.3633024037317505
B0006,423,118,24,2928.454,41.6123634180086,2.480937393224248,0.0005806368096287541,(0.07363422580248341+0j),1.3580966140172601
B0006,427,119,24,2929.375,42.0075404495327,2.4078214169511205,0.0006051344108000352,(0.07495654638579109+0j),1.353269090999531
B0006,431,120,24,2946.031,41.61679232360952,2.433234589649132,0.0005873446923752875,(0.075132937700244+0j),1.3841605738237488
B0006,433,121,24,2955.438,41.80245062827161,2.440822893388958,0.0005918547353646662,(0.075132937700244+0j),1.4051467790651473
B0006,437,122,24,2937.625,41.653004783464006,2.396078253891397,0.0006080897859906487,(0.07592804413673004+0j),1.378719022627353
B0006,441,123,24,2929.078,41.36061809844917,2.449306948268824,0.0005915731471630714,(0.07550871785129283+0j),1.3682657783199066
B0006,445,124,24,2918.375,41.42815616511055,2.384185417166802,0.0006162732634690314,(0.07460959963253604+0j),1.3573151296618016
B0006,449,125,24,2919.812,41.343265645039,2.4440756213040964,0.0005953104871756328,(0.07487960335651152+0j),1.3524934638801596
B0006,453,126,24,2900.422,41.38118673567723,2.4296014294774673,0.0006043234763124609,(0.07528060880004324+0j),1.3474099151661236
B0006,457,127,24,2901.375,41.378450473707446,2.41022288115442,0.0006106894373589531,(0.07499556374166019+0j),1.3370075130842318
B0006,461,128,24,2901.187,41.306600641009794,2.4098927032454966,0.0006109210760492952,(0.07635857115497807+0j),1.3312352966718526
B0006,465,129,24,2891.64,41.204081036719124,2.453938411405305,0.0005967975723561314,(0.07477686532784665+0j),1.3259303781727643
B0006,469,130,24,2882.906,41.32955629442644,2.3940396792395253,0.0006199830851206414,(0.07601129120974016+0j),1.321578743867529
B0006,473,131,24,2883.265,41.300370296451625,2.45134737470238,0.0006002752058975733,(0.07632337493459862+0j),1.321225074066109
B0006,477,132,24,2882.969,41.243646229563595,2.475014603796582,0.0005921116991290078,(0.0749954456773232+0j),1.3156485301862682
B0006,481,133,24,2891.656,41.36464929786556,2.4569179775419294,0.0005920130433071517,(0.07655910700249269+0j),1.3209025697502388
B0006,483,134,24,2901.25,40.89285784811417,2.438240626221148,0.0006038461398825448,(0.07655910700249269+0j),1.3474328767273906
B0006,485,135,24,2891.703,40.652964511118334,2.4946397780995584,0.0005853149856799218,(0.07655910700249269+0j),1.3260128072353616
B0006,489,136,24,2883.016,40.58410707337388,2.4367455144223555,0.0006054692206828421,(0.07627816468715698+0j),1.3101186784831063
B0006,493,137,24,2873.453,40.322783635307104,2.4858689968085326,0.0005903742785762377,(0.07628105077777647+0j),1.30521620229393
B0006,497,138,24,2874.031,40.78032921971219,2.3957550201907916,0.000621301291642451,(0.07559149558239868+0j),1.3004061951355774
B0006,501,139,24,2874.234,40.85731522464202,2.4504684570147006,0.0006024704252213288,(0.07436926956755013+0j),1.300235735841116
B0006,505,140,24,2864.984,40.74860220857894,2.3942028718004007,0.0006237408862841244,(0.07554946383264172+0j),1.2895066722480755
B0006,509,141,24,2855.093,40.472276230208436,2.4303844034459368,0.0006128694791110197,(0.07543780913259987+0j),1.279253057384795
B0006,513,142,24,2855.625,40.28187574900838,2.4755630989048205,0.0005974449973965652,(0.0752830478385875+0j),1.2792078171714618
B0006,517,143,24,2855.594,40.637565231244686,2.446712151873903,0.0006076276942299408,(0.07504265846305132+0j),1.274036760902923
B0006,521,144,24,2847.437,40.64243349478575,2.4607112018206894,0.0006044023910212391,(0.07493083270026814+0j),1.2741273923001468
B0006,525,145,24,2847.36,40.38713367022122,2.4619788522973796,0.0006029259116211976,(0.07555918138378297+0j),1.2637639426440779
B0006,529,146,24,2837.328,40.15316398972329,2.4999079970509284,0.0005925437233155047,(0.07529135855581007+0j),1.2581373688955233
B0006,533,147,24,2837.281,40.26211669866818,2.4061574188511727,0.0006256303940589949,(0.07695888745317593+0j),1.253259864055301
B0006,537,148,24,2838.515,40.65437976632703,2.40921365026611,0.0006245911063365236,(0.07582454225155175+0j),1.2532313315493426
B0006,541,149,24,2828.328,40.41021687551566,2.4705399687343235,0.0006042457057574915,(0.07591191584477391+0j),1.2480874960313577
B0006,545,150,24,2838.265,40.49521984011741,2.4996841687041944,0.0005864701215383565,(0.07629297155319334+0j),1.2534354284944844
B0006,548,151,24,2864.547,41.357879741754175,2.4839695531514434,0.0005953015049167144,(0.07444944766297028+0j),1.2898048773266901
B0006,552,152,24,2846.39,41.37902988743146,2.4675402264113453,0.0006019212747853923,(0.0752876188558989+0j),1.2635402021758835
B0006,556,153,24,2837.969,41.20920760771975,2.4946438160388325,0.0005942962781861456,(0.07525091465096566+0j),1.2479761706842853
B0006,560,154,24,2838.156,41.20630554355683,2.4577382116375843,0.0006067635104072142,(0.07579555842218386+0j),1.2321202877943334
B0006,564,155,24,2829.843,41.28239317323536,2.40986495422137,0.0006258042886854823,(0.07634314633390711+0j),1.2271137666213534
B0006,568,156,24,2829.625,41.1595683576961,2.479418189447868,0.0006014744005577308,(0.07548574752727838+0j),1.2217397581377356
B0006,572,157,24,2819.437,41.230427315370186,2.434585389303289,0.0006192758629497286,(0.075678173941146+0j),1.211102678915174
B0006,576,158,24,2819.579,41.21487873613708,2.425682710641569,0.0006226963047989105,(0.07639730618221811+0j),1.2056159765131735
B0006,580,159,24,2810.672,41.27439823262361,2.417924401749313,0.0006276070609456064,(0.07554089552390525+0j),1.2008936262717274
B0006,584,160,24,2811.485,41.237668013317766,2.4541577949851603,0.0006137097668180702,(0.07758555911246837+0j),1.1905903985558335
B0006,588,161,24,2802.422,41.24068073261839,2.463616101176541,0.0006126634372193247,(0.07914099539982122+0j),1.185179251041941
B0006,592,162,24,2801.625,41.28133907077437,2.470375229475307,0.0006107308902646482,(0.07703480377026387+0j),1.1796706818144624
B0006,596,163,24,2802.031,41.28338645880181,2.4357634426689945,0.0006227809866741545,(0.07558657312230183+0j),1.1745952836753915
B0006,600,164,24,2793.39,41.149193043289586,2.481190011798763,0.0006044676083148148,(0.07680024027253078+0j),1.15381833159625
B0006,604,165,24,2793.39,41.26268252018065,2.491537251958465,0.000604550913246536,(0.07773379473968531+0j),1.1644009557372264
B0006,608,166,24,2792.485,41.45791806300034,2.40904100737121,0.00063460645549554,(0.07649758460967311+0j),1.1587974947916069
B0006,612,167,24,2802.016,41.11666214070682,2.475767645530351,0.0006002053001108664,(0.07693445086160708+0j),1.1749748834769171
B0006,614,168,24,2820.39,41.36263766174168,2.4160441724133666,0.0006284476102293613,(0.07693445086160708+0j),1.1856752327929356
B0007,2,1,24,3690.234,40.59042914535701,2.145975766935391,0.0005564746481851137,,1.89105229539079
B0007,4,2,24,3672.344,40.26023408628707,2.1110166987852117,0.0005684363041885791,,1.880637027686859
B0007,6,3,24,3651.641,40.27558633997852,2.0251085128182655,0.0005951219085595496,,1.8806626717011388
B0007,8,4,24,3631.563,40.29314715799111,1.922542180649595,0.000626651744192789,,1.8807709009833444
B0007,10,5,24,3629.172,40.268872630219796,1.8711590450649882,0.0006412771781227144,,1.8794508728285058
B0007,12,6,24,3652.281,39.67620802332074,2.1756867065903434,0.0005537036406906543,,1.8807003517117404
B0007,14,7,24,3650.828,39.803817662926164,2.1117887156019437,0.0005714415321955554,,1.8799352523566075
B0007,16,8,24,3572.453,39.88810476942348,2.026250619894166,0.0006082996969709335,,1.8815088124038797
B0007,18,9,24,3550.594,39.95162250671474,1.9505894332906037,0.0006333087891649133,,1.8696907870385844
B0007,20,10,24,3551.25,40.052021854718284,1.8688247067658061,0.0006561444481485888,,1.870052380139199
B0007,22,11,24,3530.25,40.1213838436794,1.7896213776724978,0.0006824476273216242,,1.8700442394188577
B0007,25,12,24,3491.016,40.174657039770814,1.910336108594535,0.000655571076935909,,1.8596518987766364
B0007,27,13,24,3470.281,40.016434730174936,1.9086884059809102,0.0006599934981708645,,1.8590746560862206
B0007,29,14,24,3470.0,40.16569230743226,1.7868782934275431,0.0006948787758942748,,1.8590084577709232
B0007,31,15,24,3450.297,39.46139677634257,2.1361343961784502,0.000597954896650184,,1.8593622586957048
B0007,33,16,24,3429.407,39.5636595172155,2.0133501283179167,0.0006373513720093563,,1.8587355450601035
B0007,35,17,24,3409.484,39.628948319501816,1.8575547668336483,0.0006867476735751348,,1.847817291322145
B0007,37,18,24,3390.422,39.225347214914876,2.1657556124208934,0.0005995600591913051,,1.8485252916137047
B0007,39,19,24,3390.281,39.4126321606434,2.0270686341513207,0.0006404121388337436,,1.848378951850034
B0007,42,20,24,3591.734,39.95874037686836,1.905311669649934,0.0006378397712771153,(0.03816813609946085+0j),1.8807805437609766
B0007,46,21,24,3552.297,40.31302300333008,1.7951975189442124,0.0006761149917764443,(0.03971312292013592+0j),1.8814721597443598
B0007,50,22,24,3531.578,39.359447242364645,2.1058524852518143,0.0005921486754302987,(0.03840146399106517+0j),1.8810954313244785
B0007,54,23,24,3492.907,39.454159451189874,1.846021007590992,0.0006730444298755843,(0.0371051772037323+0j),1.8710089649779995
B0007,58,24,24,3511.594,39.641748274009444,1.7370300333706354,0.000700425971379297,(0.037833946033938984+0j),1.8701995151941375
B0007,62,25,24,3431.9370000000054,38.86906912217273,2.0506492642329937,0.000625443005439553,(0.037520425405365855+0j),1.8706715362800985
B0007,66,26,24,3431.125,39.11839966443177,1.8254369744762284,0.0006910525371742014,(0.03739727137150672+0j),1.8596124644020169
B0007,70,27,24,3412.406,38.68010761281634,2.134879000684994,0.0006042397381864692,(0.03591968009886427+0j),1.860033909718346
B0007,74,28,24,3410.688,38.863045678198645,1.970455493406623,0.0006527238947951593,(0.03738579892114978+0j),1.8591653109160768
B0007,78,29,24,3410.718,39.14531169811219,1.8132694309760007,0.000698917205227169,(0.03789058841967389+0j),1.8481398178778288
B0007,82,30,24,3392.719,38.8380564174779,2.0483657324095637,0.0006330310500141103,(0.03715722957533256+0j),1.849201702126164
B0007,86,31,24,3470.672,38.95965174080089,2.181560983985832,0.0005834518784830577,(0.04119201955867326+0j),1.8834677437950846
B0007,90,32,24,3414.109,39.053875772291974,2.1177799354077496,0.0006108205075567513,(0.041759405414555945+0j),1.8628211117905844
B0007,94,33,24,3395.219,38.699551697978606,2.1637448793153697,0.0006006246277473898,(0.04232704798626884+0j),1.852085039652352
B0007,98,34,24,3386.0,38.6052414906155,2.0456561472058055,0.0006370627019095122,(0.03967286398299121+0j),1.8469504648208708
B0007,102,35,24,3368.187,38.42604747702835,2.1356202266992863,0.0006136965795300025,(0.04046536725285732+0j),1.836828431169018
B0007,106,36,24,3368.266,39.0468968949422,2.042987153745025,0.0006411168181300453,(0.04083099544598788+0j),1.8371619619672275
B0007,110,37,24,3358.719,38.836764958613884,1.9786162394118947,0.0006622103035375613,(0.04078701229987664+0j),1.8316722583718854
B0007,114,38,24,3339.5,38.49981470604549,2.15845357648832,0.0006122718220693209,(0.03981735939635393+0j),1.8211470951317783
B0007,118,39,24,3331.265,38.582340147970775,2.092603698932653,0.0006334630726093643,(0.03879098770177327+0j),1.816506091511515
B0007,122,40,24,3321.188,38.787499833494046,2.1528886431678034,0.0006172059795365958,(0.04135849902166442+0j),1.8113815601504555
B0007,126,41,24,3321.844,39.31221126031847,2.0537418826405966,0.0006470673860538793,(0.04198813216408782+0j),1.8116056333939583
B0007,130,42,24,3311.828,39.40567993360536,2.0793300586339956,0.0006412083025136506,(0.0410635565050997+0j),1.8060548955557403
B0007,134,43,24,3327.391,39.32802757827611,2.0759793304520757,0.0006371884073362105,(0.0397095688006817+0j),1.8132041826994056
B0007,136,44,24,3312.078,38.6112528181758,2.0674349483094465,0.0006452270375809329,(0.0397095688006817+0j),1.8062641938283535
B0007,140,45,24,3293.172,38.569726951286874,2.037264031192436,0.0006573760896672855,(0.04658869845988432+0j),1.7958310249900458
B0007,144,46,24,3275.328,38.34572083526661,2.1632674190148338,0.0006227265713355479,(0.045058966847244336+0j),1.7858852600390451
B0007,148,47,24,3265.016,38.482540634946716,2.106631526845483,0.0006416995109328391,(0.04581384765227875+0j),1.7803268604502753
B0007,150,48,24,3328.937,41.0499421893331,2.1809272860788376,0.0006040934593701012,(0.04581384765227875+0j),1.8150756899575577
B0007,154,49,24,3329.266,40.361944885615415,2.1773498094527195,0.0006085642039431427,(0.04888655382152031+0j),1.8157025154845838
B0007,158,50,24,3301.579,39.6676965288026,2.180136101967249,0.0006126375719032506,(0.04805522182634865+0j),1.8002432178056673
B0007,162,51,24,3283.563,39.481181404811096,2.1286295199076855,0.0006318279929154891,(0.047509200748586077+0j),1.7904476205609308
B0007,166,52,24,3275.125,39.419051143069204,2.155901281560187,0.0006249164807002928,(0.048179914298366426+0j),1.780343032300132
B0007,170,53,24,3265.656,39.72196117128354,2.067103728219671,0.0006541229214887856,(0.04853240735824653+0j),1.775328769596812
B0007,174,54,24,3266.093,40.041366724781085,2.0619831864543094,0.000655435725869968,(0.04974625536405859+0j),1.7702629734732853
B0007,178,55,24,3257.594,39.66314441864834,2.143037413381466,0.000632228573659804,(0.04989362821249148+0j),1.760081061854204
B0007,182,56,24,3248.593,39.84751541049116,1.9929057988209282,0.0006797925708125779,(0.04762093306188868+0j),1.749647593537689
B0007,186,57,24,3238.766,39.743357771631004,2.0335961968180234,0.000669672508071968,(0.04647996212810349+0j),1.749650075059311
B0007,190,58,24,3240.14,40.07246786936068,2.0213017345171265,0.0006731287832251018,(0.04796925031131609+0j),1.745028739214683
B0007,194,59,24,3230.109,40.247716114003914,2.0789964919635966,0.000657406364674044,(0.04822541815588505+0j),1.7396457455286727
B0007,198,60,24,3229.7810000000027,40.27220819224188,1.9925354808829658,0.0006841810873553821,(0.04908955036286932+0j),1.7285642277717963
B0007,202,61,24,3212.469,39.89848456781458,2.14041602578448,0.000642098716831683,(0.048817413924019566+0j),1.723900324588418
B0007,206,62,24,3213.219,40.0571305311587,2.006753861515003,0.0006834110522523848,(0.04889219507251717+0j),1.7139788776485192
B0007,210,63,24,3203.578,40.240711749549135,2.121868132176415,0.000649598346078001,(0.04742321873077289+0j),1.7139701997004613
B0007,214,64,24,3195.125,40.12941739090177,2.0119648758828452,0.0006852602652238897,(0.048460437754935325+0j),1.7036521173638766
B0007,216,65,24,3195.3129999999946,40.3959693732437,2.0744390946376323,0.0006665591161254937,(0.048460437754935325+0j),1.7040137474382486
B0007,220,66,24,3186.297,40.18751058333668,2.188793384556236,0.0006318961779154121,(0.04890922045962195+0j),1.6935716157343033
B0007,224,67,24,3176.438,40.14605167557969,2.1739523632140685,0.0006384664581906873,(0.05049341528042814+0j),1.6876577363877656
B0007,228,68,24,3167.593,40.18846095484838,2.1783847786257136,0.0006390391172437172,(0.049653807534869046+0j),1.6830744356583152
B0007,232,69,24,3167.719,40.2789498830108,2.191481814157953,0.0006347932708050271,(0.049804698569480284+0j),1.6779270142025482
B0007,236,70,24,3159.077999999994,40.310727434969614,2.1753473356526807,0.0006418038915233546,(0.04960142143548596+0j),1.6732060275966172
B0007,240,71,24,3148.829,40.31733812871393,2.1832922624558813,0.0006411654449748893,(0.04933286951263678+0j),1.6674367208253988
B0007,244,72,24,3149.094,40.332563430145015,2.192864020990023,0.0006381110643769415,(0.048245150285560964+0j),1.6622662630667526
B0007,248,73,24,3140.547,40.431258866851486,2.1560972126643922,0.0006514470443255756,(0.05001512861656075+0j),1.6574243065763063
B0007,252,74,24,3131.625,40.46247985933005,2.138540138129487,0.0006587823847994608,(0.047456705587096075+0j),1.652538684928734
B0007,256,75,24,3121.907,40.40103455658551,2.1646493163558524,0.0006525860494049238,(0.048886406569936064+0j),1.6472174627573322
B0007,260,76,24,3122.125,40.4426971996319,2.1187211383693167,0.0006672777140020443,(0.04904240478915373+0j),1.6364136810898071
B0007,264,77,24,3121.672,40.26214977673693,2.1377868706438155,0.0006621163816024139,(0.04861981736892422+0j),1.6362554312048496
B0007,266,78,24,3120.86,40.645668361956844,2.103155697792567,0.0006731505404074377,(0.04861981736892422+0j),1.641119179218384
B0007,270,79,24,3103.828,39.95209030011925,2.186737546753024,0.0006492781974556206,(0.04830739180756976+0j),1.6315700789656966
B0007,274,80,24,3095.094,40.165034583244065,2.1007747911593695,0.0006788179552329205,(0.04807714089362054+0j),1.621213282987236
B0007,278,81,24,3095.781,40.36674175781141,2.1417010068719846,0.0006655895656393544,(0.048897202430558395+0j),1.6164273214762122
B0007,282,82,24,3094.328,40.88269125311642,2.0912297625621297,0.0006819441839289431,(0.05060519273798081+0j),1.615823510161921
B0007,286,83,24,3086.531,40.856332202254556,2.1663009505205935,0.0006594197896032775,(0.05513227508897388+0j),1.61672418029789
B0007,290,84,24,3085.625,40.778024611598504,2.1843637809529235,0.0006537751344749039,(0.052122387063300676+0j),1.6108655863730026
B0007,294,85,24,3067.203,40.5829305350897,2.113995772639173,0.0006809367970351536,(0.05077571807567494+0j),1.6006603374309376
B0007,298,86,24,3058.157,40.6345689985191,2.0287779476202195,0.0007104587495316374,(0.05126724930337932+0j),1.5959174487005663
B0007,302,87,24,3058.812,40.75070125010339,2.1948906641943635,0.0006559547189987782,(0.051355678502895456+0j),1.5962179519462243
B0007,306,88,24,3058.578,41.0672419235651,2.1621122251410005,0.0006667839287409493,(0.05194895745860293+0j),1.5958065114633972
B0007,310,89,24,3049.328,41.40590880756584,2.0092802451741245,0.0007188817494464063,(0.05128667477654547+0j),1.5906507821480704
B0007,313,90,24,3177.219,41.01558674901627,2.144268362237989,0.0006575111987754378,(0.05502813794451862+0j),1.6888211161855506
B0007,316,91,24,3082.937,41.31851435911838,2.0962813773920193,0.0006836456084707559,(0.05527266157182866+0j),1.6259938279733204
B0007,320,92,24,3074.266,41.4002950560853,2.0376560852489356,0.0007040348226870745,(0.05324102311684918+0j),1.6157433862812898
B0007,324,93,24,3066.0,41.2508092329952,2.050265845971926,0.0007016722205204267,(0.05273469991494585+0j),1.6056626764846538
B0007,328,94,24,3056.437,40.95362783962595,2.1421639870693685,0.0006736766972515248,(0.054101669766115246+0j),1.5949746921524348
B0007,332,95,24,3048.219,40.989022190981714,2.093098662464846,0.0006917357138293148,(0.053379437619037746+0j),1.5904102438871945
B0007,336,96,24,3039.218,41.02622774121347,2.109503853325003,0.0006884160183771356,(0.05523767045005179+0j),1.5853517062988178
B0007,340,97,24,3039.047,41.01371342582121,2.1295447836320704,0.0006816878231197332,(0.054439338280930595+0j),1.5799737147242376
B0007,344,98,24,3030.375,41.04923314430273,2.138556110583413,0.0006808533146075044,(0.05405487569096337+0j),1.5752185465278068
B0007,348,99,24,3021.0,41.05277512550887,2.1437793669909317,0.0006810397562154959,(0.05335322659418541+0j),1.569798484648868
B0007,352,100,24,3021.75,41.02092182377061,2.199196544880164,0.0006625606187470973,(0.05354779689154472+0j),1.5702565375950357
B0007,356,101,24,3012.265,41.34840278359994,2.0252901014990434,0.0007222948116704114,(0.05429631089195726+0j),1.565249873909438
B0007,360,102,24,3002.641,41.23753665797544,2.0874226328484515,0.0007040668746789451,(0.054140507846383475+0j),1.559633933561147
B0007,364,103,24,3012.0,41.21700308433066,2.0863200514042264,0.0007004800449331213,(0.05497736185369785+0j),1.5649820533392105
B0007,367,104,24,3020.11,41.89753189273277,2.0588247910323827,0.0007107097444287397,(0.05427616393971161+0j),1.57497949984227
B0007,371,105,24,3002.172000000006,41.90270996402953,2.007722684403967,0.0007307333339109243,(0.054523978157317556+0j),1.5652811168780458
B0007,375,106,24,2992.703,41.48233804274523,2.190682586389996,0.0006720436137463713,(0.05441238770330601+0j),1.559755497470126
B0007,379,107,24,2964.468,41.641162265997195,2.008435320437976,0.0007392321983446928,(0.05451219205855288+0j),1.549897685670499
B0007,383,108,24,2983.375,41.433877603827945,2.1646360641399958,0.0006825235411292432,(0.052351911552094406+0j),1.5438771531345021
B0007,387,109,24,2975.297,41.8543569979417,2.0647427536919833,0.0007182066965719646,(0.055582769847162185+0j),1.5450187488690073
B0007,391,110,24,2974.9850000000006,41.78271326384125,2.170172617792397,0.0006826845991332565,(0.05474089300471066+0j),1.5445940154102908
B0007,395,111,24,2966.25,41.62744766181303,2.120750718982474,0.0007012423170172623,(0.055237233438058246+0j),1.5343086721758876
B0007,399,112,24,2956.359,41.552128441464966,2.13627215665258,0.0006981905166215574,(0.0572653476857599+0j),1.5287603942958483
B0007,403,113,24,2956.344,41.839167194182565,2.0938572364769055,0.0007130206221301694,(0.05107064795051435+0j),1.5289260249179843
B0007,407,114,24,2956.406,42.23998716092915,1.9959465760122976,0.0007457445488381308,(0.05508857873132331+0j),1.529091650133123
B0007,411,115,24,2947.266,42.040902384977116,2.0305769860653866,0.0007361538901823498,(0.055778574185470456+0j),1.5239059324661248
B0007,415,116,24,2937.984,41.803429062834496,2.0758803797636745,0.0007232151677030414,(0.058454793092531966+0j),1.5186675419100615
B0007,419,117,24,2929.125,41.6886924602386,2.0793549048242492,0.0007241125964922824,(0.05487289835073646+0j),1.5136482266426952
B0007,423,118,24,2928.454,41.988171601182124,2.0585109366080414,0.0007315992358476543,(0.0568991758337347+0j),1.5136050185229033
B0007,427,119,24,2929.375,42.33252236723314,2.0253107306977376,0.0007428827114673846,(0.05574285095910161+0j),1.5139470614867965
B0007,431,120,24,2946.031,41.63553796804361,2.0069579017420067,0.000741950884282884,(0.05446434802277253+0j),1.5339599193158786
B0007,433,121,24,2955.438,41.470498076928735,2.19792648712031,0.0006789773797976622,(0.05446434802277253+0j),1.5391372798653098
B0007,437,122,24,2937.625,41.54038193238441,2.0299415196572554,0.0007390507542933189,(0.05604258367132115+0j),1.5236247972838737
B0007,441,123,24,2929.078,41.13947017697289,2.1171503915767786,0.0007114476794794913,(0.05719697967170129+0j),1.5135813035589147
B0007,445,124,24,2918.375,41.09041922644824,2.1309899052747716,0.0007092208590888831,(0.05533954029001459+0j),1.5077850749847914
B0007,449,125,24,2919.812,41.10034021580957,2.1294318317485654,0.0007094915170630822,(0.057050602535577005+0j),1.5031960676037333
B0007,453,126,24,2900.422,41.03075447325996,2.164511453629433,0.0007019418878459683,(0.0577616170406075+0j),1.4978220596995881
B0007,457,127,24,2901.375,40.99688397371006,2.1743012710834013,0.0006982770291252922,(0.057585488535843915+0j),1.492848534633516
B0007,461,128,24,2901.187,40.88481342461614,2.1928976284966537,0.0006918733718951192,(0.05670666348649182+0j),1.492414389867026
B0007,465,129,24,2891.64,41.09400879501426,2.0298495899147295,0.0007506479239281165,(0.05871571908588068+0j),1.487482776538081
B0007,469,130,24,2882.906,41.01377835587309,2.0959492247836815,0.0007299377425654093,(0.057109751399146834+0j),1.482535148640411
B0007,473,131,24,2883.265,40.90635248178393,2.177723491219515,0.0007013417608689927,(0.05701776890792207+0j),1.4827874322228984
B0007,477,132,24,2882.969,41.06596192416311,2.056251340337525,0.0007437421164734189,(0.05771468674207234+0j),1.476971179775059
B0007,481,133,24,2891.656,40.84520330629611,2.1512510632923165,0.0007061097044376744,(0.0568683507839505+0j),1.4819015554137276
B0007,483,134,24,2901.25,41.12807910254104,2.1693699073642034,0.0007010778730110607,(0.0568683507839505+0j),1.4981366198874824
B0007,485,135,24,2891.703,41.094988453128494,2.116759239247948,0.0007211342073812374,(0.0568683507839505+0j),1.4820775214392872
B0007,489,136,24,2883.016,41.11877573165318,2.009424225590032,0.0007598509398740254,(0.0546567857524269+0j),1.4771155312812152
B0007,493,137,24,2873.453,40.980034990626955,2.0034792344341588,0.0007643345563071518,(0.05855396288691582+0j),1.4720772783056488
B0007,497,138,24,2874.031,41.017509953482886,2.172988732474185,0.000705230538084206,(0.058279853382820955+0j),1.472248013656454
B0007,501,139,24,2874.234,41.299420742573055,2.087464676179042,0.000735113216410718,(0.06554333401316845+0j),1.4670106672274665
B0007,505,140,24,2864.984,41.105738037939375,2.110564313669325,0.0007293601955530482,(0.06343709105065118+0j),1.4617672495335379
B0007,509,141,24,2855.093,40.87704013237699,2.0724687293779813,0.0007451395973796138,(0.064090710272644+0j),1.4566952670489708
B0007,513,142,24,2855.625,40.730219862268235,2.1253826973270513,0.0007263493332444878,(0.0649449108692077+0j),1.451354972758956
B0007,517,143,24,2855.594,41.03226257370644,2.1147331324879475,0.0007302221188069363,(0.06309122315038551+0j),1.451615926257375
B0007,521,144,24,2847.437,40.89527781087817,2.1738445330859366,0.0007115575651024883,(0.0635675339735441+0j),1.4468161332173683
B0007,525,145,24,2847.36,41.02491521192672,1.9947266977360072,0.0007746431797975193,(0.06354297240865986+0j),1.4467570607768785
B0007,529,146,24,2837.328,40.815968345794715,2.0033802121225017,0.0007740285060472725,(0.06362757826786986+0j),1.4413797481446793
B0007,533,147,24,2837.281,40.65138669632271,2.116470909151213,0.0007342367785386473,(0.06590148740383334+0j),1.4362456252208178
B0007,537,148,24,2838.515,40.965385542419945,2.051877342511651,0.000756530440831913,(0.06434871776064219+0j),1.4368154153924828
B0007,541,149,24,2828.328,41.11319128215138,2.003221375307111,0.0007767362966566136,(0.06476902315692028+0j),1.4362945145860047
B0007,545,150,24,2838.265,40.78738321989129,1.9865974995249178,0.0007763164348117814,(0.06353069093235883+0j),1.4418575315878015
B0007,548,151,24,2864.547,40.73001188190229,2.1908121182442706,0.0007023304211491647,(0.06422481176747886+0j),1.4672063484781797
B0007,552,152,24,2846.39,40.990354594470126,2.033261415031626,0.0007609375685503775,(0.06643642479689273+0j),1.4518640367848885
B0007,556,153,24,2837.969,40.62521315513875,2.19135439601875,0.0007076484513938871,(0.06329811599005293+0j),1.4471379752748499
B0007,560,154,24,2838.156,40.58944296824891,2.1840705012733683,0.0007103055255198,(0.06145601214896925+0j),1.441790586562399
B0007,564,155,24,2829.843,40.584393586876246,2.1664368343684446,0.0007183827031360966,(0.06382375412452716+0j),1.431630947911111
B0007,568,156,24,2829.625,40.884444140401214,1.987193667465448,0.0007817132139814608,(0.06454679946231442+0j),1.4318084249673686
B0007,572,157,24,2819.437,40.65159637790841,2.1314172797434523,0.0007335616109854111,(0.06249691986052604+0j),1.4262562585106868
B0007,576,158,24,2819.579,40.53138082339522,2.188995882590831,0.0007129423552763092,(0.06334787344507525+0j),1.4260877528924913
B0007,580,159,24,2810.672,40.821433488540606,2.0322464946417114,0.0007709213588725916,(0.06729379539953537+0j),1.4212633510031694
B0007,584,160,24,2811.485,40.643362943412974,2.1695130053947387,0.0007221687966758667,(0.06579546046710036+0j),1.4163272748795108
B0007,588,161,24,2802.422,40.97063567014205,1.9917978280585305,0.0007874910885588156,(0.06706903713310808+0j),1.4165781829175994
B0007,592,162,24,2801.625,40.74888323397497,2.1534486462617073,0.000730214200301585,(0.06490942889368799+0j),1.4108401729425177
B0007,596,163,24,2802.031,40.93461596721165,2.0101572712330453,0.0007811454352385192,(0.06468467106868281+0j),1.4109949628347804
B0007,600,164,24,2793.39,40.74175890345818,2.132718741006573,0.000739844762123664,(0.06476607440681181+0j),1.4061714290398801
B0007,604,165,24,2793.39,41.00964443691023,2.0114763339798887,0.0007831053458335126,(0.06468646287403104+0j),1.4063358479692922
B0007,608,166,24,2792.485,40.80558697887537,2.1610456063312298,0.0007295924930063578,(0.06492526583837316+0j),1.4004552399066514
B0007,612,167,24,2802.016,40.92586026351328,2.0143553387267827,0.0007760597853674778,(0.06242528216023714+0j),1.4217865046055154
B0007,614,168,24,2820.39,40.57390100608222,2.1732119934933296,0.000720417959629921,(0.06242528216023714+0j),1.4324552720625434
B0018,3,1,24,3434.891,38.10180309676608,2.4721608434600437,0.0004995893899360969,(0.06515815158455215+0j),1.8550045207910817
B0018,7,2,24,3425.485,38.14987995994155,2.4114381994148304,0.0005182522647011136,(0.06269644718508349+0j),1.8431955317089987
B0018,11,3,24,3410.375,37.5266914843442,2.394395968141027,0.0005261636160223784,(0.06137843058604763+0j),1.8396018424355423
B0018,15,4,24,3404.719,37.06279237079503,2.3999481734774424,0.0005254257948520037,(0.06133724861449716+0j),1.8306736044962053
B0018,18,5,24,3417.641,38.2110354381278,2.3851461229395867,0.00052807263677437,(0.06143403300566526+0j),1.8327002069419656
B0018,20,6,24,3411.766,38.17496505957075,2.3716770708389117,0.0005331058786617606,(0.06143403300566526+0j),1.8285288846046388
B0018,22,7,24,3399.516,37.64038685475582,2.4964491577040793,0.0004982694441502911,(0.06143403300566526+0j),1.8212011895697924
B0018,24,8,24,3388.75,37.37602884738843,2.4374506721131883,0.0005172561642898116,(0.06143403300566526+0j),1.8151700106433282
B0018,27,9,24,3380.406,37.28928029078695,2.4152206992194847,0.0005245810266605827,(0.06246407536667202+0j),1.8042980520967649
B0018,30,10,24,3404.141,37.52377766578506,2.377432309524995,0.0005329866870725108,(0.05911226141914418+0j),1.8231002302844226
B0018,32,11,24,3396.141,37.72420412562674,2.3887487262583647,0.000530587712113171,(0.05911226141914418+0j),1.8121253520255494
B0018,34,12,24,3384.094,37.41366095304306,2.432289857016922,0.000519481271577712,(0.05911226141914418+0j),1.8046916382117766
B0018,36,13,24,3370.656,36.94724908852665,2.497495633221204,0.0005020416655823334,(0.05911226141914418+0j),1.790844349786295
B0018,39,14,24,3357.797,36.707091312059944,2.478768686108376,0.0005091391006679899,(0.06105488892245489+0j),1.783470722841926
B0018,42,15,24,3363.015,37.13061214416645,2.3858494078680206,0.000537521777542784,(0.06100929812130678+0j),1.7809386125310702
B0018,44,16,24,3357.734,37.686600065941576,2.372854084449551,0.0005412531062554908,(0.06100929812130678+0j),1.771209039672698
B0018,46,17,24,3344.187,37.633580732302406,2.4086912736769084,0.0005328845866453377,(0.06100929812130678+0j),1.7686303996707076
B0018,48,18,24,3339.969,37.15252578645951,2.496331992137246,0.0005070057196376105,(0.06100929812130678+0j),1.7536304801917124
B0018,51,19,24,3327.641,36.78829001793698,2.4199896352919668,0.0005312009347979441,(0.06064904573360479+0j),1.7462197416415093
B0018,54,20,24,3312.844,36.541146197392216,2.3587321881999297,0.0005530814322196493,(0.06219481868267621+0j),1.7376647337053737
B0018,56,21,24,3302.031,36.372087786130464,2.4458096660548825,0.0005284286017807728,(0.06219481868267621+0j),1.7315166735475835
B0018,58,22,24,3305.547,36.52608510498833,2.3808537751929744,0.000546059155273863,(0.06219481868267621+0j),1.7085949894470602
B0018,60,23,24,3289.562,36.476252762052624,2.436955746154759,0.0005323363418579486,(0.06219481868267621+0j),1.711469957068211
B0018,63,24,24,3283.797,36.377208902376694,2.4671365731790713,0.0005241389290127449,(0.06106479153135479+0j),1.7075021373272627
B0018,66,25,24,3325.235,36.64000948247426,2.4129371999368505,0.0005343044644940282,(0.0595969662678692+0j),1.7492382064360228
B0018,68,26,24,3317.547,37.38165499248184,2.3497771039810256,0.0005547392836266435,(0.0595969662678692+0j),1.7327697147429955
B0018,70,27,24,3311.766,37.59824760372582,2.4904700018477026,0.0005129230196510052,(0.0595969662678692+0j),1.7222313328292376
B0018,72,28,24,3305.218,37.560555155163414,2.4650908929255406,0.000521762987846473,(0.0595969662678692+0j),1.711846298984729
B0018,75,29,24,3295.453,37.52114200586718,2.363133281953362,0.0005536589590882636,(0.06287106178477314+0j),1.699267835126687
B0018,78,30,24,3287.0,37.21887096740918,2.4790616361836206,0.0005205822092196704,(0.06095075041521759+0j),1.6940366439243106
B0018,80,31,24,3276.922,37.33441415744885,2.491905723274248,0.0005181296294821402,(0.06095075041521759+0j),1.6819027078768087
B0018,82,32,24,3268.687,37.7331798444306,2.4337177596826547,0.0005372581318772177,(0.06095075041521759+0j),1.6769770618433686
B0018,84,33,24,3260.594,37.84649344841882,2.4424506461535755,0.0005353806409898566,(0.06095075041521759+0j),1.6655229306478936
B0018,87,34,24,3258.812,37.670164941661795,2.4383419399858552,0.0005363999851494664,(0.06279037977354894+0j),1.6571924575832084
B0018,90,35,24,3243.422,37.53185198546868,2.4157245398944123,0.0005470892115206397,(0.062054327669918884+0j),1.6482241555294048
B0018,92,36,24,3236.515,37.593333753421376,2.323395712524894,0.0005767223281675181,(0.062054327669918884+0j),1.6387701497987262
B0018,94,37,24,3230.734,37.361410110678264,2.4985039496028567,0.0005230253152189392,(0.062054327669918884+0j),1.6276486907262062
B0018,96,38,24,3222.093,37.899803246715464,2.350237238739749,0.0005709030803384106,(0.062054327669918884+0j),1.62215370227252
B0018,99,39,24,3220.344,38.03149707759718,2.3337740352348813,0.0005752372688446489,(0.06126874046942329+0j),1.6140066510467586
B0018,102,40,24,3250.75,37.42220155418978,2.317647291087635,0.0005758603311047921,(0.0627057717757101+0j),1.6760516154424623
B0018,104,41,24,3239.344,37.32511174435206,2.492394514304757,0.000523004574292486,(0.0627057717757101+0j),1.649300642552199
B0018,106,42,24,3222.25,37.31088262198154,2.372828310153791,0.00056374836585929,(0.0627057717757101+0j),1.63238299185809
B0018,108,43,24,3206.157,37.232346556887364,2.3560703177076867,0.0005715513890652519,(0.0627057717757101+0j),1.6164159719025777
B0018,111,44,24,3197.969,36.94850857727268,2.4644431530094417,0.0005391927048655982,(0.060230110173563736+0j),1.6109028378249377
B0018,114,45,24,3181.625,37.002663545357386,2.4195167274486726,0.0005560429782660321,(0.061801794410442104+0j),1.5954638693695657
B0018,117,46,24,3302.36,36.71025442949399,2.3422406504312434,0.0005590624732958051,(0.061801794410442104+0j),1.726707440085764
B0018,119,47,24,3285.812,36.72807623650589,2.3755467142668496,0.0005520779040553308,(0.061801794410442104+0j),1.7165673917429753
B0018,121,48,24,3260.016,36.72959308355185,2.4146291375325917,0.0005444623124933631,(0.061801794410442104+0j),1.6958235570934848
B0018,123,49,24,3240.031,36.787462351640364,2.3844645496129964,0.000557064650545886,(0.061801794410442104+0j),1.6777783190792557
B0018,125,50,24,3232.265,36.75689163314213,2.398646371281655,0.0005534694616754779,(0.061801794410442104+0j),1.6606586897774192
B0018,128,51,24,3232.031,37.350157630970955,2.4557130111721626,0.000536231346776356,(0.06335998574164574+0j),1.6664109274827466
B0018,130,52,24,3209.5149999999994,37.48126030855565,2.323665882820083,0.0005812517570600712,(0.06335998574164574+0j),1.6468336174407805
B0018,132,53,24,3196.125,37.125443897626305,2.488054079510012,0.0005314951081693125,(0.06335998574164574+0j),1.6257639928779952
B0018,134,54,24,3172.562,37.19112571388883,2.3306937114568003,0.0005853927797264286,(0.06335998574164574+0j),1.6121577411874595
B0018,136,55,24,3172.735,37.17642722353301,2.389399831578687,0.0005672574887480967,(0.06335998574164574+0j),1.6057366823755344
B0018,141,56,24,3238.109,37.11936678632194,2.4864200723178747,0.0005265016041624902,(0.06088396756004627+0j),1.673645314879889
B0018,143,57,24,3191.063,37.2702464066457,2.4673631110639858,0.0005400285492864151,(0.06088396756004627+0j),1.6404348572349936
B0018,145,58,24,3165.828,37.39550861947664,2.375173080957567,0.0005729891827261193,(0.06088396756004627+0j),1.6132653317422077
B0018,147,59,24,3140.407,37.378956702246384,2.371626022111289,0.000577709252449103,(0.06088396756004627+0j),1.5920964324686278
B0018,150,60,24,3131.922,37.245718322158105,2.463955873060647,0.0005501258010204274,(0.062318942746054214+0j),1.5866011820698824
B0018,153,61,24,3121.109,37.21755583353321,2.475545296633258,0.0005491737029339981,(0.0619094323498869+0j),1.5800766490336253
B0018,155,62,24,3105.265,37.56150979821064,2.3791563087604626,0.0005830911065195786,(0.0619094323498869+0j),1.5641732953289167
B0018,157,63,24,3091.25,37.4174791317661,2.4776158338943337,0.0005535862399176931,(0.0619094323498869+0j),1.555618272193922
B0018,159,64,24,3076.703,37.55101533655474,2.4205549690097223,0.0005745325009425749,(0.0619094323498869+0j),1.5402045278637397
B0018,162,65,24,3062.328,37.59895044072871,2.415388497112405,0.0005783396053146799,(0.06328841535782422+0j),1.5321613015959863
B0018,165,66,24,3050.563,37.489239782169804,2.3974205597873093,0.0005874806432537223,(0.06244245641291251+0j),1.5316232403693415
B0018,167,67,24,3034.672,37.37911114363861,2.497752653580319,0.0005574062404521097,(0.06244245641291251+0j),1.5222595950771978
B0018,169,68,24,3031.25,37.559604168615785,2.3726090777895896,0.0005984936940280194,(0.06244245641291251+0j),1.5065267126851283
B0018,171,69,24,3011.343,37.61805450748922,2.36844257542991,0.0006044319626485204,(0.06244245641291251+0j),1.5014219556532926
B0018,174,70,24,3003.0,37.71101994346608,2.331968556073514,0.0006174914872744331,(0.06272459952717446+0j),1.4963534117486457
B0018,177,71,24,3045.187,37.767989299214086,2.4057755306304176,0.0005850572854669797,(0.06319723456202592+0j),1.5334262000312422
B0018,179,72,24,3028.469,37.91919394450186,2.4720838848798987,0.0005669020814153313,(0.06319723456202592+0j),1.523845267514426
B0018,181,73,24,3012.937,37.99328509003338,2.342731326096539,0.0006115423034852347,(0.06319723456202592+0j),1.5011920994261239
B0018,183,74,24,2998.875,37.984838024989045,2.4198650452188226,0.0005895986560451695,(0.06319723456202592+0j),1.492417671450291
B0018,185,75,24,2983.547,37.8288851383529,2.438879997223475,0.0005862214815782415,(0.06319723456202592+0j),1.483323851940123
B0018,188,76,24,2966.86,37.844837975501,2.430465824271706,0.0005924869352140754,(0.06332864514547537+0j),1.4807376792294196
B0018,190,77,24,2954.797,37.8984610468502,2.4907267597860656,0.0005742129738843851,(0.06332864514547537+0j),1.4735077809902477
B0018,192,78,24,2945.735,38.27784043980244,2.3678328028644775,0.0006181221802597148,(0.06332864514547537+0j),1.46801928526661
B0018,194,79,24,2941.375,38.24434303919528,2.3532703553328904,0.0006238335182191468,(0.06332864514547537+0j),1.4580923557119019
B0018,197,80,24,2923.953,38.06956259266949,2.362897904778893,0.000623002588353777,(0.06438276069827963+0j),1.4478660988891399
B0018,200,81,24,2921.031,37.81744565252647,2.420200016704328,0.0006068294432839849,(0.06322621852227772+0j),1.4527808777541982
B0018,202,82,24,2902.75,37.902567770354786,2.472605886588914,0.000590911292288447,(0.06322621852227772+0j),1.4425356364492432
B0018,204,83,24,2897.875,38.16628336469349,2.483165462226557,0.000588324363882885,(0.06322621852227772+0j),1.4392712877203313
B0018,206,84,24,2892.094,38.36789486715962,2.4341986830086237,0.000606434096720771,(0.06322621852227772+0j),1.4286475681888218
B0018,209,85,24,2886.921,38.19823604401131,2.497859027600416,0.0005847248518149154,(0.06275964602343843+0j),1.4249026750004896
B0018,212,86,24,2942.531,38.099982807571635,2.3747408457948316,0.0006159726758397838,(0.06306423201152148+0j),1.4698115324524124
B0018,214,87,24,2912.469,38.214523782841354,2.3589340839760866,0.0006278991634897734,(0.06306423201152148+0j),1.4525819651050202
B0018,216,88,24,2895.594,37.939696536164234,2.4413266342198545,0.0006031610335337042,(0.06306423201152148+0j),1.442834198908794
B0018,218,89,24,2884.406,38.06666733482501,2.311419659807122,0.0006503160498004572,(0.06306423201152148+0j),1.428376058807949
B0018,220,90,24,2873.766,37.63260475617888,2.4953159238201255,0.0005873909062219152,(0.06306423201152148+0j),1.4154547844370715
B0018,223,91,24,2893.375,38.18223603956323,2.4398479869382084,0.0006056462497655592,(0.0654312939216661+0j),1.454576670077708
B0018,225,92,24,2884.9839999999967,38.3907466519188,2.376538319699514,0.0006274156585363938,(0.0654312939216661+0j),1.4283179548274056
B0018,227,93,24,2870.234,38.51622654624205,2.3722299202290382,0.0006322536903861788,(0.0654312939216661+0j),1.4197026883204058
B0018,229,94,24,2864.11,38.56612180540248,2.361475505115684,0.0006375329598725103,(0.0654312939216661+0j),1.4155606630306516
B0018,232,95,24,2846.64,38.5606541602861,2.317937855025735,0.0006557415581019682,(0.0640350502034096+0j),1.405680035419228
B0018,235,96,24,2839.532,38.53842073636507,2.3372859753156225,0.0006513242498470288,(0.06431683619311312+0j),1.4084461071166137
B0018,237,97,24,2832.703,38.548873480234754,2.3528810264952194,0.000647533845640399,(0.06431683619311312+0j),1.3968547782872414
B0018,239,98,24,2827.077999999994,38.45838357496903,2.4646122144537173,0.0006092807055378621,(0.06431683619311312+0j),1.3935670371440676
B0018,241,99,24,2821.531,38.54382874673793,2.4684655225527004,0.0006092088976566603,(0.06431683619311312+0j),1.3893644292809475
B0018,244,100,24,2805.156,38.650883957434026,2.4092923539400735,0.0006331389700187678,(0.06546443423939434+0j),1.3785651415666713
B0018,247,101,24,2814.906,38.45654834997334,2.477625480372779,0.0006071325450476057,(0.06545297065463919+0j),1.384901110085747
B0018,249,102,24,2801.156,38.6564130442344,2.335608852853518,0.0006601281689345687,(0.06545297065463919+0j),1.3703251814242443
B0018,251,103,24,2794.187,38.655587491253975,2.441999086782534,0.0006245741210245975,(0.06545297065463919+0j),1.3733464385229082
B0018,253,104,24,2785.391,38.6997087046862,2.4651687831472158,0.00061784489988983,(0.06545297065463919+0j),1.3679487285504814
B0018,256,105,24,2779.5,38.87481687744787,2.370892032033162,0.0006521202969703712,(0.06605675981972527+0j),1.3567141087089647
B0018,259,106,24,2899.234,37.363974526077364,2.461879783248223,0.0005950577836698207,(0.06550914978909368+0j),1.4604310209194575
B0018,261,107,24,2894.922,37.88258787662229,2.4247066368907255,0.0006088808521883888,(0.06550914978909368+0j),1.4500998937104097
B0018,263,108,24,2888.25,38.158980736604235,2.4447222974031386,0.0006034364531298383,(0.06550914978909368+0j),1.4381406901824496
B0018,265,109,24,2873.906,38.05243159675446,2.443569395327192,0.0006068533849649245,(0.06550914978909368+0j),1.4283681980964316
B0018,267,110,24,2847.406,37.89096376444466,2.4666000274194886,0.000603916017843811,(0.06550914978909368+0j),1.4147874517552432
B0018,270,111,24,2849.281,37.81203585126145,2.4272514813701016,0.0006176084051814385,(0.06602461415916355+0j),1.413889163393182
B0018,272,112,24,2833.688,37.9591954678784,2.4762628371779,0.0006031646795502506,(0.06602461415916355+0j),1.3989331662177225
B0018,274,113,24,2826.453,38.521043498835155,2.3607989727330003,0.0006458658399541853,(0.06602461415916355+0j),1.3953322584033976
B0018,276,114,24,2818.312,38.878687997701746,2.377011586588198,0.0006422879407902472,(0.06602461415916355+0j),1.390046129540245
B0018,279,115,24,2812.7189999999973,38.65118899876309,2.4567563196678455,0.0006145973898472816,(0.06528925688517716+0j),1.3860271454209647
B0018,282,116,24,2803.5,38.434235278537344,2.3277314025979847,0.0006653543662627136,(0.06297327821062598+0j),1.388215260193751
B0018,284,117,24,2783.25,38.103875724329995,2.4537913827403948,0.0006224559672677749,(0.06297327821062598+0j),1.3761826562394497
B0018,286,118,24,2776.391,38.12742842632319,2.3475608877759067,0.0006621726257387974,(0.06297327821062598+0j),1.3647168898640165
B0018,288,119,24,2766.516,38.03962943213698,2.3558347560196564,0.0006618148907539424,(0.06297327821062598+0j),1.3589854739373584
B0018,291,120,24,2751.516,37.85657903247749,2.3791102362944754,0.0006556549504961508,(0.06516852362411818+0j),1.3462308764008801
B0018,294,121,24,2848.859,37.43017193410286,2.444740635238248,0.0006133154781985053,(0.0637387678424481+0j),1.4268427818454643
B0018,296,122,24,2840.016,37.8264149292754,2.431867772331712,0.000617517967272438,(0.0637387678424481+0j),1.4064481483279663
B0018,298,123,24,2817.375,38.08307173716899,2.344037291947413,0.0006540830335982815,(0.0637387678424481+0j),1.3934907492075153
B0018,300,124,24,2809.234,37.88279649093536,2.456436863057259,0.0006158889675989598,(0.0637387678424481+0j),1.3882493512249316
B0018,302,125,24,2791.187,37.96027066990377,2.395547668334432,0.0006407164736433657,(0.0637387678424481+0j),1.3701878338420928
B0018,305,126,24,2794.016,37.880513353762176,2.4536749172979215,0.0006197759467709378,(0.06521856379431411+0j),1.3796951665608619
B0018,307,127,24,2774.719,38.43416278222213,2.3062728144586413,0.0006771883817997486,(0.06521856379431411+0j),1.3686586323935683
B0018,309,128,24,2777.844,38.847489737859576,2.3471092023857154,0.0006620862717330933,(0.06521856379431411+0j),1.3627371779096438
B0018,311,129,24,2781.125,38.80283421497622,2.4884289104730986,0.0006101585589282074,(0.06521856379431411+0j),1.3634051133928073
B0018,314,130,24,2760.906,38.72699121838442,2.3992178234155577,0.0006455086553806385,(0.06590455963486774+0j),1.3518646035305233
B0018,317,131,24,2753.25,38.67191958148309,2.2786338886500292,0.0006924974182123215,(0.06606850271516486+0j),1.3547969729652622
B0018,319,132,24,2742.843,38.371813640118894,2.3655846763383734,0.0006636102346556557,(0.06606850271516486+0j),1.341051440640485
B0025,4,1,24,6515.422000000006,41.81748104839704,1.9182683747066012,0.0003497389658962456,(0.05049806868976536+0j),1.847011162956716
B0025,6,2,24,6516.219,41.504410609595574,1.8939610306669548,0.00035428450161492913,(0.05049806868976536+0j),1.8485654344528386
B0025,8,3,24,6489.5,41.670776193570134,1.82462740970999,0.0003664512994078626,(0.05049806868976536+0j),1.847111177186175
B0025,10,4,24,6471.25,41.58349706133725,1.9612044915457982,0.0003464369464243081,(0.05049806868976536+0j),1.8489837601535537
B0025,12,5,24,6466.672,41.82908827830225,1.7869386268841287,0.0003731626154357732,(0.05049806868976536+0j),1.8370120718560439
B0025,16,6,24,6410.672,41.15307253815554,1.9399607811955055,0.000349130656387279,(0.04870785604053997+0j),1.817549211247137
B0025,20,7,24,6474.156,41.167510218490015,1.7632585904014149,0.00037610606409871865,(0.04828042597969788+0j),1.839863822522073
B0025,23,8,24,6460.75,41.40744159178738,1.7411634552856725,0.0003807436121914955,(0.04828042597969788+0j),1.8430595619731431
B0025,25,9,24,6448.907,41.089112912518665,1.990361763373611,0.0003428673810271301,(0.04828042597969788+0j),1.8401871729536057
B0025,27,10,24,6447.125,41.56081694228564,1.8524105657072532,0.0003643563072560961,(0.04828042597969788+0j),1.8281265632888257
B0025,31,11,24,6431.219,41.027186904575295,1.7970500760271888,0.0003721504114238213,(0.048783947573537365+0j),1.8253563336445804
B0025,35,12,24,6442.203,41.20659187421087,1.9099130781506344,0.0003551157957107679,(0.04761134038978747+0j),1.8214180552626154
B0025,37,13,24,6427.079,41.458124206642374,1.9344488971472638,0.0003526373824385158,(0.04761134038978747+0j),1.830315627968932
B0025,39,14,24,6417.156,41.50830652935,1.8425883947903754,0.0003676557693034024,(0.04761134038978747+0j),1.8175491643824844
B0025,41,15,24,6398.907,41.369681799861574,1.8285852544110042,0.0003707269409247722,(0.04761134038978747+0j),1.810901200296979
B0025,43,16,24,6384.75,41.46226760798129,1.8355395996102943,0.00037043640051850625,(0.04761134038978747+0j),1.8083032603084233
B0025,47,17,24,6284.063,41.32045149274522,1.9492783916128957,0.00035448876560116864,(0.04782783143571519+0j),1.7928016149381065
B0025,51,18,24,6370.937000000005,41.29100352861782,1.7363301713780446,0.0003864581308270756,(0.048715102182355724+0j),1.812563150045885
B0025,53,19,24,6359.812,41.08913600776219,1.7105280581137303,0.000391654696537082,(0.048715102182355724+0j),1.807772607491239
B0025,55,20,24,6346.156,41.020672808164036,1.6755342791432475,0.0003979941637299108,(0.048715102182355724+0j),1.8048055175003972
B0025,57,21,24,6328.172,40.73588950026045,1.6704419000715314,0.000399888901698012,(0.048715102182355724+0j),1.800538555899242
B0025,59,22,24,6326.062,40.76227622359968,1.7016507714607274,0.00039503083230972477,(0.048715102182355724+0j),1.7942356098033032
B0025,66,23,24,6352.843,39.71112605386658,1.8891035060983299,0.00036360498240141544,(0.04842836093081604+0j),1.807409052434889
B0025,68,24,24,6309.172000000006,39.797043058510575,1.756482386846181,0.0003874056992227947,(0.04842836093081604+0j),1.7902504816962075
B0025,70,25,24,6284.297,39.64019141128942,1.8323981556137667,0.00037674338939416933,(0.04842836093081604+0j),1.7961223845359495
B0025,72,26,24,6265.969,39.75344188854835,1.8971268658440401,0.0003676209804989394,(0.04842836093081604+0j),1.7912236690350776
B0025,74,27,24,6266.641,39.57317189988566,1.9934958310371553,0.00035210663557922047,(0.04842836093081604+0j),1.7854822365303245
B0025,78,28,24,6198.75,39.45687787991913,1.9679550948765454,0.00035683417044397934,(0.04785330606425702+0j),1.7677890780323617
B0026,4,1,24,6515.422000000006,40.711455499237935,1.98069037313681,0.00033839151133909103,(0.09120758117267147+0j),1.8132504303869899
B0026,6,2,24,6516.219,40.56984371986605,1.9296821070764223,0.0003471805494983371,(0.09120758117267147+0j),1.8149760087078302
B0026,8,3,24,6489.5,40.420735413096146,2.169258771295841,0.000311604128047515,(0.09120758117267147+0j),1.8135354175561993
B0026,10,4,24,6471.25,40.839359753382105,1.898741105703338,0.0003538360925352723,(0.09120758117267147+0j),1.815149273310334
B0026,12,5,24,6466.672,40.762597974826,1.9095478812878097,0.0003528679717315741,(0.09120758117267147+0j),1.8142913014068198
B0026,16,6,24,6410.672,39.78739652537364,2.0442560844271522,0.00030297781228229634,(0.09016919399025383+0j),1.3863373424430125
B0026,20,7,24,6474.156,40.12859054534907,1.8584184081271529,0.000359241358528426,(0.09073013455154422+0j),1.8165277958816064
B0026,23,8,24,6460.75,40.39287009990307,1.9288388497995346,0.00034986876514582125,(0.09073013455154422+0j),1.8085638576011063
B0026,25,9,24,6448.907,40.37811271633581,1.935441772448038,0.00034966592097108984,(0.09073013455154422+0j),1.804936077644182
B0026,27,10,24,6447.125,40.6345527951007,2.0842440571468894,0.00032631981989463395,(0.09073013455154422+0j),1.8049315924982108
B0026,31,11,24,6431.219,40.0980220096873,1.8964443776301838,0.000348528540555463,(0.09024854805901428+0j),1.717679232699393
B0026,35,12,24,6442.203,40.34748376711444,2.0399077334404954,0.00033314940879924346,(0.08961506170632062+0j),1.809804813280106
B0026,37,13,24,6427.079,40.655125518765814,2.1312634408664395,0.0003203375353131488,(0.08961506170632062+0j),1.806556213274488
B0026,39,14,24,6417.156,40.78648924035223,1.8782785619868927,0.00035993874296904384,(0.08961506170632062+0j),1.7938155707698507
B0026,41,15,24,6398.907,40.64545029611132,1.9640553148703692,0.00034760516773771376,(0.08961506170632062+0j),1.799304949381792
B0026,43,16,24,6384.75,40.753548433947245,1.9028600928182506,0.00035778575247760367,(0.08961506170632062+0j),1.7842197448470132
B0026,47,17,24,6284.063,40.90407080657346,2.066791178782658,0.00032614692956616534,(0.08943811638582581+0j),1.6818819918515189
B0026,51,18,24,6370.937000000005,40.760169873884465,2.1735697218309302,0.0003154021831874846,(0.0898555538406385+0j),1.8007519383961936
B0026,53,19,24,6359.812,40.86760057065783,1.8699981350012518,0.00036458340319273444,(0.0898555538406385+0j),1.795972684272296
B0026,55,20,24,6346.156,40.845772478695196,1.834360851438286,0.00037112313672274695,(0.0898555538406385+0j),1.7931026940553298
B0026,57,21,24,6328.172,40.61328442378913,1.8588013920189892,0.00036857427153589244,(0.0898555538406385+0j),1.8010267542068712
B0026,59,22,24,6326.062,40.55411444614823,2.1656553710973343,0.00031958739197710293,(0.0898555538406385+0j),1.7824572301269948
B0026,66,23,24,6352.843,39.89740047610024,2.161441726851442,0.0003189021312144845,(0.0894500574420642+0j),1.7959303030608789
B0026,68,24,24,6309.172000000006,40.148009555945954,1.8357784756785414,0.0003727813156592081,(0.0894500574420642+0j),1.7783142127341003
B0026,70,25,24,6284.297,40.16428171644192,1.7730752055194368,0.0003842337914298228,(0.0894500574420642+0j),1.771719092984802
B0026,72,26,24,6265.969,40.348229188960836,1.8034969218504175,0.0003806494996567747,(0.0894500574420642+0j),1.7790749489536772
B0026,74,27,24,6266.641,40.155136061235744,1.8019162984387032,0.0003808762701036596,(0.0894500574420642+0j),1.7733229782464675
B0026,78,28,24,6198.75,40.014600736484276,2.094755756018166,0.0003344835362113755,(0.0894079114965533+0j),1.768754111010884
B0027,4,1,24,6515.422000000006,42.07194057268294,2.4407952016086623,0.0002703044836937031,(0.08548334496231348+0j),1.8233077742149364
B0027,6,2,24,6516.219,42.526459613766654,2.4193060956450503,0.0002743387955511122,(0.08548334496231348+0j),1.8142384651167962
B0027,8,3,24,6489.5,42.65704114936764,2.4982363525248754,0.00026317145790882694,(0.08548334496231348+0j),1.8128596793130867
B0027,10,4,24,6471.25,43.07456793109374,2.4798358184535396,0.0002668358865774933,(0.08548334496231348+0j),1.8144242446739973
B0027,12,5,24,6466.672,43.12836631992577,2.4669313816061296,0.00026903748141692647,(0.08548334496231348+0j),1.812800333853042
B0027,16,6,24,6410.672,42.9279467397339,2.492471012096456,0.0002636548012753254,(0.10722143543383592+0j),1.7946038703195293
B0027,20,7,24,6474.156,42.344909658609986,2.4232193266263646,0.00027481973011627423,(0.1027691804948317+0j),1.816519171293833
B0027,23,8,24,6460.75,42.501459218547076,2.4791120561344835,0.00026746713283915517,(0.1027691804948317+0j),1.8198335565190242
B0027,25,9,24,6448.907,42.75456095698592,2.4281027036480562,0.0002757881556146697,(0.1027691804948317+0j),1.816980986440728
B0027,27,10,24,6447.125,43.208685492251035,2.4202095510772232,0.0002770864285203435,(0.1027691804948317+0j),1.8047602710768988
B0027,31,11,24,6431.219,42.59572185384836,2.3998890148152445,0.0002791231656076979,(0.10381157988903182+0j),1.8021778881408677
B0027,35,12,24,6442.203,42.63365730314649,2.483742346997907,0.0002667748205148261,(0.09980355533822587+0j),1.810054375611175
B0027,37,13,24,6427.079,42.89197473994752,2.382935984422233,0.00028376853008923075,(0.09980355533822587+0j),1.8191618703574552
B0027,39,14,24,6417.156,42.736703039205324,2.4903839742860163,0.00026723429793156417,(0.09980355533822587+0j),1.806344581230731
B0027,41,15,24,6398.907,42.71819238433457,2.39789040439265,0.00028255708455506625,(0.09980355533822587+0j),1.8120006378747944
B0027,43,16,24,6384.75,42.87852551010068,2.41937557251393,0.00027967856845949785,(0.09980355533822587+0j),1.809238569578753
B0027,47,17,24,6284.063,42.99196482622249,2.444119634453687,0.0002765306470801484,(0.09950680341665902+0j),1.7820717716005336
B0027,51,18,24,6370.937000000005,42.920147884014575,2.395925863485738,0.0002836152239803926,(0.10018545677097014+0j),1.8145504562341046
B0027,53,19,24,6359.812,42.77821015998406,2.408349641748691,0.00028272643913088,(0.10018545677097014+0j),1.809153485164282
B0027,55,20,24,6346.156,42.71393681070588,2.399239705167686,0.0002847618483333743,(0.10018545677097014+0j),1.8065551508093707
B0027,57,21,24,6328.172,42.66066961608101,2.378335964879865,0.00028872949455463763,(0.10018545677097014+0j),1.802401655959492
B0027,59,22,24,6326.062,42.64239690775237,2.437999478526856,0.0002795713127161602,(0.10018545677097014+0j),1.7964331683322998
B0027,66,23,24,6352.843,41.86831727976231,2.484818012933219,0.00027042507683109533,(0.09755612281440681+0j),1.8088036930508289
B0027,68,24,24,6309.172000000006,41.97207960495628,2.456168013420922,0.0002773951645749915,(0.09755612281440681+0j),1.7915527748749653
B0027,70,25,24,6284.297,41.92250461031742,2.4697995830050976,0.00027623631012101976,(0.09755612281440681+0j),1.7853375192239571
B0027,72,26,24,6265.969,42.14300769699952,2.491582666091738,0.00027359045905152134,(0.09755612281440681+0j),1.793209210325309
B0027,74,27,24,6266.641,42.43039551713637,2.3944859739266695,0.0002890024846076165,(0.09755612281440681+0j),1.7873097711102113
B0027,78,28,24,6198.75,42.033372446715575,2.4249816079125552,0.0002841247957144338,(0.0999652631237503+0j),1.7700926253324452
B0028,4,1,24,6515.422000000006,31.679728237853865,2.6151397684307285,0.00024047059672727632,(0.08176458673559299+0j),1.8046847720100736
B0028,6,2,24,6516.219,31.42728999177483,2.578716047628789,0.00024678150318939294,(0.08176458673559299+0j),1.8047833214525881
B0028,8,3,24,6489.5,31.694210133469813,2.679890873914289,0.0002322235542480306,(0.08176458673559299+0j),1.797618668222458
B0028,10,4,24,6471.25,31.849947051821633,2.674600586599544,0.0002334843806283209,(0.08176458673559299+0j),1.7929913687761174
B0028,12,5,24,6466.672,31.891976600913974,2.655983638577288,0.00023667497902650852,(0.08176458673559299+0j),1.7919180081592216
B0028,16,6,24,6410.672,31.647839531181656,2.5587601304544574,0.00025096176148719785,(0.08049755262582456+0j),1.775026135903797
B0028,20,7,24,6474.156,31.66717160096336,2.684075980505414,0.00023155236063132143,(0.07921399064492479+0j),1.7920487852223415
B0028,23,8,24,6460.75,31.543075306784417,2.692955180725203,0.00023073223630363824,(0.07921399064492479+0j),1.790475801581265
B0028,25,9,24,6448.907,31.63889282611546,2.664091579679959,0.0002360154074505434,(0.07921399064492479+0j),1.7868365091987264
B0028,27,10,24,6447.125,32.06283964981591,2.599501054239839,0.00024608975356153333,(0.07921399064492479+0j),1.7871529619962185
B0028,31,11,24,6431.219,31.17821904490572,2.5987712023407274,0.00024549713812909503,(0.07886642794998196+0j),1.7816340617009505
B0028,35,12,24,6442.203,31.830430244172504,2.5683373423176117,0.0002507267974324748,(0.07802684371863831+0j),1.7850235136604733
B0028,37,13,24,6427.079,32.176676996947776,2.571655326217227,0.0002513164591243545,(0.07802684371863831+0j),1.7803865429693038
B0028,39,14,24,6417.156,32.101579055970326,2.5464403411304843,0.00025556351652945445,(0.07802684371863831+0j),1.7789060856417256
B0028,41,15,24,6398.907,31.927225800846255,2.5488905698718844,0.00025593663522244947,(0.07802684371863831+0j),1.7738387518973049
B0028,43,16,24,6384.75,32.17577171129977,2.592227961453642,0.0002496860941579972,(0.07802684371863831+0j),1.769682881523146
B0028,47,17,24,6284.063,32.50607956309833,2.598546956085325,0.0002491683359645014,(0.07875491507561636+0j),1.7408787283206992
B0028,51,18,24,6370.937000000005,32.36361154404582,2.6924907199800523,0.00023399842353632178,(0.0801951045701426+0j),1.7648189744011906
B0028,53,19,24,6359.812,32.23987480909281,2.6173421756941537,0.0002465295996989848,(0.0801951045701426+0j),1.7617857390844023
B0028,55,20,24,6346.156,32.1209393902127,2.6240203066915697,0.0002460941229690716,(0.0801951045701426+0j),1.75770610357021
B0028,57,21,24,6328.172,31.876773372691297,2.63525875804135,0.000245048671955393,(0.0801951045701426+0j),1.7519375960601256
B0028,59,22,24,6326.062,32.13891568195097,2.540126038881981,0.0002601324459497868,(0.0801951045701426+0j),1.7521244035832177
B0028,66,23,24,6352.843,31.30995086456362,2.5784590711144535,0.00025270198652021717,(0.07949915339953288+0j),1.7597714133989641
B0028,68,24,24,6309.172000000006,31.443900397243077,2.6156681128542663,0.00024883537734820123,(0.07949915339953288+0j),1.7483011320324189
B0028,70,25,24,6284.297,31.383820135357173,2.6736673087239393,0.00024066418380311858,(0.07949915339953288+0j),1.7411482627836237
B0028,72,26,24,6265.969,31.360116664622666,2.6531966228276134,0.00024463616451855276,(0.07949915339953288+0j),1.7363833316311177
B0028,74,27,24,6266.641,31.44534438395542,2.5306280538039845,0.00026411453086812883,(0.07949915339953288+0j),1.736559066269527
B0028,78,28,24,6198.75,31.550251048213177,2.651385292787423,0.00024459853166999764,(0.08031037805229317+0j),1.7172335652295245
B0029,2,1,43,1572.359,58.72626885895911,1.9999364731586213,0.0013500874251133638,(0.02834045552997675+0j),1.697507332205763
B0029,4,2,43,1723.281,59.76796387174703,1.8520590925934357,0.0013632638411381452,(0.02834045552997675+0j),1.844701206961174
B0029,6,3,43,1705.906,59.844347317645614,1.8857258246963948,0.0013570651366094997,(0.02834045552997675+0j),1.8254376674722927
B0029,8,4,43,1697.688,59.9199472840752,1.8534777499421093,0.0013829052492977337,(0.02834045552997675+0j),1.815750429913437
B0029,10,5,43,1686.094,59.89475354681757,1.913443763136564,0.0013570261105382954,(0.02834045552997675+0j),1.8132993337127028
B0029,14,6,43,1678.563,59.588132364640614,1.9392366668780092,0.0013411443414076357,(0.02814132119972847+0j),1.8151647619660576
B0029,16,7,43,1677.469,59.81336613073259,1.926680416628282,0.0013561123556801633,(0.02814132119972847+0j),1.8143317955190057
B0029,18,8,43,1666.093,59.75433532594285,1.89070792341858,0.0013869596540540816,(0.02814132119972847+0j),1.801343601809866
B0029,20,9,43,1654.328,59.7737242563152,1.93249158993614,0.001371743444896941,(0.02814132119972847+0j),1.7881558802945825
B0029,22,10,43,1643.812,59.800107348599425,1.9713665258317914,0.001356646774390184,(0.02814132119972847+0j),1.7760714604539518
B0029,26,11,43,1652.266,59.92418745751934,1.8523796286853516,0.0014170276906658968,(0.028862176890309586+0j),1.7852807447597443
B0029,28,12,43,1648.672,60.120904895462246,1.8385968486453488,0.00143245810487399,(0.028862176890309586+0j),1.7698116401111978
B0029,30,13,43,1636.969,60.159083367849426,1.8332269197665616,0.0014460500545087967,(0.028862176890309586+0j),1.7565231680521758
B0029,32,14,43,1625.187,60.033062355018394,1.8809955356138472,0.001426872008162736,(0.028862176890309586+0j),1.7543413277348154
B0029,34,15,43,1622.016,60.155675284547456,1.800038174333754,0.0014794887350850236,(0.028862176890309586+0j),1.7392875506998715
B0029,38,16,43,1638.422,59.708263302408355,1.9415928705254093,0.0013700966436061975,(0.02829375396231879+0j),1.7797845109331345
B0029,40,17,43,1646.438,59.826072535975634,1.9724619388377238,0.0013534173767170826,(0.02829375396231879+0j),1.7657088508465202
B0029,42,18,43,1634.765,59.97193555147316,1.9166086737918735,0.001397421297131047,(0.02829375396231879+0j),1.7523941408724169
B0029,44,19,43,1622.016,59.90509096707212,1.9416286020335691,0.0013925656455910486,(0.02829375396231879+0j),1.7380191225603105
B0029,46,20,43,1616.25,60.003884509148,1.8754484122099284,0.0014385943027773514,(0.02829375396231879+0j),1.7312214443143976
B0029,50,21,43,1622.218,60.25771781052726,1.8380927294124034,0.0014527127824240417,(0.02799948462674519+0j),1.7379128985265808
B0029,52,22,43,1619.656,59.90492726798961,1.999771637867575,0.001358860743663229,(0.02799948462674519+0j),1.7224270683625882
B0029,54,23,43,1605.484,60.33243416075105,1.8317514112942035,0.0014755929278597714,(0.02799948462674519+0j),1.7184213765608034
B0029,56,24,43,1600.75,59.986696705381924,1.9739559216587699,0.001390690221189613,(0.02799948462674519+0j),1.7010220930648232
B0029,58,25,43,1595.0,59.99528714045464,1.9069490533352143,0.0014378958285803094,(0.02799948462674519+0j),1.693698739563104
B0029,62,26,43,1612.422,59.98821696841703,1.9996278665665834,0.0013605770762732,(0.028154278380978896+0j),1.713072721286705
B0029,64,27,43,1598.969,60.01985635641876,1.9297361391600052,0.0014200962809791564,(0.028154278380978896+0j),1.6976972688567131
B0029,66,28,43,1592.187,60.26410091872941,1.811689567857529,0.001500239022302976,(0.028154278380978896+0j),1.6899314034061208
B0029,68,29,43,1577.484,59.92046248220958,1.9610731754377526,0.0014194766621634608,(0.028154278380978896+0j),1.685023551367069
B0029,70,30,43,1571.547,59.887692512983016,1.9482718394124843,0.0014330327884991697,(0.028154278380978896+0j),1.678389965463405
B0029,74,31,43,1578.484,60.158935395611046,1.8674943991912756,0.0014750515732316063,(0.02764501503660695+0j),1.6737947494868326
B0029,76,32,43,1574.469,60.047482357880945,1.926783206032701,0.001443874899963276,(0.02764501503660695+0j),1.6687898927884715
B0029,78,33,43,1568.281,60.167863371476415,1.869562035017659,0.0014861121894830522,(0.02764501503660695+0j),1.6492566306631427
B0029,80,34,43,1561.422,60.09738415148209,1.8881277069953313,0.0014806337803087704,(0.02764501503660695+0j),1.6409676757039668
B0029,82,35,43,1554.234,60.02940147619038,1.9264548202409049,0.0014631579962698209,(0.02764501503660695+0j),1.6456360229757092
B0029,86,36,43,1573.734,60.33090148423857,1.8497742851139864,0.0014895922723786811,(0.028256362038714906+0j),1.654547743574037
B0029,88,37,43,1566.578,59.88870262903497,1.988399313722457,0.0014116170714321447,(0.028256362038714906+0j),1.6461201520877546
B0029,90,38,43,1550.047,60.13011665786984,1.8822716064606955,0.0014950472918090596,(0.028256362038714906+0j),1.6275119188151763
B0029,92,39,43,1543.64,60.20528139553767,1.8693019781355498,0.0015099357979067342,(0.028256362038714906+0j),1.6200530533464497
B0029,94,40,43,1536.781,60.24494659507955,1.8433554303146658,0.0015335465508255347,(0.028256362038714906+0j),1.612079811711934
B0030,2,1,43,1572.359,61.11438949471705,2.1274170450668684,0.0012680381639593595,(0.06341817961720268+0j),1.6560706096175404
B0030,4,2,43,1723.281,61.9990871891876,2.1401060472348874,0.0011904416644579142,(0.06341817961720268+0j),1.7815548749509116
B0030,6,3,43,1705.906,61.89071493502735,2.1657237815883463,0.001187399029233585,(0.06341817961720268+0j),1.761969227822918
B0030,8,4,43,1697.688,62.214205409958005,2.095376108282347,0.0012346993099320988,(0.06341817961720268+0j),1.751755031874225
B0030,10,5,43,1686.094,62.31179793095802,2.12524665517798,0.0012254118582074392,(0.06341817961720268+0j),1.7381688070362076
B0030,14,6,43,1678.563,62.29994268441351,2.0759632130565406,0.0012540329225247783,(0.06427566383885815+0j),1.7506745293461339
B0030,16,7,43,1677.469,62.48134926186261,2.0440070679316857,0.001280148792763508,(0.06427566383885815+0j),1.7491047649061158
B0030,18,8,43,1666.093,62.158212651524295,2.173948548947525,0.0012110551081744927,(0.06427566383885815+0j),1.7252544028765475
B0030,20,9,43,1654.328,62.11029841216025,2.1712631392036204,0.0012212799403671054,(0.06427566383885815+0j),1.7112621367644252
B0030,22,10,43,1643.812,62.21537292970592,2.1722790601698723,0.0012277797937945642,(0.06427566383885815+0j),1.6990418392711273
B0030,26,11,43,1652.266,62.42078136779365,2.1399140868464497,0.0012377144404287748,(0.06445346781860445+0j),1.7185770039532977
B0030,28,12,43,1648.672,62.42541404009337,2.112329336316492,0.001261049879796065,(0.06445346781860445+0j),1.70324722921867
B0030,30,13,43,1636.969,62.43136471336018,2.1141726056716275,0.0012690755257119414,(0.06445346781860445+0j),1.689458044662304
B0030,32,14,43,1625.187,62.27459158639179,2.1697054636701996,0.0012438153687233467,(0.06445346781860445+0j),1.6756136292719177
B0030,34,15,43,1622.016,62.57843700986901,2.0502203248956845,0.001319981593235508,(0.06445346781860445+0j),1.6718407140871654
B0030,38,16,43,1638.422,62.47198799326229,2.056845844411806,0.0012950407874269354,(0.06376941778874191+0j),1.7233056681204446
B0030,40,17,43,1646.438,62.678287399200066,2.0026548733538236,0.001328703094197593,(0.06376941778874191+0j),1.709207290507283
B0030,42,18,43,1634.765,62.48426799373123,2.098247338071892,0.0012791191722786256,(0.06376941778874191+0j),1.684001734344571
B0030,44,19,43,1622.016,62.520660259063135,2.095250035916422,0.0012910393269304574,(0.06376941778874191+0j),1.66898698813004
B0030,46,20,43,1616.25,62.837923181745914,1.9652225177027667,0.0013752446424124534,(0.06376941778874191+0j),1.6620689362837142
B0030,50,21,43,1622.218,62.47596510401283,2.1649300939348857,0.001244310813589997,(0.06529915449095779+0j),1.6687049625248174
B0030,52,22,43,1619.656,62.54340291733675,2.1107101939003567,0.001283180574799316,(0.06529915449095779+0j),1.652762183550463
B0030,54,23,43,1605.484,62.542537819338854,2.154272422860638,0.0012668677284224995,(0.06529915449095779+0j),1.648481366235244
B0030,56,24,43,1600.75,62.633169726331985,2.056878607135279,0.0013319169071671715,(0.06529915449095779+0j),1.6307406443132095
B0030,58,25,43,1595.0,62.63885708285674,2.0619330487714467,0.0013340369528316483,(0.06529915449095779+0j),1.62323023017929
B0030,62,26,43,1612.422,62.50972828784737,2.182829076635093,0.0012399313077362728,(0.06432927937109631+0j),1.6541906540394393
B0030,64,27,43,1598.969,62.41430430344205,2.152270345667462,0.001274113802492136,(0.06432927937109631+0j),1.638514396616985
B0030,66,28,43,1592.187,62.71706660837061,1.9853664248869802,0.0013838870798971413,(0.06432927937109631+0j),1.618847673357618
B0030,68,29,43,1577.484,62.554566036297686,2.085108474542319,0.0013326637695795472,(0.06432927937109631+0j),1.6134212267751404
B0030,70,30,43,1571.547,62.48691429447336,2.1156809695842997,0.0013191860997477322,(0.06432927937109631+0j),1.6066443601761986
B0030,74,31,43,1578.484,62.59235284434121,2.0858806041580396,0.001329538976147156,(0.06505925076919551+0j),1.6138387876938998
B0030,76,32,43,1574.469,62.84622214879507,1.9452863886535996,0.0014247623019126778,(0.06505925076919551+0j),1.596329501327274
B0030,78,33,43,1568.281,63.0242156686281,1.9166604901616162,0.0014484266781502426,(0.06505925076919551+0j),1.5890785867406987
B0030,80,34,43,1561.422,63.00027240816272,1.9272509897554042,0.0014477142653748878,(0.06505925076919551+0j),1.5805481432309574
B0030,82,35,43,1554.234,62.80130766887856,2.051939170845275,0.0013755250356257613,(0.06505925076919551+0j),1.5846131054270807
B0030,86,36,43,1573.734,62.737405296482684,2.0447593292567268,0.0013588524921904308,(0.0646845036378087+0j),1.5936651221220735
B0030,88,37,43,1566.578,62.57852749153667,2.1123670299751245,0.0013244229398264265,(0.0646845036378087+0j),1.5849874126960888
B0030,90,38,43,1550.047,62.84908045214772,2.029028311417829,0.001392913051455903,(0.0646845036378087+0j),1.5787064969416462
B0030,92,39,43,1543.64,62.7284644620379,2.0574175231777425,0.0013806832457540247,(0.0646845036378087+0j),1.570705516096967
B0030,94,40,43,1536.781,62.69299470731855,2.068863283525511,0.0013794291850328828,(0.0646845036378087+0j),1.562780404428482
B0031,2,1,43,1572.359,60.84632469517393,2.4944372580491163,0.001031650208958551,(0.040124519949728245+0j),1.6666751942525773
B0031,4,2,43,1723.281,61.81769411336386,2.4703791051999655,0.0010074502777939283,(0.040124519949728245+0j),1.8328583629543174
B0031,6,3,43,1705.906,61.82805706187581,2.432998201540817,0.0010396495769438054,(0.040124519949728245+0j),1.8139835002945137
B0031,8,4,43,1697.688,61.95644236061217,2.455290559392926,0.0010316065977472597,(0.040124519949728245+0j),1.8044387333514835
B0031,10,5,43,1686.094,62.099570509363424,2.379788594335936,0.0010835498359626488,(0.040124519949728245+0j),1.802147684291295
B0031,14,6,43,1678.563,62.03750729435005,2.3704531055353044,0.0010735403998862819,(0.04071872914330263+0j),1.7715647509798835
B0031,16,7,43,1677.469,61.84294867967338,2.479852487101495,0.0010294607660415796,(0.04071872914330263+0j),1.8139928165779542
B0031,18,8,43,1666.093,61.837947652588504,2.4765516954388933,0.0010385124781002262,(0.04071872914330263+0j),1.8013261041198854
B0031,20,9,43,1654.328,61.84646585876763,2.359674470455269,0.0011166335518815495,(0.04071872914330263+0j),1.7883722583933568
B0031,22,10,43,1643.812,61.76013798618494,2.4195090802038206,0.0010873040723854682,(0.04071872914330263+0j),1.7765401657373159
B0031,26,11,43,1652.266,61.91960614794014,2.3489668209281325,0.001116636265473735,(0.040699218806419864+0j),1.7856209131823229
B0031,28,12,43,1648.672,61.86471031425517,2.3997094392914415,0.0010960009739375692,(0.040699218806419864+0j),1.7813634036685941
B0031,30,13,43,1636.969,61.77393480386064,2.4168059304515817,0.0010937242017792475,(0.040699218806419864+0j),1.7684898383971241
B0031,32,14,43,1625.187,61.645390510898466,2.471072287476068,0.001068127216567684,(0.040699218806419864+0j),1.766505238291406
B0031,34,15,43,1622.016,61.88870329111738,2.4044472636058316,0.0011111511960093538,(0.040699218806419864+0j),1.751740527921767
B0031,38,16,43,1638.422,61.98674236534618,2.4059387688210077,0.001076060999501966,(0.04050549867334228+0j),1.7352349314055016
B0031,40,17,43,1646.438,61.736554527800706,2.386904670931757,0.0011056125997900206,(0.04050549867334228+0j),1.7782778274549178
B0031,42,18,43,1634.765,61.822305205835185,2.3650342661568575,0.0011269320008153044,(0.04050549867334228+0j),1.7649894859707393
B0031,44,19,43,1622.016,61.702657378071684,2.4186775515647607,0.0011027488350740466,(0.04050549867334228+0j),1.762591283533551
B0031,46,20,43,1616.25,61.83339482415222,2.360775838409723,0.0011420827324549398,(0.04050549867334228+0j),1.744314576121582
B0031,50,21,43,1622.218,61.71886225058171,2.4505597087782616,0.0010775934500578254,(0.04061141826029614+0j),1.7628373753518478
B0031,52,22,43,1619.656,61.9456150656118,2.3428829070219703,0.0011511492008868388,(0.04061141826029614+0j),1.747857930947971
B0031,54,23,43,1605.484,61.68681561807962,2.411955819284382,0.0011182249889793905,(0.04061141826029614+0j),1.7441167338864993
B0031,56,24,43,1600.75,61.72142337926525,2.3413222526109294,0.0011655956496293188,(0.04061141826029614+0j),1.7268422932817387
B0031,58,25,43,1595.0,61.922368397426354,2.328244465576847,0.001178039431952298,(0.04061141826029614+0j),1.7203093493042265
B0031,62,26,43,1612.422,61.875049319197814,2.318164845471509,0.0011646953420751055,(0.04172653964351383+0j),1.7394245516699778
B0031,64,27,43,1598.969,61.49120341342234,2.4548236850102603,0.001095782705418942,(0.04172653964351383+0j),1.7367384416372014
B0031,66,28,43,1592.187,61.70751319442212,2.3584309858697914,0.0011612589399978156,(0.04172653964351383+0j),1.716963468448543
B0031,68,29,43,1577.484,61.49432037699378,2.4660401403368404,0.001103530279404518,(0.04172653964351383+0j),1.7127773558366357
B0031,70,30,43,1571.547,61.505904797603456,2.442554361335084,0.0011227914079076425,(0.04172653964351383+0j),1.7061083466554066
B0031,74,31,43,1578.484,61.58650298757853,2.455972935605985,0.0011063243660218154,(0.040710936218643606+0j),1.713732696207521
B0031,76,32,43,1574.469,61.668030365099106,2.3451886335989784,0.0011823803783791475,(0.040710936218643606+0j),1.7093475797926974
B0031,78,33,43,1568.281,61.83745125268187,2.3048157078228537,0.0012129951133136477,(0.040710936218643606+0j),1.6901000454115587
B0031,80,34,43,1561.422,61.7791359328034,2.327904771892418,0.0012034628517673012,(0.040710936218643606+0j),1.6946883343387664
B0031,82,35,43,1554.234,61.63755727730526,2.3672431402232186,0.001183685889101201,(0.040710936218643606+0j),1.687010991299212
B0031,86,36,43,1573.734,61.76541153453152,2.32931910043758,0.001187890058976415,(0.04079363409442219+0j),1.6957069027070075
B0031,88,37,43,1566.578,61.71412204720752,2.3136169782429055,0.0012085512653630397,(0.04079363409442219+0j),1.687696889615565
B0031,90,38,43,1550.047,61.46370523914892,2.464103908062826,0.0011241872484818486,(0.04079363409442219+0j),1.6819617127259294
B0031,92,39,43,1543.64,61.45868723262231,2.450218643464606,0.0011380353024001762,(0.04079363409442219+0j),1.6750033888978846
B0031,94,40,43,1536.781,61.44540062417477,2.4650879684691613,0.0011335440973025024,(0.04079363409442219+0j),1.6672987794846676
B0032,2,1,43,1572.359,59.47600707924567,2.62709691854036,0.0009284897555369556,(0.07066451610132236+0j),1.7048641073512139
B0032,4,2,43,1723.281,60.121290886265,2.6672646952717707,0.0008823750692128659,(0.07066451610132236+0j),1.8940319526948572
B0032,6,3,43,1705.906,60.28987126771494,2.653980741191812,0.0008990651976567516,(0.07066451610132236+0j),1.8747686491853095
B0032,8,4,43,1697.688,60.570618627724706,2.614778884516638,0.0009266589309882383,(0.07066451610132236+0j),1.8654947184112376
B0032,10,5,43,1686.094,60.444872622429784,2.611753951946988,0.0009347541231823093,(0.07066451610132236+0j),1.8527398169018068
B0032,14,6,43,1678.563,60.80514996345169,2.6899647104301128,0.0008856478744762353,(0.06976059493273279+0j),1.844174397003866
B0032,16,7,43,1677.469,60.791314861400984,2.6352220172441965,0.0009254988392142606,(0.06976059493273279+0j),1.8430238477512753
B0032,18,8,43,1666.093,60.824534439051064,2.616116680441599,0.0009431896083203762,(0.06976059493273279+0j),1.8302818174911863
B0032,20,9,43,1654.328,60.93844327722512,2.6377575512804055,0.0009369710455842252,(0.06976059493273279+0j),1.8173838456081814
B0032,22,10,43,1643.812,61.056928797496845,2.6425811435343314,0.0009400712102588984,(0.06976059493273279+0j),1.8057992981104682
B0032,26,11,43,1652.266,61.26264235870029,2.6868552360676885,0.0009039552200158778,(0.07087649877371076+0j),1.8149829605049186
B0032,28,12,43,1648.672,61.309095933731044,2.6740516269543457,0.0009179410280615116,(0.07087649877371076+0j),1.7995150369321797
B0032,30,13,43,1636.969,61.35860964032413,2.6712280977184064,0.0009262483500802583,(0.07087649877371076+0j),1.7866516942518147
B0032,32,14,43,1625.187,61.482188769123354,2.6834486699239664,0.0009254581602470804,(0.07087649877371076+0j),1.7735550719416031
B0032,34,15,43,1622.016,61.558060893098116,2.670098200587867,0.0009354618427996354,(0.07087649877371076+0j),1.769995333364443
B0032,38,16,43,1638.422,61.75555924618304,2.6512994484308834,0.0009295390581666387,(0.0707455120034817+0j),1.799526080374287
B0032,40,17,43,1646.438,61.788148736083365,2.6257034386294866,0.0009482027229682891,(0.0707455120034817+0j),1.7968530684449833
B0032,42,18,43,1634.765,62.026796878552666,2.6363985091733704,0.0009486645321935178,(0.0707455120034817+0j),1.7838265504081745
B0032,44,19,43,1622.016,62.05922080379437,2.6091385279000474,0.0009729929735115279,(0.0707455120034817+0j),1.7696444491040102
B0032,46,20,43,1616.25,61.81678431928173,2.6928273258727593,0.0009247523482268258,(0.0707455120034817+0j),1.7512940457049684
B0032,50,21,43,1622.218,62.13034562682843,2.6580053475407666,0.0009384183762481449,(0.07133262642540289+0j),1.7697554297961993
B0032,52,22,43,1619.656,62.20855323363066,2.622656733898926,0.0009660213096929083,(0.07133262642540289+0j),1.7547726933914918
B0032,54,23,43,1605.484,62.27936068413306,2.6579673401898325,0.0009523010771736568,(0.07133262642540289+0j),1.7389166355812984
B0032,56,24,43,1600.75,62.40536913200032,2.62449780009349,0.000976336808651822,(0.07133262642540289+0j),1.7337200518764075
B0032,58,25,43,1595.0,62.216007793788314,2.6693549937573904,0.0009516089871711592,(0.07133262642540289+0j),1.7150972597500092
B0032,62,26,43,1612.422,62.6157960112704,2.6245992054256915,0.0009643159646495985,(0.07176151986282678+0j),1.7462926148815636
B0032,64,27,43,1598.969,62.26360588854172,2.6829848740711117,0.0009406512132274023,(0.07176151986282678+0j),1.719149261914565
B0032,66,28,43,1592.187,62.42580063958537,2.6671246169170018,0.0009545812152179387,(0.07176151986282678+0j),1.711582246191498
B0032,68,29,43,1577.484,62.5594040849182,2.6334454972272856,0.000984933374658678,(0.07176151986282678+0j),1.6951051195225901
B0032,70,30,43,1571.547,62.582629376324434,2.6133538721871226,0.0010014149137162703,(0.07176151986282678+0j),1.7005124371100973
B0032,74,31,43,1578.484,62.57090441669303,2.647938106735209,0.0009717665606740216,(0.0713737958044209+0j),1.7080989351250158
B0032,76,32,43,1574.469,62.42898686923908,2.6715941703662405,0.0009624289241045262,(0.0713737958044209+0j),1.691435430587127
B0032,78,33,43,1568.281,62.43152363917722,2.6462614968063676,0.0009823651213987567,(0.0713737958044209+0j),1.6844494328889932
B0032,80,34,43,1561.422,62.5729328576623,2.6718636231921065,0.0009703319537609283,(0.0713737958044209+0j),1.664037581688075
B0032,82,35,43,1554.234,62.57967644827836,2.6372752376377897,0.0009969684734848446,(0.0713737958044209+0j),1.6686372014231974
B0032,86,36,43,1573.734,62.96996562520999,2.6027515790201994,0.001002787148850661,(0.07214616175584028+0j),1.6899344075625968
B0032,88,37,43,1566.578,62.75574288944966,2.6344496446331838,0.0009909670609140207,(0.07214616175584028+0j),1.669431712846442
B0032,90,38,43,1550.047,62.70443033939053,2.612265282912701,0.0010156890569643516,(0.07214616175584028+0j),1.6634226761839213
B0032,92,39,43,1543.64,62.46020747529598,2.6874948249577777,0.0009713256481247776,(0.07214616175584028+0j),1.6436152195947373
B0032,94,40,43,1536.781,62.789754357166764,2.6076358711453813,0.0010275521368331333,(0.07214616175584028+0j),1.6358000873538245
B0033,1,1,24,1819.406,34.973341925251844,1.9848598462488805,0.0009301712893222392,,0.06842572240601812
B0033,5,2,24,3260.531,47.876225604831575,1.9816234331870684,0.0006776449972949743,(0.10298420089459744+0j),0.6895699007862814
B0033,7,3,24,3265.75,53.521374145800095,1.287217552704193,0.0008911924271304683,(0.10298420089459744+0j),1.1610848192311252
B0033,9,4,24,3264.109,53.59969491765948,1.92499373482904,0.0006969199485392435,(0.10298420089459744+0j),1.2529393053824995
B0033,11,5,24,3253.531,53.81770081109488,1.9480187400221975,0.0006923393857972273,(0.10298420089459744+0j),1.302918002447558
B0033,13,6,24,3242.578,53.57104302015468,1.891347070952385,0.0007122100792276511,(0.10298420089459744+0j),1.3218773211472525
B0033,17,7,24,3234.625,54.60856796915766,1.1932458808760276,0.0009288035099189927,(0.1127111810781862+0j),1.2884694418301417
B0033,19,8,24,3235.36,54.191463730088664,1.9170515174362301,0.0007057795571462218,(0.1127111810781862+0j),1.713169326386719
B0033,21,9,24,3236.125,52.934331210631875,1.9084502918482382,0.0007078869398507515,(0.1127111810781862+0j),1.6560966776720512
B0033,23,10,24,3230.25,52.5032036116964,1.9529802665635712,0.0006957582117455283,(0.1127111810781862+0j),1.6197297341990775
B0033,25,11,24,3226.078,52.17652816361563,1.9889951350881314,0.0006855618146719552,(0.1127111810781862+0j),1.604655812282729
B0033,29,12,24,3224.5,52.04937847239831,1.9634548720089502,0.0006924126342197489,(0.08860344767715381+0j),1.6255699769029337
B0033,31,13,24,3222.188,51.73549267436528,1.9596564991730565,0.0006955148552126185,(0.08860344767715381+0j),1.5900967306245992
B0033,33,14,24,3216.546000000002,51.66117418178819,1.9224375381620544,0.0007080718823000452,(0.08860344767715381+0j),1.5739402299623984
B0033,35,15,24,3211.859,51.20270858784091,1.9701535031712945,0.0006939421841903464,(0.08860344767715381+0j),1.5711303351557309
B0033,37,16,24,3215.859,51.54633126076106,1.9056198246248632,0.0007135794376416029,(0.08860344767715381+0j),1.5897706153457416
B0033,41,17,24,3225.125,51.68734548388082,1.9194841380159542,0.000704767543879439,(0.07813800801189155+0j),1.6257378771074
B0033,43,18,24,3234.343,51.806645557310055,1.8976584375642789,0.000712391569969924,(0.07813800801189155+0j),1.6523506333962537
B0033,45,19,24,3218.25,51.013524625767204,1.9491950772703672,0.0006997495306069658,(0.07813800801189155+0j),1.6143816761595386
B0033,47,20,24,3203.5,50.612625791907234,1.984512151427813,0.0006920573533630655,(0.07813800801189155+0j),1.58697453394504
B0033,49,21,24,3194.39,50.476231965221594,1.9563552671465751,0.0007029296404807819,(0.07813800801189155+0j),1.5818355572787333
B0033,53,22,24,3225.219,52.80944186421341,1.9541530671990093,0.0006895066636912744,(0.07674714871329817+0j),1.6919769406371152
B0033,57,23,24,3252.985,52.001298745862094,1.9044972660711088,0.0007047301162493356,(0.07795383619221115+0j),1.6879483800354476
B0033,59,24,24,3245.25,51.65598739515965,1.8748346357265961,0.0007166055791686308,(0.07795383619221115+0j),1.6586223007531458
B0033,61,25,24,3235.031,51.50939532095622,1.897981208291145,0.0007116271293537553,(0.07795383619221115+0j),1.6420179032789863
B0033,63,26,24,3228.141,51.25839715822789,1.991339490634848,0.0006840956793460827,(0.07795383619221115+0j),1.6381810791118743
B0033,65,27,24,3217.875,51.77188968997154,1.8710207024150525,0.0007235979997867523,(0.07795383619221115+0j),1.6422892507912386
B0033,69,28,24,3220.219,51.73759469619592,1.9449657495126544,0.0006992661614842481,(0.07787221314323793+0j),1.651270876264092
B0033,71,29,24,3210.234,51.61243426951156,1.907571146047148,0.000713967903692628,(0.07787221314323793+0j),1.6326559297917211
B0033,73,30,24,3210.546,51.546238399221565,1.853794752061886,0.00073063905029989,(0.07787221314323793+0j),1.6260888111680731
B0033,75,31,24,3200.969,51.03143629880169,1.9738070273097836,0.0006953202433637132,(0.07787221314323793+0j),1.6079292963823688
B0033,77,32,24,3188.625,51.41437811978397,1.8729343749213587,0.0007295643006631324,(0.07787221314323793+0j),1.6125361114907395
B0033,81,33,24,3191.735,51.44638168113912,1.9731628226811078,0.0006964875144335381,(0.07613015600172764+0j),1.6218384168987892
B0033,83,34,24,3190.313,51.30248392082844,1.9801558945564506,0.0006956163849768304,(0.07613015600172764+0j),1.6145443029101134
B0033,85,35,24,3182.156,51.29496206472584,1.8983018980313588,0.0007231074190731221,(0.07613015600172764+0j),1.5953958917107596
B0033,87,36,24,3180.156,51.186634675664926,1.9438604398554957,0.0007092454278996818,(0.07613015600172764+0j),1.5877243027113057
B0033,89,37,24,3171.953,51.182616761589756,1.9632916036547936,0.0007047545629590689,(0.07613015600172764+0j),1.5811840578305605
B0033,93,38,24,3192.172,52.16803502599322,1.9667908439255781,0.0006985424424924857,(0.0770653853843182+0j),1.6128422608267754
B0033,95,39,24,3194.735,52.74767841756611,1.9197120509411163,0.0007135076285836415,(0.0770653853843182+0j),1.61998606328022
B0033,97,40,24,3178.75,52.437956139686314,1.90479520665137,0.0007218474484868123,(0.0770653853843182+0j),1.6099381853611876
B0033,99,41,24,3165.359,51.81197793605918,1.9002006601986492,0.0007263159117494995,(0.0770653853843182+0j),1.5770977539565159
B0033,101,42,24,3155.25,51.73653410504897,1.8511721039377573,0.0007442234423186367,(0.0770653853843182+0j),1.5708599066554392
B0033,105,43,24,3173.766,52.54160752520686,1.9532771236637267,0.0007035844298874774,(0.07518339894307172+0j),1.6261581345348248
B0033,109,44,24,3199.485,53.32326193954195,1.8536215036991406,0.0007322646990484749,(0.07813559370869873+0j),1.6348129972245726
B0033,111,45,24,3196.015,52.66626648084271,1.8889976705304934,0.000722871006892085,(0.07813559370869873+0j),1.6117053637342613
B0033,113,46,24,3595.281,55.391416850220025,1.9693514891283213,0.0006474903995462707,(0.07813559370869873+0j),1.8851401699720662
B0033,117,47,24,3198.0,52.73529025292928,1.9935504677327178,0.0006888332910472408,(0.07755371366460807+0j),1.6584957887780232
B0033,119,48,24,3183.516,52.530629852108135,1.9102322543360104,0.000718880995915116,(0.07755371366460807+0j),1.62418934644937
B0033,121,49,24,3183.797,52.2186933985822,1.9518631378335147,0.0007058932027489473,(0.07755371366460807+0j),1.6041720988563641
B0033,123,50,24,3191.516,52.72731536294026,1.8963514295309498,0.0007214356170021829,(0.07755371366460807+0j),1.6080016740907346
B0033,125,51,24,3189.985,53.20573413452146,1.8979233738345112,0.0007214000342125976,(0.07755371366460807+0j),1.6256752138435595
B0033,129,52,24,3189.734,53.164414772235126,1.9266531976002355,0.000711554508199963,(0.07879846731289611+0j),1.617632765910718
B0033,131,53,24,3176.016,52.600411784093296,1.939997570224548,0.0007112730642903038,(0.07879846731289611+0j),1.5973191489094263
B0033,133,54,24,3171.36,52.46865748904612,1.9585672641473335,0.0007062879779711526,(0.07879846731289611+0j),1.5875852250170606
B0033,135,55,24,3170.843,52.40979732740365,1.9572832344435456,0.0007069160690875231,(0.07879846731289611+0j),1.5802530015403684
B0033,137,56,24,3164.672,52.834042544635665,1.916168037790613,0.0007212451516085134,(0.07879846731289611+0j),1.583036530487776
B0033,141,57,24,3177.453,53.601451975349555,1.9463675093023414,0.0007077676068385385,(0.08011359070270958+0j),1.6027138832797037
B0033,143,58,24,3172.375,53.25152711755672,1.9780549546482917,0.0006999937901578946,(0.08011359070270958+0j),1.5930709154513834
B0033,145,59,24,3158.406,52.64070518740206,1.905966283713238,0.0007257257286280188,(0.08011359070270958+0j),1.5448888685020246
B0033,147,60,24,3141.578,52.51312011499367,1.90750106961619,0.0007292442929830677,(0.08011359070270958+0j),1.5352188565640517
B0033,149,61,24,3138.187,52.3982280962388,1.9292976600569,0.0007230756920735873,(0.08011359070270958+0j),1.5252677314227332
B0033,153,62,24,3157.969,53.455944890050766,1.8981581536679577,0.000727424461088288,(0.08021572417614752+0j),1.5559492005453626
B0033,155,63,24,3159.281,54.15574298880717,1.8884361117708077,0.0007312159656880716,(0.08021572417614752+0j),1.5648029438427147
B0033,157,64,24,3150.375,53.69393683990001,1.8935389971250938,0.0007316441143550166,(0.08021572417614752+0j),1.5518620461881205
B0033,159,65,24,3134.078,52.91956948214362,1.904031637069275,0.0007320176791594849,(0.08021572417614752+0j),1.5144550545105004
B0033,161,66,24,3129.797,52.77330169161603,1.9196175823544368,0.0007279342089890609,(0.08021572417614752+0j),1.5051936202146428
B0033,165,67,24,3161.89,53.75237854927132,1.852348915398631,0.0007365155952891927,(0.078896432714675+0j),1.605823969917045
B0033,169,68,24,3196.859,54.49882525049124,1.8154710749647818,0.0007444866586601679,(0.08244082135526024+0j),1.6249005195877049
B0033,171,69,24,3171.906,53.48032268666943,1.9709912361310515,0.0007020335739764467,(0.08244082135526024+0j),1.589785130036615
B0033,173,70,24,3160.8429999999935,53.19212326974819,1.8937050882323652,0.000728892640754297,(0.08244082135526024+0j),1.5552386152299904
B0033,175,71,24,3147.141,52.91631108720558,1.936708367530743,0.0007184253023793266,(0.08244082135526024+0j),1.539756404636803
B0033,177,72,24,3141.203,52.95164787724483,1.898472277042985,0.0007318866229074197,(0.08244082135526024+0j),1.5293174002138357
B0033,181,73,24,3151.047,54.15703950174405,1.8471266740226868,0.000745457921815905,(0.0839073124416653+0j),1.547680553576876
B0033,183,74,24,3159.172,54.90254753232506,1.8671703949444942,0.0007373392925909199,(0.0839073124416653+0j),1.5659920939439786
B0033,185,75,24,3141.047,53.80008363828377,1.9378745892006957,0.0007192913199346657,(0.0839073124416653+0j),1.5416252851780505
B0033,187,76,24,3135.0310000000027,53.54505652293522,1.8429746742692776,0.0007508991583536216,(0.0839073124416653+0j),1.517590655990168
B0033,189,77,24,3117.984,53.29577183051126,1.8767034375876257,0.0007441415697786722,(0.0839073124416653+0j),1.5075202042593092
B0033,193,78,24,3125.328,53.690652187482364,1.823408615215652,0.00075923367998801,(0.08655522743794264+0j),1.49549282626034
B0033,195,79,24,3120.172,53.4617189956508,1.914352330463475,0.0007315105311148281,(0.08655522743794264+0j),1.4997618811573148
B0033,197,80,24,3116.641,53.31089209854774,1.9242052922698998,0.0007290827611780013,(0.08655522743794264+0j),1.4906966807803954
B0033,199,81,24,3110.844,53.6277468644108,1.846946703906843,0.0007553793006992004,(0.08655522743794264+0j),1.4800999425051866
B0033,201,82,24,3101.406,53.311289666668536,1.912127707319289,0.0007366609450076148,(0.08655522743794264+0j),1.4676091496100632
B0033,205,83,24,3099.563,53.24781973161767,1.9981993087869525,0.0007084339157573889,(0.08640692598942966+0j),1.4729818491920503
B0033,207,84,24,3104.64,53.32567282742489,1.9676969517090999,0.000717979370188494,(0.08640692598942966+0j),1.4742872137206404
B0033,209,85,24,3099.875,53.67135316275077,1.8011165493797345,0.0007727509075196907,(0.08640692598942966+0j),1.4635162808346138
B0033,211,86,24,3093.25,53.425915759836265,1.935722285136851,0.0007307283342411712,(0.08640692598942966+0j),1.4527095680488362
B0033,213,87,24,3086.688,53.80241246385534,1.8530896744385115,0.0007591270663174692,(0.08640692598942966+0j),1.4557303847230247
B0033,217,88,24,3094.281,53.538703332548565,1.9965159983729222,0.0007107824826814499,(0.08870506697670173+0j),1.459740099618568
B0033,219,89,24,3088.328,53.85443523479271,1.817348554391127,0.0007701856615930911,(0.08870506697670173+0j),1.448711504158192
B0033,221,90,24,3095.687,54.312710923117564,1.8401196811491933,0.0007610591787820082,(0.08870506697670173+0j),1.4666759762884336
B0033,223,91,24,3102.062,54.717249684368554,1.8717606752777658,0.0007492450741250861,(0.08870506697670173+0j),1.4689502109504418
B0033,225,92,24,3107.141,55.03279239327084,1.9004154638642285,0.00073881619355875,(0.08870506697670173+0j),1.471116588522042
B0033,229,93,24,3090.719,54.39303449657184,1.7953236556353753,0.0007767389160313003,(0.08989235425839474+0j),1.4473012364654927
B0033,231,94,24,3069.812,54.05963088053671,1.7802670666869505,0.0007868150285476423,(0.08989235425839474+0j),1.4205315547561643
B0033,233,95,24,3064.437,53.59788130809244,1.921681538108464,0.0007437597752476168,(0.08989235425839474+0j),1.4241466094817417
B0033,235,96,24,3083.25,54.608136974659445,1.7788153560287199,0.0007855955138896941,(0.08989235425839474+0j),1.4412820083364295
B0033,237,97,24,3076.484,54.5574027155619,1.9534408897799111,0.0007287619913560474,(0.08989235425839474+0j),1.4448965388921615
B0033,241,98,24,3081.297,54.99418815591436,1.8222744588584345,0.0007696215539861687,(0.09216310775593325+0j),1.4540256354795746
B0033,243,99,24,3065.953,54.16320225337546,1.8129227899512983,0.0007770691610722725,(0.09216310775593325+0j),1.4226030447542912
B0033,245,100,24,3055.828,53.87733726225828,1.9001242255219513,0.0007510058361187159,(0.09216310775593325+0j),1.410196954589097
B0033,247,101,24,3051.468,54.005408924827464,1.8618268075580215,0.0007665058339874089,(0.09216310775593325+0j),1.4144881298999457
B0033,249,102,24,3069.0,55.01715436055076,1.7571531937270366,0.0007963753663912055,(0.09216310775593325+0j),1.431360032946153
B0033,253,103,24,3079.235,55.56824997306065,1.8292747932433169,0.0007684316835485515,(0.09010964280302308+0j),1.4515133236517528
B0033,255,104,24,3070.344,54.92871435196593,1.7807877780971682,0.0007863369885053812,(0.09010964280302308+0j),1.4230376757726733
B0033,257,105,24,3051.4839999999967,53.80101502575858,1.93715684685712,0.0007398101384072541,(0.09010964280302308+0j),1.396298696255913
B0033,259,106,24,3054.812,53.90914216170243,1.8780478013995328,0.0007603886761979562,(0.09010964280302308+0j),1.3979060730399124
B0033,261,107,24,3046.532,54.23260277977909,1.8094020919691347,0.0007849750909681987,(0.09010964280302308+0j),1.4011347560096767
B0033,265,108,24,3071.782,55.63045478699343,1.8197773356081153,0.0007731113751587149,(0.09243609394967607+0j),1.436782528945267
B0033,267,109,24,3074.532,56.16713312985831,1.8363818810073882,0.0007670650976051768,(0.09243609394967607+0j),1.4370006879546382
B0033,269,110,24,3053.656,55.53601912262827,1.75385880069876,0.0007994466193266877,(0.09243609394967607+0j),1.410355528453481
B0033,271,111,24,3031.953,54.42859597766174,1.977912246538546,0.0007309628115367765,(0.09243609394967607+0j),1.382633397996189
B0033,273,112,24,3023.5,54.60293074972065,1.8406238091435183,0.0007785009789140296,(0.09243609394967607+0j),1.3699403583067564
B0033,277,113,24,3042.703,55.29175004355109,1.793591568720353,0.0007888621861973844,(0.09204751731691913+0j),1.3786129327882322
B0033,279,114,24,4424.203,57.637403832441095,1.880422567759453,0.0005849495323307362,(0.09204751731691913+0j),1.8035959863147193
B0033,283,115,24,3066.766,54.65393012817871,1.9260869684651196,0.000739149217417897,(0.08639164111287972+0j),1.4234424290662009
B0033,285,116,24,3046.125,54.152949724280695,1.9774094380313447,0.0007278385383049858,(0.08639164111287972+0j),1.3946003892958663
B0033,287,117,24,3033.625,54.53515875704883,1.8428005555738187,0.0007751223371290757,(0.08639164111287972+0j),1.3961613987822286
B0033,289,118,24,3028.562,54.77734925210607,1.7746653306163975,0.0008009975579854093,(0.08639164111287972+0j),1.384968608315797
B0033,291,119,24,3020.984,54.64702813763124,1.8460476497404992,0.0007771684576368006,(0.08639164111287972+0j),1.3715114742475478
B0033,295,120,24,3017.391,54.505104228610136,1.9599501667839596,0.0007394953685715947,(0.09066749796882452+0j),1.3616865084879255
B0033,297,121,24,3022.14,54.421332192558104,1.9111619475065968,0.0007552875327114191,(0.09066749796882452+0j),1.3796301360966086
B0033,299,122,24,3009.016,54.599932749714995,1.7914848144741025,0.0007983676773698508,(0.09066749796882452+0j),1.364231776003204
B0033,301,123,24,3014.672,54.621715057959925,1.8461845656811995,0.0007810022971193666,(0.09066749796882452+0j),1.3418414512081456
B0033,303,124,24,3010.703,54.55731341596549,1.8424801617142232,0.000783253660967469,(0.09066749796882452+0j),1.3552215695792247
B0033,307,125,24,3011.75,55.041315475822266,1.8293764049246997,0.000785032284252865,(0.0909557798656722+0j),1.3403860264029774
B0033,309,126,24,3005.734,54.87421915377841,1.7818288008009142,0.0008047004109690175,(0.0909557798656722+0j),1.3594078914195438
B0033,311,127,24,2993.75,54.605029117345865,1.8799745135000576,0.0007727354990051009,(0.0909557798656722+0j),1.3457100861355502
B0033,313,128,24,2998.125,54.77196645266215,1.8632410129416257,0.0007795240956815054,(0.0909557798656722+0j),1.3477611420854358
B0033,315,129,24,2990.859,55.081324460303485,1.7604885282268967,0.0008157488145862556,(0.0909557798656722+0j),1.335482103134067
B0033,319,130,24,3024.453,56.28817834549751,1.8980864731881966,0.0007587263408890902,(0.09535677465034306+0j),1.353154941842234
B0033,321,131,24,3030.765,57.273543680267444,1.765463647928582,0.0008011682695739346,(0.09535677465034306+0j),1.3709677706044292
B0033,323,132,24,3020.813,57.229192207488595,1.7789329307031558,0.000801513364228732,(0.09535677465034306+0j),1.357426672491866
B0033,325,133,24,2998.156,57.19704022437858,1.9751406850610134,0.0007419831060785666,(0.09535677465034306+0j),1.3443678821106904
B0033,327,134,24,2986.766,57.01987269382395,1.7718580087129037,0.0008125813714057025,(0.09535677465034306+0j),1.33005823859453
B0033,331,135,24,3032.328,55.93330356332492,1.9154948072138342,0.0007459211004063829,(0.11190741546315816+0j),1.4033641858066626
B0033,335,136,24,3047.703,56.299084505467846,1.9395710043147303,0.0007388759967802847,(0.08849633491058088+0j),1.3865570950229378
B0033,337,137,24,3034.968,56.50951504855041,1.9213252989145688,0.0007486288428158742,(0.08849633491058088+0j),1.3704138176872631
B0033,339,138,24,3011.7339999999967,56.69165778744567,1.9978451295419197,0.0007313180652163693,(0.08849633491058088+0j),1.325319393635713
B0033,341,139,24,3002.922,55.51714083426434,1.4425192802033469,0.0009184663392423462,(0.08849633491058088+0j),0.8439684993200656
B0033,343,140,24,2986.718,45.807200259053744,1.5585045696383768,0.0008820939935371462,(0.08849633491058088+0j),0.29866180371583506
B0033,347,141,24,3006.203,46.034595491761756,1.203791745361808,0.0009932195701165276,(0.1456294596992112+0j),0.2344867974702557
B0033,349,142,24,3011.609,44.981619190674095,1.5484910888494308,0.0008775438030532284,(0.1456294596992112+0j),0.20256330380725823
B0033,351,143,24,2985.953,44.437719613927904,1.9233358352697387,0.0007594792188468864,(0.1456294596992112+0j),0.23531995654070248
B0033,353,144,24,2976.3129999999946,46.16094346830902,1.477441018016571,0.0009117132846210063,(0.1456294596992112+0j),0.23550427837482876
B0033,355,145,24,2964.75,51.875290776017344,1.7051348869638063,0.0008386303833672228,(0.1456294596992112+0j),0.4304242256752923
B0033,359,146,24,2969.953,51.767777887259,0.9861339962587278,0.0010784800903792275,(0.13829965170137862+0j),0.46436333202696434
B0033,361,147,24,2988.453,51.02675215928651,1.3263821081867295,0.000958833166769572,(0.13829965170137862+0j),0.3994839380247729
B0033,363,148,24,3001.235,61.13715999731606,1.8345225826317897,0.0007850838880966409,(0.13829965170137862+0j),1.461469789426299
B0033,365,149,24,2976.234,56.348749401178914,1.9860807469381487,0.0007432403424428659,(0.13829965170137862+0j),1.4150999545382532
B0033,367,150,24,2950.39,55.51777727453801,1.8841219743920603,0.0007847979105524744,(0.13829965170137862+0j),1.383632373873956
B0033,371,151,24,2941.719,54.98845662264607,1.8129527074235323,0.0008089566019898973,(0.09953310614901513+0j),1.3705402893609833
B0033,373,152,24,2946.969,54.53862414235327,1.9644189853209997,0.0007586176147311224,(0.09953310614901513+0j),1.3557042566115398
B0033,375,153,24,2936.171,54.72686731387149,1.8546413788349956,0.0007987001458945943,(0.09953310614901513+0j),1.3578385793919763
B0033,377,154,24,2927.281,55.0046224518596,1.7877573640818558,0.0008240088020323003,(0.09953310614901513+0j),1.3609083979571395
B0033,379,155,24,2924.422,54.71731449617404,1.9183209167927542,0.0007801415670269049,(0.09953310614901513+0j),1.3495626547684758
B0033,383,156,24,3023.859,54.428778601713,1.8528656809384136,0.0007248196240853972,(0.0990146912411192+0j),1.1888877132486642
B0033,387,157,24,3056.172,54.890003781719805,1.9484758716380042,0.0007347604931158509,(0.09309172510975602+0j),1.5041493934608645
B0033,389,158,24,3045.078,54.47368119654309,1.8283531317172372,0.0007765341855302338,(0.09309172510975602+0j),1.4899088638712767
B0033,391,159,24,3034.25,54.12307476528604,1.888528315752074,0.0007617629764460391,(0.09309172510975602+0j),1.475330178643193
B0033,393,160,24,3022.609,53.773029666511476,1.924025874710363,0.0007529264034271565,(0.09309172510975602+0j),1.459830765413703
B0033,395,161,24,3028.828,54.609405212648525,1.800492506386291,0.0007922254379817683,(0.09309172510975602+0j),1.4474169057725728
B0033,399,162,24,3037.875,55.29324534393817,1.793120582655924,0.0007900508622085434,(0.09418206163745609+0j),1.4676323674647154
B0033,401,163,24,3023.187,54.26200652741747,1.8969132609228214,0.0007591555946040644,(0.09418206163745609+0j),1.441552493165527
B0033,403,164,24,2996.922,54.01880189925328,1.8056023837774513,0.0007990091986227031,(0.09418206163745609+0j),1.418392873584403
B0033,405,165,24,2986.469,53.57147874982123,1.862859289057269,0.0007826014344504737,(0.09418206163745609+0j),1.4031824838852518
B0033,407,166,24,2979.219,53.4828168564585,1.9520601805312336,0.0007545708636696902,(0.09418206163745609+0j),1.3911104661211642
B0033,411,167,24,2995.047,53.870140403015185,1.9878541604164133,0.0007362533797079083,(0.0909525815740188+0j),1.4086019958134537
B0033,413,168,24,2989.828,54.16164128030712,1.9566455890224006,0.000750516646243218,(0.0909525815740188+0j),1.4137708903948947
B0033,415,169,24,2989.391,54.165344351537804,1.8936715311451313,0.0007716349269521995,(0.0909525815740188+0j),1.412472234540845
B0033,417,170,24,2967.2810000000027,53.79228026466776,1.828763483963188,0.00079933534612747,(0.0909525815740188+0j),1.3831900026575588
B0033,419,171,24,2962.609,53.22509160340434,1.9584399411299582,0.0007566295480145518,(0.0909525815740188+0j),1.3646098107432565
B0033,423,172,24,2957.016,53.57857958784029,1.8220675972367208,0.0008016302241202122,(0.0892837984693767+0j),1.369751365782437
B0033,425,173,24,2973.281,54.498255010844275,1.7715995765672343,0.0008167736065455032,(0.0892837984693767+0j),1.3867946911071662
B0033,427,174,24,2968.016,54.468132892109516,1.8584436263684134,0.0007860478100291952,(0.0892837984693767+0j),1.3918615875742792
B0033,429,175,24,2959.281,53.89419947351141,1.9792800716788903,0.0007477397782831572,(0.0892837984693767+0j),1.377162352180965
B0033,431,176,24,2942.797000000006,53.782251370205934,1.846857607499265,0.0007997170411982615,(0.0892837984693767+0j),1.3599525359390852
B0033,435,177,24,2978.89,54.80009542618075,1.9297681149166706,0.0007522125028581748,(0.08648477558780619+0j),1.379779043170725
B0033,439,178,24,2948.891,53.59426450012642,1.9404476337602206,0.000763965542096062,(0.09032349584604371+0j),1.3631373661966442
B0033,441,179,24,2938.547,53.860038336831,1.8078076221500168,0.0008141248533597508,(0.09032349584604371+0j),1.3652295228794809
B0033,443,180,24,2925.484,53.50394440240513,1.901348395168944,0.0007856429357406778,(0.09032349584604371+0j),1.3498620694059131
B0033,445,181,24,2917.297,53.71091736477066,1.820065501803385,0.0008157579912876508,(0.09032349584604371+0j),1.3529504172332432
B0033,447,182,24,2918.938,53.96609282803159,1.781542687267246,0.0008282731991592618,(0.09032349584604371+0j),1.3535740542605128
B0033,451,183,24,2918.25,53.89601837110568,1.8027051007685868,0.0008178555044630406,(0.08951341187987773+0j),1.3432225183905024
B0033,453,184,24,2915.4839999999967,53.58335886886063,1.845120981293168,0.000807452157620694,(0.08951341187987773+0j),1.3412081769053426
B0033,455,185,24,2906.015,53.35830232724686,1.9386542857041755,0.0007778504167491617,(0.08951341187987773+0j),1.3277389969987805
B0033,457,186,24,2894.14,53.56872781314004,1.8652024206914875,0.0008059417972969766,(0.08951341187987773+0j),1.329778900445409
B0033,459,187,24,2892.031,54.028944257752215,1.9741597310368288,0.0007678564768893649,(0.08951341187987773+0j),1.3356045028702495
B0033,463,188,24,2888.719,53.32084823607714,1.9140482800494218,0.0007880995016153453,(0.08763183476128283+0j),1.3177489685711123
B0033,465,189,24,2875.641,53.15804525272694,1.9249905185886904,0.0007910573694905911,(0.08763183476128283+0j),1.317605472474197
B0033,467,190,24,2860.7810000000027,53.44440984728841,1.8483263197000261,0.0008215651775971184,(0.08763183476128283+0j),1.3185279522072382
B0033,469,191,24,2852.844,53.71116793928585,1.7964863123561203,0.0008421648547641104,(0.08763183476128283+0j),1.3215397269813982
B0033,471,192,24,2854.64,53.18757385880901,1.9550178000855183,0.0007858177331172591,(0.08763183476128283+0j),1.3046615372928705
B0033,475,193,24,2897.844,56.49572691828426,1.9991954704388994,0.000745621189770146,(0.09074511063945603+0j),1.3280324770208678
B0033,477,194,24,2896.063,55.32081069602003,1.982805388419431,0.0007639265881012968,(0.09074511063945603+0j),1.3634549770713926
B0033,479,195,24,2866.234,54.57622829352292,1.8088951260538597,0.0008340897284313719,(0.09074511063945603+0j),1.3291316747402466
B0033,481,196,24,2836.609,54.008789265404765,1.8655437173642175,0.0008228937472164451,(0.09074511063945603+0j),1.3124201086917682
B0033,483,197,24,2829.516,53.47500454222108,1.9943670583085842,0.0007793806298255406,(0.09074511063945603+0j),1.3152825503676357
B0034,1,1,24,1819.406,51.867480808484146,2.170439265213917,0.0009254867224562233,,0.7459302957645664
B0034,5,2,24,3260.531,53.72590623785784,2.184438966859873,0.0006136249167505013,(0.12403017029761343+0j),1.6623217152845853
B0034,7,3,24,3265.75,54.1404555915866,2.1716683590196997,0.0006184084058456872,(0.12403017029761343+0j),1.645087369694532
B0034,9,4,24,3264.109,54.228682107998424,2.182463026326082,0.0006151271221376826,(0.12403017029761343+0j),1.620729289277574
B0034,11,5,24,3253.531,54.17641516112459,2.0979416663773915,0.0006431247184341607,(0.12403017029761343+0j),1.5967402025126005
B0034,13,6,24,3242.578,54.09745559724325,2.177479814637099,0.0006206233186777869,(0.12403017029761343+0j),1.4856500618812698
B0034,17,7,24,3234.625,54.03810589370243,2.164719422934807,0.000624887981894338,(0.120380461449601+0j),1.4866702197497013
B0034,19,8,24,3235.36,54.56296443841966,2.1685179095920546,0.0006253859328185887,(0.120380461449601+0j),1.4701330958405268
B0034,21,9,24,3236.125,54.47381276284677,2.159913301643853,0.0006268662718281948,(0.120380461449601+0j),1.4565041801019636
B0034,23,10,24,3230.25,54.157190141377896,2.188985459937614,0.0006189583570722664,(0.120380461449601+0j),1.4418961035576472
B0034,25,11,24,3226.078,54.45256615419595,2.161327607707136,0.0006282081452508332,(0.120380461449601+0j),1.4370949588970292
B0034,29,12,24,3224.5,54.20147817586685,2.140456418044363,0.000634117530612766,(0.12057655358877217+0j),1.4458703624967404
B0034,31,13,24,3222.188,53.813937104977754,2.170940246075281,0.0006259683430739131,(0.12057655358877217+0j),1.4321040545618373
B0034,33,14,24,3216.546000000002,53.84994246144553,2.1531556355876535,0.0006325825789313505,(0.12057655358877217+0j),1.426720633302465
B0034,35,15,24,3211.859,53.61278420241196,2.182519668385055,0.0006239532880983424,(0.12057655358877217+0j),1.4230846885129826
B0034,37,16,24,3215.859,53.35590902048553,2.188496149834977,0.0006213150999690516,(0.12057655358877217+0j),1.4409479522418907
B0034,41,17,24,3225.125,53.83102716771526,2.100542699118501,0.0006461260272362295,(0.12105054497689474+0j),1.486901544051865
B0034,43,18,24,3234.343,53.994059646351175,2.1129616454982556,0.0006415133719433801,(0.12105054497689474+0j),1.5245313226850703
B0034,45,19,24,3218.25,53.39429065914855,2.1659225933828385,0.0006282152611491383,(0.12105054497689474+0j),1.4629049605190707
B0034,47,20,24,3203.5,53.38470633939791,2.148786443036186,0.0006359878488879068,(0.12105054497689474+0j),1.4230794508549893
B0034,49,21,24,3194.39,53.12872869294344,2.1763046045885015,0.0006283350079113181,(0.12105054497689474+0j),1.4051040863603435
B0034,53,22,24,3225.219,55.80847324293826,2.11932965334224,0.0006361674923632883,(0.12078755361712225+0j),1.6329463925070862
B0034,57,23,24,3252.985,55.579127556921776,2.1509974200024624,0.0006248205012846738,(0.1231860471342966+0j),1.5687138208259117
B0034,59,24,24,3245.25,55.5590605953301,2.1142806141482584,0.0006391033177557335,(0.1231860471342966+0j),1.5149520966053402
B0034,61,25,24,3235.031,55.43438713431678,2.1801548663736754,0.000620237951469387,(0.1231860471342966+0j),1.4855182940634626
B0034,63,26,24,3228.141,55.91432751133226,2.109657199964041,0.000643688250592396,(0.1231860471342966+0j),1.480771929049074
B0034,65,27,24,3217.875,55.78439633575717,2.1306422513355594,0.0006391336953464213,(0.1231860471342966+0j),1.484026357317059
B0034,69,28,24,3220.219,55.819046085150106,2.1787867991793113,0.0006226020267499528,(0.1220873226956666+0j),1.4922153055506522
B0034,71,29,24,3210.234,55.81813101636483,2.1208148015326507,0.0006437331682335644,(0.1220873226956666+0j),1.473312924099279
B0034,73,30,24,3210.546,55.508529806144075,2.1326343880232206,0.0006397200092620015,(0.1220873226956666+0j),1.441593178980006
B0034,75,31,24,3200.969,55.810474269938815,2.080806437045425,0.000657841992758223,(0.1220873226956666+0j),1.4225873198015788
B0034,77,32,24,3188.625,55.5580463265768,2.153621018125857,0.0006377493456281518,(0.1220873226956666+0j),1.4266489379486664
B0034,81,33,24,3191.735,55.7456104997617,2.16386574936286,0.0006334154985048311,(0.12133518752790637+0j),1.4596775560238577
B0034,83,34,24,3190.313,55.88273287086187,2.110862355108561,0.0006507980126649187,(0.12133518752790637+0j),1.4396159938545154
B0034,85,35,24,3182.156,55.520919470345916,2.1889361346194556,0.0006281959209775927,(0.12133518752790637+0j),1.4195512657848512
B0034,87,36,24,3180.156,56.03798112972515,2.076995222056859,0.0006633568275776057,(0.12133518752790637+0j),1.4118101714470452
B0034,89,37,24,3171.953,55.7872631992585,2.138330613016186,0.0006459805040436731,(0.12133518752790637+0j),1.4044196701845313
B0034,93,38,24,3192.172,56.29505678813318,2.163289759388807,0.000633342650887428,(0.12221258919096821+0j),1.4735059098606866
B0034,95,39,24,3194.735,57.203641711448896,2.011759892668098,0.0006806505316939651,(0.12221258919096821+0j),1.492658600645149
B0034,97,40,24,3178.75,56.48442346523092,2.162343975515107,0.0006367455249869667,(0.12221258919096821+0j),1.4820260149945934
B0034,99,41,24,3165.359,55.71155596776208,2.1921995805381784,0.0006298602073641137,(0.12221258919096821+0j),1.423575357658995
B0034,101,42,24,3155.25,55.725184853786985,2.16034888083278,0.000642416957620969,(0.12221258919096821+0j),1.4038252197245347
B0034,105,43,24,3173.766,56.68734909187956,2.165521364045302,0.0006336171248319672,(0.12136730346225624+0j),1.5363173478836125
B0034,109,44,24,3199.485,57.523569542125074,2.0714906018792005,0.0006610615178797966,(0.12310728219568262+0j),1.5440367168176732
B0034,111,45,24,3196.015,56.64647124225468,2.160000438530016,0.0006341759974966987,(0.12310728219568262+0j),1.507892155360249
B0034,113,46,24,3595.281,61.22071154968515,2.07023691471502,0.0006112367315721729,(0.12310728219568262+0j),1.8203060058691092
B0034,117,47,24,3198.0,58.28488787096781,2.0513249674406295,0.0006666110361580232,(0.1249733640758512+0j),1.5936575758226643
B0034,119,48,24,3183.516,57.592019665372526,2.126099692893142,0.0006470815448615637,(0.1249733640758512+0j),1.533070464968097
B0034,121,49,24,3183.797,57.28443182001311,2.1895562891910765,0.0006273486221568313,(0.1249733640758512+0j),1.4862143093107285
B0034,123,50,24,3191.516,57.872088061267284,2.074340759266504,0.0006615104810776281,(0.1249733640758512+0j),1.5029318848267783
B0034,125,51,24,3189.985,58.01475740778219,2.1265733975652816,0.0006457607060700858,(0.1249733640758512+0j),1.5202185406928062
B0034,129,52,24,3189.734,58.312052179468594,2.062739747604538,0.0006646786130608311,(0.1260670230602223+0j),1.5118194735004464
B0034,131,53,24,3176.016,57.74556007237976,2.1030377322448675,0.0006550785440919546,(0.1260670230602223+0j),1.464601301820905
B0034,133,54,24,3171.36,57.59063118746153,2.1244761059896846,0.0006501501685589789,(0.1260670230602223+0j),1.4546140961511749
B0034,135,55,24,3170.843,57.760237316191684,2.0601307559265187,0.0006700525844229105,(0.1260670230602223+0j),1.4333400490204142
B0034,137,56,24,3164.672,57.843854984407734,2.066307670696809,0.0006694895160812078,(0.1260670230602223+0j),1.4493262346396159
B0034,141,57,24,3177.453,58.50818415025991,2.063118102136468,0.0006674491463394828,(0.12527131709476477+0j),1.495199821798908
B0034,143,58,24,3172.375,58.39804679399696,2.015578277968309,0.0006837786754978559,(0.12527131709476477+0j),1.4720590241846008
B0034,145,59,24,3158.406,57.19671566450291,2.1825208655708153,0.0006338805203594918,(0.12527131709476477+0j),1.4097383014648728
B0034,147,60,24,3141.578,57.093582209047106,2.177635067318021,0.0006393560373067738,(0.12527131709476477+0j),1.3861944181384176
B0034,149,61,24,3138.187,57.056434523826645,2.1675497721171437,0.0006430771017667366,(0.12527131709476477+0j),1.3624125407550536
B0034,153,62,24,3157.969,57.99096942950453,2.0235981843621835,0.0006844170955216443,(0.1235425210299043+0j),1.4471377445077278
B0034,155,63,24,3159.281,58.16328313862759,2.184010507272112,0.0006322070334638947,(0.1235425210299043+0j),1.4554483390450048
B0034,157,64,24,3150.375,58.29542391419101,2.0392577121107047,0.0006817263880823487,(0.1235425210299043+0j),1.4423952167302958
B0034,159,65,24,3134.078,57.375182540416354,2.0999808615526177,0.0006655049096703024,(0.1235425210299043+0j),1.377541945989605
B0034,161,66,24,3129.797,57.42041259082052,2.063136946201327,0.0006775134317610576,(0.1235425210299043+0j),1.3539935892900532
B0034,165,67,24,3161.89,57.71520595046742,2.120762756881349,0.0006491332449398652,(0.12375450858805917+0j),1.5509038861664448
B0034,169,68,24,3196.859,58.17136403259683,2.19170788700899,0.0006232120481078205,(0.1267251796303376+0j),1.5562932697752867
B0034,171,69,24,3171.906,57.753084428922655,2.1203887966971293,0.0006510491851566903,(0.1267251796303376+0j),1.5067526605064707
B0034,173,70,24,3160.8429999999935,57.5103657978898,2.0630039985317543,0.0006708900861402256,(0.1267251796303376+0j),1.444138733302766
B0034,175,71,24,3147.141,56.86348453612092,2.1811524820912926,0.0006361354586111572,(0.1267251796303376+0j),1.4144103811292437
B0034,177,72,24,3141.203,56.97607576818629,2.155432405052415,0.0006459809098109956,(0.1267251796303376+0j),1.3897574212362729
B0034,181,73,24,3151.047,57.956995411354825,2.0671609840346776,0.0006717621983297256,(0.1257307656681546+0j),1.449968311475299
B0034,183,74,24,3159.172,58.3663921180059,2.1233368877812127,0.0006525064864440305,(0.1257307656681546+0j),1.4678653068012166
B0034,185,75,24,3141.047,57.883249801186295,2.032509026773449,0.0006850398462411525,(0.1257307656681546+0j),1.4290644310445066
B0034,187,76,24,3135.0310000000027,57.62604602919208,2.0100958477489637,0.0006930245664850751,(0.1257307656681546+0j),1.376744834668327
B0034,189,77,24,3117.984,56.803768142247485,2.1845053475658913,0.0006406853488563622,(0.1257307656681546+0j),1.3515813262521057
B0034,193,78,24,3125.328,56.88027382398077,2.1991319506434475,0.0006348746676542943,(0.12534411179359725+0j),1.353993472828928
B0034,195,79,24,3120.172,57.11228470728586,2.1256164107912863,0.0006601347752963277,(0.12534411179359725+0j),1.3577165116893766
B0034,197,80,24,3116.641,57.23777746505438,2.0595928588832932,0.0006812377109885104,(0.12534411179359725+0j),1.334169315351027
B0034,199,81,24,3110.844,56.79550408983589,2.196715966153447,0.0006381250610919248,(0.12534411179359725+0j),1.3372147888783987
B0034,201,82,24,3101.406,56.74357378980126,2.179169443366329,0.0006469842654773766,(0.12534411179359725+0j),1.339045224276927
B0034,205,83,24,3099.563,57.1850535860252,2.0729178734316847,0.0006801022285533962,(0.12527841795391+0j),1.3439244604756322
B0034,207,84,24,3104.64,57.131636004992664,2.0585536221704452,0.0006851412912654028,(0.12527841795391+0j),1.3454786192090245
B0034,209,85,24,3099.875,56.68621589748299,2.1859283824053053,0.0006448171056514415,(0.12527841795391+0j),1.3482263029682544
B0034,211,86,24,3093.25,57.14457415944487,2.047929270109934,0.0006908098865908997,(0.12527841795391+0j),1.3373192299576058
B0034,213,87,24,3086.688,57.289854087208134,2.0282334120244614,0.0006987058533893251,(0.12527841795391+0j),1.3402523341553034
B0034,217,88,24,3094.281,56.90074118043176,2.128944717359417,0.0006632823512087625,(0.12503673880990576+0j),1.3290965682379121
B0034,219,89,24,3088.328,57.126183132620525,2.080780257241255,0.000681173296811767,(0.12503673880990576+0j),1.3323485655766352
B0034,221,90,24,3095.687,57.09006956503022,2.18178697368346,0.0006473238474139646,(0.12503673880990576+0j),1.3501541310555516
B0034,223,91,24,3102.062,57.56129571557157,2.1600430451609207,0.0006538020347469054,(0.12503673880990576+0j),1.381523441054128
B0034,225,92,24,3107.141,58.12885115554352,2.0578741386350488,0.0006835947023893806,(0.12503673880990576+0j),1.3835971952817807
B0034,229,93,24,3090.719,57.35750604508094,2.0545776989805833,0.0006877058445719206,(0.12467329235782244+0j),1.3301161862080901
B0034,231,94,24,3069.812,57.07647448385972,2.0610721424538947,0.0006909562713948951,(0.12467329235782244+0j),1.3176982121703233
B0034,233,95,24,3064.437,56.56265009891403,2.1769630360366774,0.0006549811615900458,(0.12467329235782244+0j),1.3063657719651272
B0034,235,96,24,3083.25,57.16856231635899,2.123117073996824,0.0006680732538471215,(0.12467329235782244+0j),1.3381567383793782
B0034,237,97,24,3076.484,57.902838661735686,1.992728560786441,0.0007126653036244478,(0.12467329235782244+0j),1.3563258092165067
B0034,241,98,24,3081.297,58.115178902093014,1.9677573642714887,0.0007191278273466454,(0.12510922586265477+0j),1.3648997529550058
B0034,243,99,24,3065.953,56.98035659049231,2.1243524375356397,0.0006720245160302231,(0.12510922586265477+0j),1.3337639975535058
B0034,245,100,24,3055.828,56.672084425511734,2.1817137827751827,0.0006555012629662197,(0.12510922586265477+0j),1.3060123668658763
B0034,247,101,24,3051.468,57.04472631715234,2.087539695609617,0.0006866454735844891,(0.12510922586265477+0j),1.3101868361375808
B0034,249,102,24,3069.0,57.64730160708694,2.068960188840925,0.0006885391944394472,(0.12510922586265477+0j),1.3567668941696103
B0034,253,103,24,3079.235,58.29336025761747,2.0596285731276476,0.0006891097582839204,(0.12646381756196046+0j),1.3916857433587717
B0034,255,104,24,3070.344,57.95445943311949,1.9953872570984859,0.0007123443029206979,(0.12646381756196046+0j),1.3629935079344777
B0034,257,105,24,3051.4839999999967,56.91514213395795,2.1529421051579973,0.0006656219713281563,(0.12646381756196046+0j),1.3211711973900628
B0034,259,106,24,3054.812,57.19634917626827,2.0405401202035574,0.0007018093149206141,(0.12646381756196046+0j),1.3074869015593356
B0034,261,107,24,3046.532,56.74944920850043,2.197033181830859,0.0006516146548456054,(0.12646381756196046+0j),1.3105881895483489
B0034,265,108,24,3071.782,58.608348897573435,1.9756647286286777,0.0007184454473456687,(0.12712331469517385+0j),1.376312668196664
B0034,267,109,24,3074.532,58.69313490028398,2.083403258487322,0.0006832718857244761,(0.12712331469517385+0j),1.391764929132287
B0034,269,110,24,3053.656,58.287617732907975,1.9776004444482063,0.0007224602744586256,(0.12712331469517385+0j),1.3649746353453525
B0034,271,111,24,3031.953,57.38456939785952,2.0648428293008756,0.0006984679818655987,(0.12712331469517385+0j),1.3219093937291897
B0034,273,112,24,3023.5,57.58115209169171,1.966575784508242,0.0007336896553343418,(0.12712331469517385+0j),1.3090033888073913
B0034,277,113,24,3042.703,57.13289738293001,2.1711822809863026,0.0006609500197501349,(0.12448935870719206+0j),1.3327005721973733
B0034,279,114,24,4424.203,61.43732341776916,2.069253006874651,0.0005369361998034842,(0.12448935870719206+0j),1.7423975189669398
B0034,283,115,24,3066.766,57.73883179659806,2.1429326564674485,0.0006648946502136723,(0.12729606918141628+0j),1.37734756281946
B0034,285,116,24,3046.125,57.386080612263264,2.0661656290024695,0.0006949545734294498,(0.12729606918141628+0j),1.34875988767775
B0034,287,117,24,3033.625,56.89633685865634,2.1996082620797504,0.0006540395425165754,(0.12729606918141628+0j),1.3501504559881146
B0034,289,118,24,3028.562,57.238769179765264,2.0698222657269465,0.000698108246677478,(0.12729606918141628+0j),1.3387814875085953
B0034,291,119,24,3020.984,56.92287178370967,2.1637591808058576,0.0006674399759086184,(0.12729606918141628+0j),1.3253371210402685
B0034,295,120,24,3017.391,57.63060311370659,1.9665760341302796,0.0007343087625188901,(0.1259736664142202+0j),1.3308160596334049
B0034,297,121,24,3022.14,57.01462861282404,2.0993400599564533,0.0006896541266589872,(0.1259736664142202+0j),1.333083376618503
B0034,299,122,24,3009.016,57.17373710163345,2.051523215347617,0.00070866025878171,(0.1259736664142202+0j),1.3333226534895923
B0034,301,123,24,3014.672,56.96912010183172,2.127535513157563,0.0006821541034924381,(0.1259736664142202+0j),1.3264281097516475
B0034,303,124,24,3010.703,57.103594586187974,2.0823277676119383,0.0006973729014615642,(0.1259736664142202+0j),1.323971040986857
B0034,307,125,24,3011.75,57.068326741336485,2.1365617064803337,0.0006789216853632765,(0.12592318630908422+0j),1.3249364225071156
B0034,309,126,24,3005.734,57.42601185667435,1.9941210557405098,0.0007277246394659315,(0.12592318630908422+0j),1.3283067675570923
B0034,311,127,24,2993.75,57.61101162387096,1.9772527709370782,0.0007374300308700971,(0.12592318630908422+0j),1.314584348909226
B0034,313,128,24,2998.125,57.13778358983724,2.126873333723975,0.0006860062230675194,(0.12592318630908422+0j),1.3166841798543303
B0034,315,129,24,2990.859,57.23603082155364,2.0395114895210718,0.0007173426490998065,(0.12592318630908422+0j),1.3041727649654073
B0034,319,130,24,3024.453,58.39093066235441,2.0358214749013905,0.0007095131673540082,(0.12721211058806703+0j),1.3534450073572306
B0034,321,131,24,3030.765,58.90073826779548,1.9730425062614987,0.0007295645048124444,(0.12721211058806703+0j),1.371294082513786
B0034,323,132,24,3020.813,58.27129279916865,2.0280193684749017,0.0007134785190582925,(0.12721211058806703+0j),1.357699321922511
B0034,325,133,24,2998.156,58.03064804249352,1.9435482703621492,0.0007469731917020101,(0.12721211058806703+0j),1.3286903090919502
B0034,327,134,24,2986.766,57.376456720947886,2.0636905936063763,0.0007099020321155997,(0.12721211058806703+0j),1.3143943268181724
B0034,331,135,24,3032.328,58.48728985101988,1.9437968709766946,0.0007352512654181709,(0.12614980127065387+0j),1.3866783030110723
B0034,335,136,24,3047.703,58.63748276638773,2.071041778175654,0.0006925630814201651,(0.12752737999818914+0j),1.3868330458429208
B0034,337,137,24,3034.968,57.63608525053667,2.185338383273266,0.0006579847495257244,(0.12752737999818914+0j),1.3548037379291014
B0034,339,138,24,3011.7339999999967,57.60594379182819,2.0310061849780774,0.0007129167234276459,(0.12752737999818914+0j),1.3255787669951669
B0034,341,139,24,3002.922,56.80159282025973,2.1906611266270994,0.0006630859316115863,(0.12752737999818914+0j),1.3119728676377553
B0034,343,140,24,2986.718,56.21047251769452,2.142279706628003,0.0006834720733756293,(0.12752737999818914+0j),1.3064487948795198
B0034,347,141,24,3006.203,57.153953136576106,2.160163197204225,0.0006721208337636843,(0.12712394156179058+0j),1.3418431880549024
B0034,349,142,24,3011.609,58.22840707938393,1.955449063066795,0.0007402191746953354,(0.12712394156179058+0j),1.3609210170759327
B0034,351,143,24,2985.953,56.896536733279625,2.186393196562525,0.0006690899842644037,(0.12712394156179058+0j),1.3299603677394973
B0034,353,144,24,2976.3129999999946,56.43024249534344,2.1725626411969494,0.0006755553934996147,(0.12712394156179058+0j),1.299069387625936
B0034,355,145,24,2964.75,56.60428484008346,2.107521375414201,0.0006998570184733145,(0.12712394156179058+0j),1.2984544371955695
B0034,359,146,24,2969.953,57.47493245382511,1.9724956503793716,0.000743844189031164,(0.12607750434285367+0j),1.3176486091610087
B0034,361,147,24,2988.453,57.43585109945852,2.15288424756184,0.0006797808797030889,(0.12607750434285367+0j),1.3360648564106594
B0034,363,148,24,3001.235,59.12207312090748,2.175170885643991,0.0006686971933561109,(0.12607750434285367+0j),1.3635797361860138
B0034,365,149,24,2976.234,58.23289082409849,2.0442124222047857,0.0007179842758664817,(0.12607750434285367+0j),1.3333112541544827
B0034,367,150,24,2950.39,57.69877961341635,2.030057772957424,0.0007286186032851763,(0.12607750434285367+0j),1.3023273463118925
B0034,371,151,24,2941.719,57.777112656377554,1.9600053057358238,0.0007547484246675428,(0.1258468150180572+0j),1.2888728444455875
B0034,373,152,24,2946.969,57.23966158430743,2.097517979952191,0.0007069887202865757,(0.1258468150180572+0j),1.2902746194203034
B0034,375,153,24,2936.171,57.39229514777536,2.063176636612858,0.0007216212271283312,(0.1258468150180572+0j),1.292407565676824
B0034,377,154,24,2927.281,57.49397345620112,2.050195394002453,0.0007286969290154405,(0.1258468150180572+0j),1.2954091505102339
B0034,379,155,24,2924.422,57.117778050999135,2.142448068324373,0.0006975399528444614,(0.1258468150180572+0j),1.283229881592695
B0034,383,156,24,3023.859,59.0081622348613,2.132265781269793,0.0006727683762675393,(0.1259459876773694+0j),1.4557454024367817
B0034,387,157,24,3056.172,59.53806687629183,1.9849347747870358,0.0007192370112904946,(0.12917547099435936+0j),1.454676342673242
B0034,389,158,24,3045.078,58.40787633507069,2.1394084619831197,0.0006703668683834129,(0.12917547099435936+0j),1.423427718198495
B0034,391,159,24,3034.25,58.34388806897325,2.04587233974925,0.0007042243410588933,(0.12917547099435936+0j),1.392551210363313
B0034,393,160,24,3022.609,58.00881689774913,2.0970875648564333,0.0006902841679568847,(0.12917547099435936+0j),1.3765732493746907
B0034,395,161,24,3028.828,58.52325787492752,2.0432611124631137,0.0007069715744164038,(0.12917547099435936+0j),1.3810190828982352
B0034,399,162,24,3037.875,59.508378271914516,1.961939116178396,0.0007312241633920399,(0.12933937692896205+0j),1.4007568321672863
B0034,401,163,24,3023.187,58.58184665309335,2.0966495970812926,0.0006911490856007254,(0.12933937692896205+0j),1.374645303479972
B0034,403,164,24,2996.922,57.97580640887124,2.126944667717326,0.0006875145814458458,(0.12933937692896205+0j),1.3345924114397838
B0034,405,165,24,2986.469,58.05700140061033,2.0654092965524384,0.0007128927156182422,(0.12933937692896205+0j),1.336396621564738
B0034,407,166,24,2979.219,57.78193242469556,2.148229610932935,0.0006816381292464609,(0.12933937692896205+0j),1.3069152971756248
B0034,411,167,24,2995.047,58.20713739139197,2.1586251956084066,0.0006751596497583468,(0.1288554727133594+0j),1.341539456674081
B0034,413,168,24,2989.828,58.613406449206195,2.095346963555327,0.0006977752464649317,(0.1288554727133594+0j),1.346388970161922
B0034,415,169,24,2989.391,58.64476637032693,2.0626265502864713,0.0007089837536963278,(0.1288554727133594+0j),1.344989807277774
B0034,417,170,24,2967.2810000000027,58.05107392892897,2.076505393409293,0.0007107677355456966,(0.1288554727133594+0j),1.3158760805047784
B0034,419,171,24,2962.609,58.291445432401005,1.9787021969242387,0.0007447658748658589,(0.1288554727133594+0j),1.2972766889740088
B0034,423,172,24,2957.016,58.02893221948005,2.0077745341235347,0.0007342241840098767,(0.12852359406860886+0j),1.2851255211005648
B0034,425,173,24,2973.281,58.80693345869639,1.984631695912844,0.0007384367946186505,(0.12852359406860886+0j),1.3190209156530253
B0034,427,174,24,2968.016,58.770145898372334,2.120505374633019,0.000695634840611112,(0.12852359406860886+0j),1.3410097849290994
B0034,429,175,24,2959.281,58.49257429310864,2.082697161198142,0.0007086348236716902,(0.12852359406860886+0j),1.326126983882746
B0034,431,176,24,2942.797000000006,58.33204656703581,1.9993127386412168,0.0007429281636864011,(0.12852359406860886+0j),1.3091442679990724
B0034,435,177,24,2978.89,59.3603280691461,2.0166716234512476,0.0007227952383379964,(0.12776245905704176+0j),1.363001289617145
B0034,439,178,24,2948.891,57.712318998766975,2.1864172793825265,0.0006761187220950334,(0.12876327329854925+0j),1.329285701687194
B0034,441,179,24,2938.547,57.633102922228126,2.1668802335410113,0.000684985338690855,(0.12876327329854925+0j),1.2969085930621855
B0034,443,180,24,2925.484,57.87686984231968,2.073777619248528,0.0007203577769196792,(0.12876327329854925+0j),1.2986285924941396
B0034,445,181,24,2917.297,57.47417762924851,2.1762844479074928,0.0006866402522453123,(0.12876327329854925+0j),1.2840657611821942
B0034,447,182,24,2918.938,57.69186868894567,2.178495224886361,0.0006900408585660953,(0.12876327329854925+0j),1.3021015914136362
B0034,451,183,24,2918.25,58.235126532756595,2.003802772888259,0.0007482675699136145,(0.12793445403942608+0j),1.3089076351731335
B0034,453,184,24,2915.4839999999967,58.159040648414255,1.9787571590097042,0.0007550069650162981,(0.12793445403942608+0j),1.2722519696513912
B0034,455,185,24,2906.015,57.66508009332591,2.137223761530643,0.0007031293303285169,(0.12793445403942608+0j),1.276011534360331
B0034,457,186,24,2894.14,57.950977227160536,2.026812719380422,0.0007436935701387567,(0.12793445403942608+0j),1.2605053003103004
B0034,459,187,24,2892.031,57.50629199129354,2.1955750105431733,0.000686205851227942,(0.12793445403942608+0j),1.2660681251347115
B0034,463,188,24,2888.719,57.45114086897508,2.198015566541252,0.0006853223892467552,(0.12739231957297595+0j),1.265829016865281
B0034,465,189,24,2875.641,57.51486337636169,2.1741564738787473,0.0006977697179102075,(0.12739231957297595+0j),1.2655873898206993
B0034,467,190,24,2860.7810000000027,58.24937682662199,1.9597037966635267,0.0007775512820272403,(0.12739231957297595+0j),1.2663598323027554
B0034,469,191,24,2852.844,57.97580626211991,2.0588486889378887,0.0007482156226517752,(0.12739231957297595+0j),1.2868479432728903
B0034,471,192,24,2854.64,57.6936935982226,2.1472699436122746,0.0007137083424757079,(0.12739231957297595+0j),1.270026164613209
B0034,475,193,24,2897.844,59.714275603056464,2.046243465893371,0.0007360297520624112,(0.1290102771463865+0j),1.34598253292492
B0034,477,194,24,2896.063,59.59622829096066,2.0152140329169153,0.0007488129452686674,(0.1290102771463865+0j),1.3286875315413778
B0034,479,195,24,2866.234,58.94389183765572,2.0220579671885415,0.0007540657479188906,(0.1290102771463865+0j),1.31203071983408
B0034,481,196,24,2836.609,58.684673836382025,1.9943823501630709,0.0007752245033021112,(0.1290102771463865+0j),1.295125492961198
B0034,483,197,24,2829.516,58.63989407541342,1.961659201159055,0.0007849665140428939,(0.1290102771463865+0j),1.2802601605963335
B0036,1,1,24,1819.406,25.25510878948548,2.692363558999662,0.0006352474656994761,,1.001982588175331
B0036,5,2,24,3260.531,26.547068220384585,2.685636595881031,0.00045729359240255453,(0.10298675265936502+0j),1.8011007566288924
B0036,7,3,24,3265.75,26.495839445842005,2.662489466857697,0.0004656812597777164,(0.10298675265936502+0j),1.8044229856020628
B0036,9,4,24,3264.109,26.383869073507284,2.6573808763123017,0.0004677480467374444,(0.10298675265936502+0j),1.804388833772829
B0036,11,5,24,3253.531,26.038513721787698,2.663543957344219,0.00046736738251866073,(0.10298675265936502+0j),1.7989248871784247
B0036,13,6,24,3242.578,25.52893924273116,2.6678994227263173,0.00046771163231000703,(0.10298675265936502+0j),1.792996521672392
B0036,17,7,24,3234.625,25.434898613415253,2.6568692251182435,0.00047089163396181813,(0.10126095415876296+0j),1.7885507985621891
B0036,19,8,24,3235.36,25.49992828339642,2.682881821919537,0.0004642244282640707,(0.10126095415876296+0j),1.7890856930727703
B0036,21,9,24,3236.125,25.538807420659257,2.643495320901669,0.0004763229897567291,(0.10126095415876296+0j),1.7893137312833287
B0036,23,10,24,3230.25,25.42021899627584,2.6529146015025353,0.0004743426561668405,(0.10126095415876296+0j),1.7860759459480868
B0036,25,11,24,3226.078,25.376173446672198,2.6640070437952477,0.00047154855727784677,(0.10126095415876296+0j),1.7836324249650817
B0036,29,12,24,3224.5,25.609167303887258,2.6528698625456295,0.0004738125502994685,(0.10139314834664595+0j),1.7829728738072719
B0036,31,13,24,3222.188,25.488141454729305,2.6683619850669116,0.00047082624697697076,(0.10139314834664595+0j),1.7813775963259668
B0036,33,14,24,3216.546000000002,25.39250622395775,2.6856316852084854,0.0004663425888426045,(0.10139314834664595+0j),1.7785359545932946
B0036,35,15,24,3211.859,25.45190297763985,2.683085255855837,0.0004677925742919535,(0.10139314834664595+0j),1.7759043090943398
B0036,37,16,24,3215.859,26.00580839279124,2.6821176155277855,0.00046749441946747453,(0.10139314834664595+0j),1.7780426649905914
B0036,41,17,24,3225.125,26.845307972510515,2.6596681327390566,0.0004719455600171011,(0.10251678155020212+0j),1.7830029333591655
B0036,43,18,24,3234.343,27.815052029087454,2.6726649868851067,0.00046790092833735424,(0.10251678155020212+0j),1.7883000424613877
B0036,45,19,24,3218.25,26.20275128566912,2.6506943508802054,0.00047688511383166043,(0.10251678155020212+0j),1.779294712578026
B0036,47,20,24,3203.5,25.704404765618435,2.6668651734647586,0.0004735699106302171,(0.10251678155020212+0j),1.7709235500451854
B0036,49,21,24,3194.39,25.460838794232757,2.699376305602087,0.0004649109502001109,(0.10251678155020212+0j),1.7659050180801104
B0036,53,22,24,3225.219,37.62543555779899,2.627373237504619,0.00047721782377937565,(0.10226225717620076+0j),1.7826929241469245
B0036,57,23,24,3252.985,36.14360152332376,2.6486517814110364,0.0004712715887060791,(0.10259514112165391+0j),1.7964662072920203
B0036,59,24,24,3245.25,35.625609247013934,2.6240374089622858,0.00048098528895315336,(0.10259514112165391+0j),1.7909083533422898
B0036,61,25,24,3235.031,35.57170100720283,2.626618792448541,0.000482172252144265,(0.10259514112165391+0j),1.78518002808874
B0036,63,26,24,3228.141,35.70160875626844,2.6336670386490053,0.00048092587900130083,(0.10259514112165391+0j),1.7811343176546524
B0036,65,27,24,3217.875,35.94641088579465,2.663548100827095,0.0004732077163517828,(0.10259514112165391+0j),1.7755577789223567
B0036,69,28,24,3220.219,36.334410213773005,2.645759955186599,0.0004771618151638585,(0.10204811463919115+0j),1.776885870616115
B0036,71,29,24,3210.234,35.97981353599547,2.682232775431839,0.0004682249264482429,(0.10204811463919115+0j),1.7713083410378214
B0036,73,30,24,3210.546,35.59540889841283,2.636976729427503,0.0004826706770674212,(0.10204811463919115+0j),1.7713348840874137
B0036,75,31,24,3200.969,35.45428075393079,2.6254732315495026,0.0004872212776253109,(0.10204811463919115+0j),1.7660842866405053
B0036,77,32,24,3188.625,35.64366066127881,2.6876812013759497,0.00046951657236842106,(0.10204811463919115+0j),1.7592793663412327
B0036,81,33,24,3191.735,36.101132129359335,2.68500337747393,0.0004691837892265426,(0.10212703107225769+0j),1.7610368813762423
B0036,83,34,24,3190.313,35.918627450147724,2.6519664988321767,0.00048061777628525013,(0.10212703107225769+0j),1.760242767365706
B0036,85,35,24,3182.156,35.53291026153138,2.6336440877825646,0.00048750734380201375,(0.10212703107225769+0j),1.7555899416034397
B0036,87,36,24,3180.156,35.58661163053266,2.627746605322606,0.0004900941400863647,(0.10212703107225769+0j),1.7545602176655593
B0036,89,37,24,3171.953,35.60387176093939,2.6356796620702037,0.0004883908530427434,(0.10212703107225769+0j),1.7499108336094897
B0036,93,38,24,3192.172,37.150900989394586,2.6450931525551966,0.00048172622036458165,(0.10231280847561808+0j),1.7610225525303758
B0036,95,39,24,3194.735,37.80882382148786,2.6704116794436663,0.00047412320803409685,(0.10231280847561808+0j),1.7624094574337117
B0036,97,40,24,3178.75,36.917059178726916,2.6837393111584085,0.00047227135465132693,(0.10231280847561808+0j),1.7536170397120676
B0036,99,41,24,3165.359,36.08766208839117,2.654784886935533,0.00048340510377335255,(0.10231280847561808+0j),1.7462044775191679
B0036,101,42,24,3155.25,35.833124475553674,2.650821200008131,0.0004860420759006788,(0.10231280847561808+0j),1.7406176172769725
B0036,105,43,24,3173.766,37.01706025174733,2.6761945611553157,0.000471899508231487,(0.10188149628078898+0j),1.750690404425682
B0036,109,44,24,3199.485,37.72356956982813,2.679442027657799,0.00046967588178155567,(0.10271644158370044+0j),1.765112055153915
B0036,111,45,24,3196.015,36.98324646085538,2.656640378340114,0.00047822208616937734,(0.10271644158370044+0j),1.7631888267564881
B0036,113,46,24,3595.281,39.35953919640877,2.697143455219266,0.00044304698755854275,(0.10271644158370044+0j),1.9854929528970957
B0036,117,47,24,3198.0,37.027075053721425,2.6612712387136295,0.0004756021794347044,(0.1040227495138019+0j),1.7653557308133239
B0036,119,48,24,3183.516,36.34456840908186,2.6908838763824483,0.0004692302235172606,(0.1040227495138019+0j),1.7571880383127276
B0036,121,49,24,3183.797,36.1535770040422,2.6365640724626367,0.0004862108650124717,(0.1040227495138019+0j),1.7573770661844437
B0036,123,50,24,3191.516,37.00649086775502,2.6235919177171154,0.0004896089779786806,(0.1040227495138019+0j),1.7617376127979814
B0036,125,51,24,3189.985,37.85686718856992,2.6614571813493306,0.0004775021056930911,(0.1040227495138019+0j),1.7606892547636663
B0036,129,52,24,3189.734,37.45005504798,2.640601067759597,0.00048334908225434526,(0.10327759437479733+0j),1.760669562156983
B0036,131,53,24,3176.016,36.77795934417618,2.6732282064652693,0.00047586912383899333,(0.10327759437479733+0j),1.752963802649152
B0036,133,54,24,3171.36,36.644215074090106,2.668754575341305,0.00047799320904118065,(0.10327759437479733+0j),1.750535708024147
B0036,135,55,24,3170.843,37.138598100953445,2.658195971284472,0.00048133293337111635,(0.10327759437479733+0j),1.7500761995337284
B0036,137,56,24,3164.672,37.11821986816654,2.6846493703739718,0.0004738820886072523,(0.10327759437479733+0j),1.7465957802278385
B0036,141,57,24,3177.453,38.21028860245779,2.668665957651981,0.00047637355011855167,(0.10429109231155877+0j),1.753614286788707
B0036,143,58,24,3172.375,37.5096400873081,2.6672344803975685,0.0004783502496519863,(0.10429109231155877+0j),1.750725029920349
B0036,145,59,24,3158.406,36.38797733722857,2.627654590987336,0.0004927920380363142,(0.10429109231155877+0j),1.7433053490810113
B0036,147,60,24,3141.578,36.055083131001204,2.6888969070187216,0.00047597569249333693,(0.10429109231155877+0j),1.7336625052776187
B0036,149,61,24,3138.187,35.91912656959304,2.6648936078550007,0.00048412734446972276,(0.10429109231155877+0j),1.7319207051538927
B0036,153,62,24,3157.969,37.598391918046985,2.652977190328466,0.0004841448984502358,(0.1035779067064479+0j),1.7428604522751463
B0036,155,63,24,3159.281,38.473409883226125,2.69728379874788,0.000470758314433969,(0.1035779067064479+0j),1.743306971099712
B0036,157,64,24,3150.375,37.37835847467748,2.666438804228148,0.0004819020504768806,(0.1035779067064479+0j),1.738524506272696
B0036,159,65,24,3134.078,36.32515383321495,2.644225504233063,0.0004913046745484281,(0.1035779067064479+0j),1.7295622663746972
B0036,161,66,24,3129.797,36.17136327433497,2.6270672485920983,0.0004974935971405666,(0.1035779067064479+0j),1.7273036765742085
B0036,165,67,24,3161.89,36.94271187003511,2.681073460503821,0.0004713874022543348,(0.10152573498525545+0j),1.7449370491071912
B0036,169,68,24,3196.859,37.96104323229247,2.6173518629094725,0.0004896278225949834,(0.10329401058872176+0j),1.7642432071133693
B0036,171,69,24,3171.906,36.73214755581345,2.6882522902609858,0.000471704573238906,(0.10329401058872176+0j),1.7504882032049596
B0036,173,70,24,3160.8429999999935,36.082389553135755,2.639398647353621,0.000488818296236164,(0.10329401058872176+0j),1.7442710815479923
B0036,175,71,24,3147.141,35.84834420893077,2.6623791019309224,0.00048350098951997024,(0.10329401058872176+0j),1.7365413923373951
B0036,177,72,24,3141.203,35.70394071930231,2.6561014633579925,0.00048648876358881445,(0.10329401058872176+0j),1.733223093105756
B0036,181,73,24,3151.047,37.23120350609712,2.6878503046332485,0.00047418867215268064,(0.10322078398378613+0j),1.73860622908762
B0036,183,74,24,3159.172,38.21827936701842,2.606635521236163,0.0004990887090827931,(0.10322078398378613+0j),1.7432134953746192
B0036,185,75,24,3141.047,36.626274908995,2.684954312438798,0.0004772887405786936,(0.10322078398378613+0j),1.7332698214832971
B0036,187,76,24,3135.0310000000027,36.01597323994527,2.6296325002671597,0.0004958852381903533,(0.10322078398378613+0j),1.7298906291663272
B0036,189,77,24,3117.984,35.64214686208444,2.676552998785705,0.0004833907224152916,(0.10322078398378613+0j),1.7204403348841348
B0036,193,78,24,3125.328,35.82141559167005,2.62514939238803,0.0004984287763185337,(0.10288925405024021+0j),1.724420729012913
B0036,195,79,24,3120.172,35.84687241575459,2.628502877540015,0.0004984712463955503,(0.10288925405024021+0j),1.7214872814061166
B0036,197,80,24,3116.641,35.6948403215532,2.619866867748,0.0005018135133663168,(0.10288925405024021+0j),1.7197448773569262
B0036,199,81,24,3110.844,35.819676472043525,2.6612878285284127,0.0004894660782273928,(0.10288925405024021+0j),1.7164304142145894
B0036,201,82,24,3101.406,35.629734084261784,2.6699917743429817,0.0004881899105505836,(0.10288925405024021+0j),1.7112029253299619
B0036,205,83,24,3099.563,35.66196676336087,2.6688661295694205,0.00048814684145604163,(0.10231554345357728+0j),1.7102343231599222
B0036,207,84,24,3104.64,35.75183992747387,2.6222751020303923,0.0005029909745402769,(0.10231554345357728+0j),1.713096882151029
B0036,209,85,24,3099.875,35.77783462667514,2.643376209522438,0.0004969756752155229,(0.10231554345357728+0j),1.7103708617208135
B0036,211,86,24,3093.25,35.713721223369035,2.6362266436030413,0.0005003704096895197,(0.10231554345357728+0j),1.7064617296121434
B0036,213,87,24,3086.688,35.725860691702124,2.6753943315026825,0.0004886422673652671,(0.10231554345357728+0j),1.7029429979110946
B0036,217,88,24,3094.281,35.768527567848494,2.626280067476453,0.0005030536467211541,(0.1029340973647276+0j),1.7072612643840062
B0036,219,89,24,3088.328,35.84926876193408,2.6699754309728454,0.000490156630016376,(0.1029340973647276+0j),1.7038637196766078
B0036,221,90,24,3095.687,36.56783936040424,2.6485692977117936,0.0004959096847326572,(0.1029340973647276+0j),1.7079617948422274
B0036,223,91,24,3102.062,37.22026804863562,2.652784779103966,0.000493543364135537,(0.1029340973647276+0j),1.7113022833627787
B0036,225,92,24,3107.141,37.24354714231705,2.61112320884266,0.0005061959999250836,(0.1029340973647276+0j),1.714122057472244
B0036,229,93,24,3090.719,36.101954503621805,2.6171931724123265,0.0005065867802262214,(0.1016677917003621+0j),1.7053324925701605
B0036,231,94,24,3069.812,35.590895284221084,2.6630699292303373,0.0004953222188616666,(0.1016677917003621+0j),1.6934609472531408
B0036,233,95,24,3064.437,35.41708929698686,2.659720848238619,0.0004972481149858553,(0.1016677917003621+0j),1.6905244127230223
B0036,235,96,24,3083.25,36.542285984903515,2.6273527452578365,0.0005055953386713955,(0.1016677917003621+0j),1.7007774858498304
B0036,237,97,24,3076.484,37.06815080209899,2.679397409659904,0.0004889769298574698,(0.1016677917003621+0j),1.6971104467944576
B0036,241,98,24,3081.297,36.82684422999281,2.6638409912727004,0.0004927697941121116,(0.10427789287305993+0j),1.6997924522951837
B0036,243,99,24,3065.953,35.92988720620677,2.638750759665419,0.0005038414966066762,(0.10427789287305993+0j),1.6912704773954121
B0036,245,100,24,3055.828,35.781290058222865,2.6521564133104056,0.000501057311715945,(0.10427789287305993+0j),1.6857127009469863
B0036,247,101,24,3051.468,35.83938701624516,2.6736629264226712,0.000494708097047258,(0.10427789287305993+0j),1.6832093771286156
B0036,249,102,24,3069.0,37.17156479403066,2.665966871855665,0.0004944695814430502,(0.10427789287305993+0j),1.692886364169521
B0036,253,103,24,3079.235,37.84191340591018,2.6818321771597287,0.000487073787484876,(0.10444298567373146+0j),1.6984668174144633
B0036,255,104,24,3070.344,36.94021929474592,2.6354438765341697,0.0005041858885042272,(0.10444298567373146+0j),1.6935813413828429
B0036,257,105,24,3051.4839999999967,35.979852438003704,2.633581331346773,0.0005078906357994762,(0.10444298567373146+0j),1.6830951253781283
B0036,259,106,24,3054.812,35.91143435448471,2.6164895194312585,0.0005139404201409322,(0.10444298567373146+0j),1.6850462226942986
B0036,261,107,24,3046.532,36.0224357923641,2.662037646915503,0.0005003930032201916,(0.10444298567373146+0j),1.6803098840017598
B0036,265,108,24,3071.782,37.65075812929836,2.6705894388847278,0.0004922957279079272,(0.10453206876345725+0j),1.6944038437227715
B0036,267,109,24,3074.532,38.27191158762031,2.668638829617292,0.0004927583170748176,(0.10453206876345725+0j),1.6955686127180103
B0036,269,110,24,3053.656,37.26845925037034,2.6931351824491827,0.00048807414150625866,(0.10453206876345725+0j),1.6841854728350405
B0036,271,111,24,3031.953,36.23919416621716,2.6913462011853904,0.0004921098910173216,(0.10453206876345725+0j),1.6722180144870118
B0036,273,112,24,3023.5,35.989930424393194,2.6988025346836504,0.0004909598776444044,(0.10453206876345725+0j),1.6675976965747183
B0036,277,113,24,3042.703,36.752805224654765,2.6523436778902467,0.0005028092676883272,(0.10353426870050861+0j),1.6781873787039017
B0036,279,114,24,4424.203,38.49714613607372,2.691307184686052,0.0004131693697058413,(0.10353426870050861+0j),2.4440624320786557
B0036,283,115,24,3066.766,37.31224141481378,2.6565288043863395,0.0004972565054475189,(0.10441836486225645+0j),1.6913403148932205
B0036,285,116,24,3046.125,36.59740421257035,2.680162151919943,0.0004935403653717425,(0.10441836486225645+0j),1.6802787096613283
B0036,287,117,24,3033.625,36.44126696853565,2.686423419926791,0.0004935338884096957,(0.10441836486225645+0j),1.673147301023026
B0036,289,118,24,3028.562,36.32670051789851,2.672431142055385,0.0004989218391018389,(0.10441836486225645+0j),1.6704292090032429
B0036,291,119,24,3020.984,36.29811998606583,2.6906755654263526,0.0004940287084382711,(0.10441836486225645+0j),1.6659903350115992
B0036,295,120,24,3017.391,36.315665405173284,2.697829479340451,0.0004915217709715063,(0.10229360214237315+0j),1.664241575272447
B0036,297,121,24,3022.14,36.31712206468977,2.6506127411002423,0.0005070335226677957,(0.10229360214237315+0j),1.6668450767774965
B0036,299,122,24,3009.016,36.228571111440864,2.690672074169337,0.0004960328427980911,(0.10229360214237315+0j),1.6594501560667536
B0036,301,123,24,3014.672,36.35810336081934,2.6272249252599598,0.0005162956089228275,(0.10229360214237315+0j),1.662412523067319
B0036,303,124,24,3010.703,36.29901438256062,2.6243035932050947,0.0005178374489320125,(0.10229360214237315+0j),1.6603526083225701
B0036,307,125,24,3011.75,36.42868217427085,2.6669662761212,0.000503282878039737,(0.10290383805205343+0j),1.6610231379633236
B0036,309,126,24,3005.734,36.39664144336581,2.6573427494924386,0.0005077223967142618,(0.10290383805205343+0j),1.6575187557321613
B0036,311,127,24,2993.75,36.317435246585276,2.6914302974482167,0.000498293380734129,(0.10290383805205343+0j),1.6507877959674548
B0036,313,128,24,2998.125,36.40596657880105,2.641029666264374,0.0005143814995031584,(0.10290383805205343+0j),1.6532570062110141
B0036,315,129,24,2990.859,36.28093983069052,2.6663067674348446,0.0005071558500699023,(0.10290383805205343+0j),1.6494214846772686
B0036,319,130,24,3024.453,37.95295717388789,2.6520245119510846,0.0005060293146094277,(0.10408568066227294+0j),1.6678591915666705
B0036,321,131,24,3030.765,38.41829396059596,2.650846498933422,0.0005056868108522487,(0.10408568066227294+0j),1.670862764324967
B0036,323,132,24,3020.813,37.82488704281872,2.636443131108017,0.0005121187872927749,(0.10408568066227294+0j),1.6658118164053368
B0036,325,133,24,2998.156,36.92206046060923,2.6573768263158466,0.0005089267070018522,(0.10408568066227294+0j),1.6532998517617
B0036,327,134,24,2986.766,36.61884081007243,2.661750337550587,0.0005094058930387582,(0.10408568066227294+0j),1.6468787023528522
B0036,331,135,24,3032.328,37.26760229905419,2.6766475071440374,0.0004938905201185775,(0.10374148695325093+0j),1.6718953249703756
B0036,335,136,24,3047.703,38.257226591815964,2.683234032060573,0.0004915315027691449,(0.10467308759463242+0j),1.6807743463585727
B0036,337,137,24,3034.968,37.22999793294153,2.622356052772389,0.0005142281115269917,(0.10467308759463242+0j),1.6737717086703074
B0036,339,138,24,3011.7339999999967,36.750095375605376,2.6656468752025866,0.0005039190399709625,(0.10467308759463242+0j),1.6605773762487392
B0036,341,139,24,3002.922,36.461339694064534,2.6416903037262225,0.0005132804416722044,(0.10467308759463242+0j),1.655987781146086
B0036,343,140,24,2986.718,36.121581178683655,2.6595878021770023,0.0005098437267531083,(0.10467308759463242+0j),1.6468623183898439
B0036,347,141,24,3006.203,37.62901534109348,2.687257575540443,0.0004969312656982586,(0.10468141657909363+0j),1.6574621175432847
B0036,349,142,24,3011.609,38.17206500603514,2.6749338603361448,0.0005006123033919626,(0.10468141657909363+0j),1.6603991175216894
B0036,351,143,24,2985.953,37.074417465672504,2.6883490982654625,0.0005003831427313063,(0.10468141657909363+0j),1.6460789092837111
B0036,353,144,24,2976.3129999999946,36.555960407488875,2.6341133806914536,0.000520165887933072,(0.10468141657909363+0j),1.6408366462659327
B0036,355,145,24,2964.75,36.35822055804636,2.6535520046660226,0.0005156688563458906,(0.10468141657909363+0j),1.6344408920281601
B0036,359,146,24,2969.953,37.04815005782166,2.682065697865543,0.0005046334261424397,(0.1043656977117543+0j),1.6374039186504212
B0036,361,147,24,2988.453,37.78142773101782,2.623022825320866,0.0005218170541252258,(0.1043656977117543+0j),1.64738207540524
B0036,363,148,24,3001.235,38.98412239569435,2.638877668106794,0.0005144470122585014,(0.1043656977117543+0j),1.6545646441622355
B0036,365,149,24,2976.234,37.65911041193654,2.6345026369215763,0.0005201962621708663,(0.1043656977117543+0j),1.640896560729935
B0036,367,150,24,2950.39,36.92167189475025,2.6856425973144904,0.0005074697518905889,(0.1043656977117543+0j),1.6265229979339635
B0036,371,151,24,2941.719,36.59954969750561,2.68786797873656,0.0005074522430733054,(0.10292594093335367+0j),1.6217349144630457
B0036,373,152,24,2946.969,36.62217023847058,2.6302060684262494,0.0005268714834459195,(0.10292594093335367+0j),1.6248200059639546
B0036,375,153,24,2936.171,36.590898812608955,2.6641914790243417,0.0005171446479160649,(0.10292594093335367+0j),1.61880119736137
B0036,377,154,24,2927.281,36.59234456560626,2.689303373660729,0.0005100990965015432,(0.10292594093335367+0j),1.6137350490334217
B0036,379,155,24,2924.422,36.48018480302178,2.65147651386545,0.0005235424179273185,(0.10292594093335367+0j),1.612012823654141
B0036,383,156,24,3023.859,38.23567263982747,2.6896892125914618,0.0004892291457435531,(0.10361531096976208+0j),1.6671032556887178
B0036,387,157,24,3056.172,37.930952706812825,2.6628469651561684,0.0004968388119308589,(0.10425632204271053+0j),1.6850133383886254
B0036,389,158,24,3045.078,37.19257582780181,2.626900680068646,0.000511041083617612,(0.10425632204271053+0j),1.6786654987614698
B0036,391,159,24,3034.25,36.76201438343683,2.6081515730092875,0.0005188447350527837,(0.10425632204271053+0j),1.6729763502191373
B0036,393,160,24,3022.609,36.54833629882202,2.6357331981420877,0.0005118199464029058,(0.10425632204271053+0j),1.666489034299654
B0036,395,161,24,3028.828,37.37954300419149,2.629018498984386,0.0005131693438622361,(0.10425632204271053+0j),1.6698420840710908
B0036,399,162,24,3037.875,38.17965570439169,2.6266603184816235,0.0005116415055533597,(0.1051440682725413+0j),1.6746744228027035
B0036,401,163,24,3023.187,37.06880928199277,2.602450788874241,0.000522713162766379,(0.1051440682725413+0j),1.6665045335145643
B0036,403,164,24,2996.922,36.3207199175235,2.662872873818505,0.0005070514259315892,(0.1051440682725413+0j),1.6522220848347273
B0036,405,165,24,2986.469,36.10688426616758,2.6641259048235493,0.0005083680555575068,(0.1051440682725413+0j),1.6462718275099526
B0036,407,166,24,2979.219,36.31248307899438,2.6980994427054057,0.0004983380417323267,(0.1051440682725413+0j),1.642399234692521
B0036,411,167,24,2995.047,37.07549861586275,2.649240292513478,0.0005113845685405194,(0.10361605786053248+0j),1.651178607099992
B0036,413,168,24,2989.828,37.414877687125575,2.691344905562854,0.0004988412762007518,(0.10361605786053248+0j),1.6481683120281931
B0036,415,169,24,2989.391,37.09639528593206,2.6312837349184783,0.0005189258703842344,(0.10361605786053248+0j),1.6478887725428397
B0036,417,170,24,2967.2810000000027,36.366051667033084,2.6584363442335084,0.000513727714381598,(0.10361605786053248+0j),1.635843650915682
B0036,419,171,24,2962.609,36.234238027710575,2.6231998193879877,0.0005263723520251343,(0.10361605786053248+0j),1.6332362811945516
B0036,423,172,24,2957.016,36.13330283566238,2.633671931011382,0.0005232279939901903,(0.10327097874703314+0j),1.629926467682987
B0036,425,173,24,2973.281,37.40631592104371,2.613160298710749,0.0005277709390678224,(0.10327097874703314+0j),1.6387862629287224
B0036,427,174,24,2968.016,37.77076533558071,2.664776371262019,0.0005114845097954987,(0.10327097874703314+0j),1.6359654863840773
B0036,429,175,24,2959.281,37.14813436098321,2.632939371611515,0.000523715641073924,(0.10327097874703314+0j),1.631137043967566
B0036,431,176,24,2942.797000000006,36.53239990681521,2.6282834158429433,0.0005281070428413314,(0.10327097874703314+0j),1.6220189720888463
B0036,435,177,24,2978.89,37.81511547301817,2.6382695335398956,0.0005157501705855007,(0.10393642754152782+0j),1.6416044978422155
B0036,439,178,24,2948.891,36.404593910301536,2.666855394758346,0.0005133214493532589,(0.10496266026459208+0j),1.6253090231457805
B0036,441,179,24,2938.547,36.31178502135717,2.645771603606621,0.0005229081103336105,(0.10496266026459208+0j),1.6196134522239483
B0036,443,180,24,2925.484,36.180551238597374,2.6749192828697232,0.0005153478670253392,(0.10496266026459208+0j),1.6124236174774371
B0036,445,181,24,2917.297,36.10348020899565,2.6772635289500464,0.0005159799077478548,(0.10496266026459208+0j),1.6077701029913394
B0036,447,182,24,2918.938,36.398158452424276,2.651409246777448,0.0005244233015013514,(0.10496266026459208+0j),1.6088077531981582
B0036,451,183,24,2918.25,36.348677496156625,2.6359845840555653,0.0005291186881387777,(0.10332696082878198+0j),1.6083556258734268
B0036,453,184,24,2915.4839999999967,36.30340414585353,2.6203632515294,0.0005357967420572645,(0.10332696082878198+0j),1.6068202519011539
B0036,455,185,24,2906.015,36.26566178605087,2.6353503124760125,0.0005323619507659054,(0.10332696082878198+0j),1.601770977206713
B0036,457,186,24,2894.14,36.17313667131571,2.665160202735034,0.0005242009994692574,(0.10332696082878198+0j),1.594911734692208
B0036,459,187,24,2892.031,36.20038317528244,2.6439462094074133,0.0005319102367959846,(0.10332696082878198+0j),1.5938139125387372
B0036,463,188,24,2888.719,36.12974352283867,2.680823910703161,0.0005198999539524011,(0.10386318553993985+0j),1.5920273129504596
B0036,465,189,24,2875.641,36.15128962766672,2.6584332895177942,0.0005299312744375127,(0.10386318553993985+0j),1.5847361549778751
B0036,467,190,24,2860.7810000000027,36.06503580876304,2.6858136443865597,0.0005229611098102885,(0.10386318553993985+0j),1.5763429363936798
B0036,469,191,24,2852.844,36.12802521407918,2.686590802386354,0.0005241753252581523,(0.10386318553993985+0j),1.5720229174642286
B0036,471,192,24,2854.64,36.26774799217623,2.6569680605487678,0.000534240272135546,(0.10386318553993985+0j),1.5729874285512353
B0036,475,193,24,2897.844,38.43630283495838,2.676038889381632,0.0005191016088346949,(0.10657419567798392+0j),1.596985400389019
B0036,477,194,24,2896.063,38.52063845392343,2.6188084347235887,0.0005397983011487077,(0.10657419567798392+0j),1.595726023703856
B0036,479,195,24,2866.234,37.489412293667954,2.645949573946669,0.0005359464056298937,(0.10657419567798392+0j),1.579500338340559
B0036,481,196,24,2836.609,36.78751789975617,2.6883439532038187,0.000526446584302084,(0.10657419567798392+0j),1.5629469877520186
B0036,483,197,24,2829.516,36.62637340717898,2.67894320816739,0.0005312483015295882,(0.10657419567798392+0j),1.5591129431541175
B0038,1,1,24,982.938,51.693778100060996,2.1981645845929387,0.0018871506175786917,,0.8980573709676724
B0038,5,2,24,1489.953,51.136880141242045,2.173538006790758,0.0013500885419395455,(0.13540866462635234+0j),1.1026236331914077
B0038,7,3,24,1479.703,51.3517572303697,2.191128315273502,0.001348793111034605,(0.13540866462635234+0j),1.0885801879473431
B0038,9,4,24,1468.172,49.541551118224994,2.1749283790642226,0.0013706716267467662,(0.13540866462635234+0j),1.0613249847591086
B0038,11,5,24,1457.0,49.944004344349516,2.1623047751632316,0.001388931311264531,(0.13540866462635234+0j),1.0347062057983545
B0038,13,6,24,1437.047,50.47284162905345,2.1523889970129018,0.0014159010110816495,(0.13540866462635234+0j),1.0269978594353013
B0038,17,7,24,1170.531,49.83589725328242,2.1947161370182617,0.0016964463195234545,(0.14095891531709845+0j),1.0785019710989419
B0038,21,8,24,1436.141,50.058224679961086,2.1463956973341785,0.0014184518558892807,(0.13906044868377077+0j),1.0638897478802845
B0038,23,9,24,1420.172,49.70254627455938,2.1983669967426582,0.0013996567461643976,(0.13906044868377077+0j),1.0366551223324423
B0038,25,10,24,1397.0,51.354295522888854,2.1858064268526136,0.001431665524890437,(0.13906044868377077+0j),1.030941327482094
B0038,27,11,24,1393.25,50.44246795838984,2.151862863027953,0.0014599703189395337,(0.13906044868377077+0j),1.0140084541034655
B0038,29,12,24,1380.938,51.33205933952721,2.164578187429903,0.001464057669081176,(0.13906044868377077+0j),1.008516095994519
B0038,33,13,44,6375.828,49.52801806570102,2.180206803089782,0.000313296318268735,(0.14175666162727368+0j),1.7419245088095903
B0038,37,14,44,6574.671,49.28701938671706,2.1921466685430167,0.0003033572280529639,(0.14427998452270668+0j),1.779741859708433
B0038,39,15,44,6571.156000000003,49.17905905171433,2.16658130125341,0.0003077619844145985,(0.14427998452270668+0j),1.7815666306452766
B0038,41,16,44,6569.11,49.180910484252195,2.1366453580856253,0.00031248632481713565,(0.14427998452270668+0j),1.7834859577156017
B0038,43,17,44,6558.75,49.05688408240341,2.1909799678189845,0.0003047601453195122,(0.14427998452270668+0j),1.7864411650415675
B0038,45,18,44,6567.516,49.130320508041244,2.166402675362294,0.0003082843856608127,(0.14427998452270668+0j),1.7859997608067948
B0038,49,19,44,6430.172,49.23198595690627,2.145739105715045,0.00031655407477076736,(0.14648742178282997+0j),1.7769523773001608
B0038,53,20,44,6554.327999999994,49.16417337699806,2.139096537674337,0.0003122547243568784,(0.1455291574783139+0j),1.781428917321899
B0038,55,21,44,6560.922,49.04035070342245,2.1550256706410824,0.0003100637733197682,(0.1455291574783139+0j),1.7859452772697197
B0038,57,22,44,6559.047,48.97912041843542,2.1776344857025127,0.0003068027048090661,(0.1455291574783139+0j),1.785208429691551
B0038,59,23,44,6553.781,48.978872169562095,2.1804158381574807,0.0003065908356715886,(0.1455291574783139+0j),1.783596609584544
B0038,61,24,44,6540.187,49.04045996790738,2.1075006723313274,0.0003181641545717165,(0.1455291574783139+0j),1.7796783152744713
B0038,65,25,44,6535.922,48.958853345028835,2.1931517470679913,0.00030522272168974205,(0.14500986523159493+0j),1.7841102592788645
B0038,67,26,44,6544.078,49.017772603097235,2.1577326042974923,0.00031050679754804225,(0.14500986523159493+0j),1.7833032331592193
B0038,69,27,44,6531.187,48.99249018111872,2.1621899189117855,0.00031019506281319695,(0.14500986523159493+0j),1.7796186141356956
B0038,71,28,44,6528.562,48.94618497316047,2.199945094089768,0.00030465814699900907,(0.14500986523159493+0j),1.7816592334352586
B0038,73,29,44,6525.187,49.0209427982368,2.1302151249881103,0.00031529023547639383,(0.14500986523159493+0j),1.7775911304124035
B0038,77,30,44,6515.938,49.014180829264426,2.164304791761506,0.0003102378148332501,(0.14584673174899057+0j),1.777701881971679
B0038,79,31,44,6532.015,49.08755174393166,2.103101288221301,0.00031909634764007395,(0.14584673174899057+0j),1.7789547618270618
B0038,81,32,44,6527.922,49.000307836809725,2.1449886066523933,0.0003132771279416652,(0.14584673174899057+0j),1.7807753731135043
B0038,83,33,44,6519.328,49.05042538685695,2.1205293855533207,0.00031726149872563734,(0.14584673174899057+0j),1.778415319026661
B0038,85,34,44,6510.063,49.08198729235301,2.1339834463152427,0.00031583051998619263,(0.14584673174899057+0j),1.7789773899108463
B0038,89,35,44,6501.718,49.132796873113755,2.1093887147366805,0.0003196377183727483,(0.1456213343445297+0j),1.7792479347236045
B0038,91,36,44,6509.047,49.13552693190528,2.098244904990502,0.0003212244482301017,(0.1456213343445297+0j),1.7779204573685081
B0038,93,37,44,6502.438,49.04172173314357,2.1367946107881166,0.0003156292139083116,(0.1456213343445297+0j),1.779227040224144
B0038,95,38,44,6502.047,49.09468753497383,2.103206542363035,0.00032077297979479124,(0.1456213343445297+0j),1.7760634320079352
B0038,97,39,44,6498.86,49.057064718364046,2.1895312972615004,0.00030750218421664424,(0.1456213343445297+0j),1.775103937963957
B0038,101,40,44,3162.047,54.42193934195762,2.1594623220347016,0.0006396496476179395,(0.14528367016745133+0j),1.733064100138742
B0038,105,41,44,3173.141,54.61602412701822,2.023065783993831,0.0006818670089641524,(0.14618259692836447+0j),1.7394892806215223
B0038,107,42,44,3169.844,54.621843575697525,2.0028176202456365,0.0006899042875104786,(0.14618259692836447+0j),1.7378064360392924
B0038,109,43,44,3156.563,54.57283441287881,2.061244397117138,0.0006738009657086067,(0.14618259692836447+0j),1.730028145799833
B0038,111,44,44,3155.047,54.65884815489962,2.030738155835073,0.0006840762355436573,(0.14618259692836447+0j),1.7290404566542985
B0038,113,45,44,3142.312,54.51993729622157,2.1901431826977382,0.0006362077484038592,(0.14618259692836447+0j),1.7286072907068815
B0038,117,46,44,1485.047,69.28796559754325,2.11587711023423,0.00138635023102691,(0.14679376835166247+0j),1.52573884649634
B0038,121,47,44,1489.313,69.86974573152932,2.052769819032336,0.0014326949804749722,(0.15644311656628923+0j),1.5301475534434217
B0039,1,1,24,982.938,41.68577610887712,2.4897962179516666,0.0016161037349697463,,0.11903831859341765
B0039,5,2,24,1489.953,42.96184230643531,2.4756646285889476,0.00115827080596188,(0.11851988744947953+0j),0.4729861500927512
B0039,7,3,24,1479.703,43.606076550083,2.497942856856816,0.0011520272800157173,(0.11851988744947953+0j),0.16280793829202067
B0039,9,4,24,1468.172,43.90627471664096,2.480114715641411,0.0011733928742500464,(0.11851988744947953+0j),0.4787632853388766
B0039,11,5,24,1457.0,44.013774813837145,2.4872303300157066,0.0011776908280115678,(0.11851988744947953+0j),0.4711383364607152
B0039,13,6,24,1437.047,42.922031048645835,2.489183697067473,0.0011926867453532454,(0.11851988744947953+0j),0.4668172561120673
B0039,17,7,24,1170.531,43.24542727979999,2.498492440398465,0.001452958540305866,(0.102144213673012+0j),0.4699932676625547
B0039,21,8,24,1436.141,43.86578283702087,2.4971812527928607,0.0011868984778900607,(0.1014537466753826+0j),0.4627052684317185
B0039,23,9,24,1420.172,43.67270130471354,2.4988010332333745,0.0011997638936430085,(0.1014537466753826+0j),0.46049447826560974
B0039,25,10,24,1397.0,43.79137016976176,2.487295552712161,0.001227977269087718,(0.1014537466753826+0j),0.4412227248835694
B0039,27,11,24,1393.25,43.92654641714406,2.4958019219001284,0.0012251123360377874,(0.1014537466753826+0j),0.44354421943965844
B0039,29,12,24,1380.938,43.36143647499468,2.498934011647546,0.0012338963508613896,(0.1014537466753826+0j),0.4126655541164234
B0039,33,13,44,6375.828,48.10057733769074,2.4987062304520014,0.0002664105419441387,(0.09650113796737751+0j),1.7461791006389626
B0039,37,14,44,6574.671,48.36094927051516,2.473002904156423,0.0002634306004137975,(0.10575691934226002+0j),1.7695250734505363
B0039,39,15,44,6571.156000000003,48.205077970133914,2.4894344650176916,0.00026159989894041484,(0.10575691934226002+0j),1.7715391419501945
B0039,41,16,44,6569.11,48.181498766889746,2.473981445559395,0.0002637978028505201,(0.10575691934226002+0j),1.770625483958279
B0039,43,17,44,6558.75,48.22285805925047,2.4673788761032256,0.00026538095953522705,(0.10575691934226002+0j),1.7704040639447296
B0039,45,18,44,6567.516,48.311132730789595,2.458737817987512,0.0002662329942167153,(0.10575691934226002+0j),1.7695081788801759
B0039,49,19,44,6430.172,48.31988246057892,2.4562277920171924,0.0002708229659147116,(0.10431068055669727+0j),1.7638356274269416
B0039,53,20,44,6554.327999999994,48.191612511475654,2.4379313646643412,0.0002695281780329542,(0.10372260075043041+0j),1.7715725869786123
B0039,55,21,44,6560.922,48.22746339794149,2.4476008226100348,0.00026832864449097374,(0.10372260075043041+0j),1.7701196454489683
B0039,57,22,44,6559.047,48.171946839870586,2.467377500135635,0.0002652466819670603,(0.10372260075043041+0j),1.7667569752860521
B0039,59,23,44,6553.781,48.20204512091098,2.457416820096295,0.0002669730233317845,(0.10372260075043041+0j),1.7648743629092642
B0039,61,24,44,6540.187,48.208085483124755,2.4702283951852175,0.0002656806154933013,(0.10372260075043041+0j),1.763838685943225
B0039,65,25,44,6535.922,48.216947901934525,2.47756542534469,0.00026416931973500456,(0.10216367165923392+0j),1.7657225752056789
B0039,67,26,44,6544.078,48.23861432117145,2.480137502417058,0.0002639559319900284,(0.10216367165923392+0j),1.7645632809383045
B0039,69,27,44,6531.187,48.2409468668017,2.4411463439008707,0.0002704020222290838,(0.10216367165923392+0j),1.7608991948479125
B0039,71,28,44,6528.562,48.28638353591076,2.4393843779206725,0.0002708455503083164,(0.10216367165923392+0j),1.7598362095817717
B0039,73,29,44,6525.187,48.23633627651948,2.49689484054888,0.00026210014324231924,(0.10216367165923392+0j),1.7590955400143164
B0039,77,30,44,6515.938,48.268194411694395,2.465533668800099,0.0002668275451066383,(0.1047400112572983+0j),1.7560495443976523
B0039,79,31,44,6532.015,48.25892855404056,2.487866062972102,0.00026308117049022895,(0.1047400112572983+0j),1.7571677199949287
B0039,81,32,44,6527.922,48.27406092264485,2.480376897645346,0.0002645429032978786,(0.1047400112572983+0j),1.7558911269459976
B0039,83,33,44,6519.328,48.37743085469793,2.4235129554433494,0.00027363057243731686,(0.1047400112572983+0j),1.7533419072229914
B0039,85,34,44,6510.063,48.34229218799801,2.4421166575524973,0.0002711273488878795,(0.1047400112572983+0j),1.7506673845335168
B0039,89,35,44,6501.718,48.35205523072366,2.48916723023537,0.00026371945218753653,(0.10388916051668466+0j),1.7510006664162403
B0039,91,36,44,6509.047,48.36227474052515,2.486277943958813,0.00026442076002085985,(0.10388916051668466+0j),1.7496058853847873
B0039,93,37,44,6502.438,48.39407566049798,2.4621592876012923,0.0002683286574577231,(0.10388916051668466+0j),1.7477359172183355
B0039,95,38,44,6502.047,48.40712816602448,2.419307605326947,0.0002749697243176961,(0.10388916051668466+0j),1.7444225468099093
B0039,97,39,44,6498.86,48.476824345274245,2.498091152649448,0.00026294013390759386,(0.10388916051668466+0j),1.743308366083936
B0039,101,40,44,3162.047,52.90221489344579,2.4729033909981424,0.0005451441496272477,(0.10367964289518751+0j),1.6556691733888471
B0039,105,41,44,3173.141,53.04880173105535,2.482404434239833,0.0005426335880269506,(0.10260174191072342+0j),1.64297669457593
B0039,107,42,44,3169.844,53.017440171542674,2.4529055944220666,0.0005532036074494247,(0.10260174191072342+0j),1.6343822729361266
B0039,109,43,44,3156.563,53.07430485716129,2.442965370421763,0.0005588038883142892,(0.10260174191072342+0j),1.6265067062165601
B0039,111,44,44,3155.047,53.15177003577248,2.450251182214539,0.0005567708756677579,(0.10260174191072342+0j),1.618865991735961
B0039,113,45,44,3142.312,53.01718592680281,2.447037438010891,0.0005599499888649276,(0.10260174191072342+0j),1.6114968339209264
B0039,117,46,44,1485.047,63.94078057196598,2.4740907394153795,0.0011549049666167168,(0.10459572193166208+0j),1.3240805773461226
B0039,121,47,44,1489.313,64.14381595669508,2.442276380666166,0.001182966046170487,(0.1065281068779178+0j),1.3153386221697692
B0040,1,1,24,982.938,40.67740211970284,2.689034363728547,0.0014029310884826887,,0.6734628137095633
B0040,5,2,24,1489.953,41.121867004450536,2.6944224499802396,0.000997955619672714,(0.1219059975893953+0j),0.7913062105760345
B0040,7,3,24,1479.703,41.63283156392668,2.6769978869674524,0.001017212120448304,(0.1219059975893953+0j),0.7865824034601745
B0040,9,4,24,1468.172,41.715752737182754,2.675172001926867,0.0010264101451393519,(0.1219059975893953+0j),0.7795871426061582
B0040,11,5,24,1457.0,41.61695629052659,2.69268420954805,0.001022021699301349,(0.1219059975893953+0j),0.7628241523125163
B0040,13,6,24,1437.047,40.41568117134027,2.695919341909784,0.0010340918006328432,(0.1219059975893953+0j),0.7405021514606399
B0040,17,7,24,1170.531,41.6427020562054,2.6973035934049494,0.0012647115256734568,(0.11735952503933766+0j),0.7783970881100656
B0040,21,8,24,1436.141,41.666127528934624,2.680482862570943,0.0010449772016635816,(0.11643602363821205+0j),0.7733165409025605
B0040,23,9,24,1420.172,41.55823578501682,2.6867581507978358,0.0010530537776073478,(0.11643602363821205+0j),0.7589575236409498
B0040,25,10,24,1397.0,41.25451200429936,2.674688015022009,0.0010788399812889475,(0.11643602363821205+0j),0.7407399462256391
B0040,27,11,24,1393.25,40.054637074465475,2.686289969564933,0.0010732297270193824,(0.11643602363821205+0j),0.7446218752617147
B0040,29,12,24,1380.938,40.76452850374992,2.6945279873006065,0.001077134395051229,(0.11643602363821205+0j),0.7149875629820736
B0040,33,13,44,6375.828,47.459255426003025,2.682915069119874,0.00023408292221672444,(0.11666729189582106+0j),1.7075144448533202
B0040,37,14,44,6574.671,47.733284854985534,2.6893633842231073,0.00022723700904661202,(0.12435013494712618+0j),1.730880859428193
B0040,39,15,44,6571.156000000003,47.68533526444168,2.663011590614207,0.00023167795498620314,(0.12435013494712618+0j),1.7328212845233328
B0040,41,16,44,6569.11,47.67231335727975,2.6936866986118786,0.00022704035776113346,(0.12435013494712618+0j),1.7317734323431513
B0040,43,17,44,6558.75,47.70025798751115,2.644136217828117,0.00023501158496319513,(0.12435013494712618+0j),1.7341296392350067
B0040,45,18,44,6567.516,47.70250785089967,2.6743889241293513,0.00023007770293991754,(0.12435013494712618+0j),1.7334756929990074
B0040,49,19,44,6430.172,47.775675904382155,2.6812131139529,0.00023249416204083927,(0.12335649207428787+0j),1.7243057179457875
B0040,53,20,44,6554.327999999994,47.68448077336878,2.6999262584848243,0.00022622997442370572,(0.12250401868234961+0j),1.7318975861687205
B0040,55,21,44,6560.922,47.66868390973605,2.6709504481448794,0.00023078418445667906,(0.12250401868234961+0j),1.7333691208377457
B0040,57,22,44,6559.047,47.63553822379171,2.677767553221005,0.0002298436317227797,(0.12250401868234961+0j),1.732175650153278
B0040,59,23,44,6553.781,47.64097688926351,2.6464594317551624,0.0002347998876160233,(0.12250401868234961+0j),1.7334832776102866
B0040,61,24,44,6540.187,47.676606958578276,2.654408689336339,0.00023411197739436543,(0.12250401868234961+0j),1.732372495746513
B0040,65,25,44,6535.922,47.670062907549664,2.6386466599890395,0.0002362572906958257,(0.12220093881840091+0j),1.7338175297202416
B0040,67,26,44,6544.078,47.67504818462313,2.650918288963567,0.000234416749560221,(0.12220093881840091+0j),1.7329630786357868
B0040,69,27,44,6531.187,47.662264804076635,2.6471595195723987,0.00023545962308363092,(0.12220093881840091+0j),1.7318839084573339
B0040,71,28,44,6528.562,47.65776484346084,2.669669356026842,0.00023209919926063709,(0.12220093881840091+0j),1.7306960059812662
B0040,73,29,44,6525.187,47.65588226485245,2.6833023579431665,0.00023013419089998286,(0.12220093881840091+0j),1.7296011601947467
B0040,77,30,44,6515.938,47.68924379895171,2.664835318499988,0.0002328411954609906,(0.12198587111152699+0j),1.7296187381064656
B0040,79,31,44,6532.015,47.68013294716548,2.695190974478952,0.00022812782545417694,(0.12198587111152699+0j),1.7307198617163877
B0040,81,32,44,6527.922,47.69683888709109,2.659441128426158,0.00023366101549300415,(0.12198587111152699+0j),1.729274556175907
B0040,83,33,44,6519.328,47.68346890250753,2.645724055946119,0.0002360837282437727,(0.12198587111152699+0j),1.7297962212599596
B0040,85,34,44,6510.063,47.72656082449746,2.686333486141192,0.0002301533469782645,(0.12198587111152699+0j),1.7268942069037494
B0040,89,35,44,6501.718,47.7336433887077,2.67226557137279,0.0002322724472857935,(0.12121394718235165+0j),1.7272191689306016
B0040,91,36,44,6509.047,47.73354479118836,2.6426430588133014,0.00023694449233341606,(0.12121394718235165+0j),1.7285674981160106
B0040,93,37,44,6502.438,47.74132595782936,2.6490836320353925,0.00023616297481802382,(0.12121394718235165+0j),1.726636381605547
B0040,95,38,44,6502.047,47.737403270809644,2.65252579490315,0.00023564317887026922,(0.12121394718235165+0j),1.7262424141835067
B0040,97,39,44,6498.86,47.780084445812335,2.6675427612038987,0.0002333861477028159,(0.12121394718235165+0j),1.7252725927602899
B0040,101,40,44,3162.047,51.74025766413764,2.6781395492001447,0.0004738280170965767,(0.12260260505135243+0j),1.6668026877455053
B0040,105,41,44,3173.141,51.80596353207629,2.6375556284574677,0.0004868465742458745,(0.1232360911234898+0j),1.666754853762041
B0040,107,42,44,3169.844,51.79140734732303,2.654677503869026,0.00048267279309720034,(0.1232360911234898+0j),1.6583274448761054
B0040,109,43,44,3156.563,51.7543308845732,2.6785586854358763,0.0004772368346595772,(0.1232360911234898+0j),1.65032263550715
B0040,111,44,44,3155.047,51.86320043661648,2.619691419158041,0.0004960355805016977,(0.1232360911234898+0j),1.6493406341242296
B0040,113,45,44,3142.312,51.81917888349145,2.6631019561941023,0.00048411527357455306,(0.1232360911234898+0j),1.641919055037739
B0040,117,46,44,1485.047,53.95646661253941,1.7489828090032307,0.0016289840633487522,(0.12369639902717047+0j),0.425812451177779
B0040,121,47,44,1489.313,55.67880428959517,2.5354681123911122,0.001105837318647608,(0.13851689250703758+0j),0.5569902643736575
B0041,1,1,4,1063.609,9.925006929139913,1.9487619326826215,0.002104659906214115,,0.055620243768194036
B0041,4,2,4,1067.641,10.752582877071836,1.9012002130732606,0.0021462809099363025,(0.05354334539080437+0j),0.05569747261227687
B0041,6,3,4,1048.687,10.859754872978824,1.964899016000036,0.0021235384655651484,(0.05354334539080437+0j),0.05583901629185397
B0041,8,4,4,1039.984,10.755318068306904,1.9253389098858817,0.002179598580596949,(0.05354334539080437+0j),0.056148059974053
B0041,10,5,4,687.328,10.897588103290213,1.9131372213178368,0.003315978277030463,(0.05354334539080437+0j),0.05647053159913906
B0041,12,6,4,1047.531,9.341307040097297,1.8627826858792498,0.002225082626323912,(0.05354334539080437+0j),0.044092291840801906
B0041,16,7,4,1038.375,10.393349980789248,1.9143969587004501,0.0021926593482674275,(0.0517508325288131+0j),0.05677191308141789
B0041,18,8,4,1030.703,10.096648262126735,1.8935647470508339,0.0022304943610667077,(0.0517508325288131+0j),0.056938376500757296
B0041,20,9,4,1010.765,10.90616342735489,1.839446966520227,0.002327249531136246,(0.0517508325288131+0j),0.04440148411312257
B0041,22,10,4,1025.719,8.568134800681483,1.976983963738619,0.002160169896366674,(0.0517508325288131+0j),0.04463435818491618
B0041,24,11,4,1016.859,10.723989411834728,1.873021814547241,0.002280220989256663,(0.0517508325288131+0j),0.04479872243657484
B0041,28,12,4,1021.079,10.069265727154304,1.9477419384591268,0.002197412771043823,(0.05292480187753083+0j),0.04670898780785478
B0041,30,13,4,1010.562,11.678125966059154,1.848331298599493,0.0023198301425700323,(0.05292480187753083+0j),0.04495371533089529
B0041,32,14,4,1003.313,10.184555541046695,1.9596888390790306,0.0022241135587799093,(0.05292480187753083+0j),0.045219329019542696
B0041,34,15,4,1006.187,10.778359079693514,1.9992324205815248,0.0021787621438029625,(0.05292480187753083+0j),0.04540222414694979
B0041,36,16,4,996.765,10.339342995308634,1.9251333188603235,0.0022736346787410643,(0.05292480187753083+0j),0.04567901224974174
B0041,40,17,4,999.422,11.13650452054683,1.9740055332079238,0.002217655431378952,(0.05240392120723582+0j),0.04552080257033988
B0041,42,18,4,990.234,9.695569312291523,1.8695092344510635,0.002345470006778986,(0.05240392120723582+0j),0.045728541460242564
B0041,44,19,4,608.953,10.5100184115379,1.9264050760509093,0.0037179950952567144,(0.05240392120723582+0j),0.045860512192502
B0041,46,20,4,586.719,10.61900706852965,1.9303413820598547,0.0038548141975599374,(0.05240392120723582+0j),0.045983556030275076
B0041,48,21,4,575.922,10.81117656025071,1.9192879295943026,0.003945054207064539,(0.05240392120723582+0j),0.04612876296673401
B0041,52,22,4,1050.406,8.406830339250588,1.8958889997737756,0.0021779854202710024,(0.05283107232807935+0j),0.0463714545530443
B0041,56,23,4,1040.75,9.345446470246115,1.8503922251966067,0.0022481842205920215,(0.054090268807287026+0j),0.04642385425314327
B0041,58,24,4,1019.125,10.959408995323104,1.9189577261874917,0.002228500302814118,(0.054090268807287026+0j),0.046579469530564604
B0041,60,25,4,618.844,10.83821929996881,1.8900554775200376,0.003717940393335476,(0.054090268807287026+0j),0.04672600894839656
B0041,62,26,4,1039.547,9.713734913231036,1.8174460639575951,0.0022833451129687515,(0.054090268807287026+0j),0.046863472432443716
B0041,64,27,4,1004.328,11.338971542207569,1.8839750015583074,0.0022959209725554176,(0.054090268807287026+0j),0.047123070484888584
B0041,68,28,4,1005.75,8.874610339188825,1.8734696416805767,0.0023033275607456547,(0.054120621726281945+0j),0.047089685801538064
B0041,70,29,4,995.797,10.892975819528624,1.886110144063044,0.00231359872441064,(0.054120621726281945+0j),0.04716816990682447
B0041,72,30,4,998.921,9.921480417012175,1.8739632417811318,0.0023179514125551428,(0.054120621726281945+0j),0.047416623395846624
B0041,74,31,4,989.141,9.340703602759723,1.8016696485993338,0.002414487347776714,(0.054120621726281945+0j),0.04747365818614322
B0041,76,32,4,979.203,10.415323507314886,1.8542865324237547,0.002384634704609174,(0.054120621726281945+0j),0.04767107168829607
B0041,80,33,4,994.031,10.395152109274877,1.843811769338875,0.002359355555694393,(0.052332271163403485+0j),0.04775614866793622
B0041,82,34,4,971.516,11.381000616023893,1.8387012636266087,0.0024194561854616434,(0.052332271163403485+0j),0.04783369052905227
B0041,84,35,4,810.563,11.200598645773905,1.839823604952559,0.0028982119080788456,(0.052332271163403485+0j),0.047922817158937946
B0041,86,36,4,599.047,10.936042652403566,1.811117308582499,0.003970104226177661,(0.052332271163403485+0j),0.048108024971614455
B0041,88,37,4,109.078,9.652988520428657,1.750577605139322,0.022361880278873578,(0.052332271163403485+0j),0.04808782735825877
B0041,92,38,4,109.17099999999999,9.298616166335734,1.7948775590357675,0.021938521223400245,(0.05515378413547499+0j),0.04842261926326617
B0041,94,39,4,96.484,8.441835425382303,1.975138784399138,0.022976296126163812,(0.05515378413547499+0j),0.04798649525462829
B0041,96,40,4,109.094,10.811071564713467,1.7728949542450014,0.02217724334112397,(0.05515378413547499+0j),0.04822175200495124
B0041,98,41,4,96.906,7.830975218816948,1.9302106494417557,0.0233547046948484,(0.05515378413547499+0j),0.04787731566765343
B0041,100,42,4,97.015,9.120173569834156,1.9650910927147995,0.022971262511512262,(0.05515378413547499+0j),0.04829032055579415
B0041,104,43,4,5608.781,14.806765885071044,1.9984945380049617,0.00038288983540678224,(0.05307708860997638+0j),1.2156494086360898
B0041,108,44,4,5703.296,13.99744937533934,1.9980483774045472,0.0003800105309313033,(0.05202272396728694+0j),1.1476416320946565
B0041,110,45,4,5668.032,14.356275659290002,1.969259944196061,0.0003913579372280161,(0.05202272396728694+0j),1.1194574527298193
B0041,112,46,4,5634.047,14.518586105925962,1.9711826686049976,0.0003931909319365241,(0.05202272396728694+0j),1.0841325641850128
B0041,114,47,4,5582.375,12.628628797798616,1.992456853950006,0.00039304320338082437,(0.05202272396728694+0j),1.0607784232892656
B0041,116,48,4,5567.329,14.249076739876307,1.9860813942080053,0.00039533238075870606,(0.05202272396728694+0j),1.0170312865626592
B0041,120,49,4,5528.453,13.400963787224587,1.9641170559105665,0.00039787862627328085,(0.052690405882575925+0j),1.0000374999808574
B0041,122,50,4,5513.39,13.143596987494343,1.9738816345942323,0.0004014443587690248,(0.052690405882575925+0j),0.991506494786248
B0041,124,51,4,5486.187,14.777209247015291,1.96202217374659,0.0004055206677080473,(0.052690405882575925+0j),0.9655644425371017
B0041,126,52,4,5461.922,14.304402604245366,1.9654140118768377,0.000406580506673789,(0.052690405882575925+0j),0.9383311962439673
B0041,128,53,4,5438.157,14.331273599738246,1.9863126768890387,0.000404628507689325,(0.052690405882575925+0j),0.9298903389240268
B0041,132,54,4,5402.875,14.563719307573445,1.9630747982406382,0.0004072061148207436,(0.05477244939078274+0j),0.9072117399448598
B0041,134,55,4,5384.438,13.829855263617011,1.9779431503032714,0.00041022467388867744,(0.05477244939078274+0j),0.9176870676937323
B0041,136,56,4,5344.859,13.737164003906683,1.9639398858129093,0.00041589343565704345,(0.05477244939078274+0j),0.9157430721963028
B0041,138,57,4,5305.156,12.81091218035467,1.9702983324374248,0.00041777417790355407,(0.05477244939078274+0j),0.9111662690050432
B0041,140,58,4,5284.547,14.671197747849568,1.9730383300739132,0.0004190310289242289,(0.05477244939078274+0j),0.8968901443572698
B0041,144,59,4,5267.843,13.038382746716444,1.9838761544280692,0.0004136249438459821,(0.05574173182768255+0j),0.8862133472800153
B0041,146,60,4,5229.688,13.714494392375379,1.9788346452939312,0.00042226819447345053,(0.05574173182768255+0j),0.8931124136187014
B0041,148,61,4,5206.954,14.575589138075149,1.9814002802204322,0.00042359604415080464,(0.05574173182768255+0j),0.880898507091054
B0041,150,62,4,5179.062,13.067203225526347,1.9709138772975623,0.00042775694425883275,(0.05574173182768255+0j),0.8798879382023741
B0041,152,63,4,5144.109,14.838581695723233,1.963309434324626,0.00043229713873116745,(0.05574173182768255+0j),0.8682347537115443
B0041,156,64,4,5142.891,14.14400886283852,1.969632856814267,0.00042634456150212257,(0.05718925656090362+0j),0.8443569490395516
B0041,158,65,4,5109.734,13.627764711730384,1.9745500537070804,0.00043289661921261683,(0.05718925656090362+0j),0.8657093203148538
B0041,160,66,4,5078.937,13.996072333026769,1.9757714925691652,0.0004352666871172858,(0.05718925656090362+0j),0.848696904019178
B0041,162,67,4,5051.672,14.227945473001952,1.9845398354520498,0.00043590588492854173,(0.05718925656090362+0j),0.8364948433646345
B0042,3,1,22,3360.922,36.717449850963185,2.129158438168119,0.0006120290780667182,(0.07586446951010223+0j),1.7287126633755356
B0042,5,2,22,3289.406,35.70113647811508,2.1712317301519577,0.0006128067347218098,(0.07586446951010223+0j),1.7314706281853145
B0042,7,3,22,3244.797,35.604456217007545,2.0952902803723332,0.0006446415717900968,(0.07586446951010223+0j),1.7282350363146088
B0042,9,4,22,3211.438,35.76285352997919,2.1366970037230573,0.0006384045216531311,(0.07586446951010223+0j),1.720344742291621
B0042,11,5,22,3175.594,36.007677297437105,2.168073033459323,0.0006359230173904419,(0.07586446951010223+0j),1.7221734367707637
B0042,15,6,22,2646.625,33.431937420119205,3.3813406435619986,0.00030281340624155475,(0.07516360963661257+0j),0.0
B0042,17,7,22,3121.672,36.26317829568585,2.139145470034486,0.0006557432229468121,(0.07516360963661257+0j),1.708669577331945
B0042,19,8,22,3102.937,35.7623078299739,2.0578186631112567,0.0006857224761765366,(0.07516360963661257+0j),1.7036476485918646
B0042,21,9,22,3089.437,35.6522927277619,2.0659696365057045,0.0006859700309751603,(0.07516360963661257+0j),1.6958375743577971
B0042,23,10,22,3077.75,35.46408341742395,2.1287000635251876,0.0006683917477756398,(0.07516360963661257+0j),1.6949064846676911
B0042,27,11,22,3074.875,35.57686579319408,2.0313187007109774,0.000699414138261701,(0.07391533413115818+0j),1.6874768094352455
B0042,29,12,22,3061.891,35.388257294125744,2.1649043558777703,0.0006598261712514637,(0.07391533413115818+0j),1.685989172917945
B0042,31,13,22,3058.469,35.480764002425865,2.0349571700229223,0.0007030065525195446,(0.07391533413115818+0j),1.6782864747774933
B0042,33,14,22,3040.75,35.44318242068533,2.181544114739576,0.000658699686675885,(0.07391533413115818+0j),1.6739647640901527
B0042,35,15,22,3037.641,35.53526888191109,2.113769860085841,0.0006817862036742294,(0.07391533413115818+0j),1.6722378801237066
B0042,39,16,22,3044.828,35.63389752973798,2.098421577709346,0.0006852122129589104,(0.07404775971247318+0j),1.6759897900491967
B0042,41,17,22,3030.25,35.59922975777694,2.037616415551784,0.0007082815160476808,(0.07404775971247318+0j),1.6618247672847988
B0042,43,18,22,3017.578,35.43687423276839,2.187174985653482,0.0006621074640353995,(0.07404775971247318+0j),1.6606710352566112
B0042,45,19,22,3015.0,35.61618852753751,2.072733153164181,0.0007006464250011342,(0.07404775971247318+0j),1.6530644874507203
B0042,47,20,22,2999.454,35.607533152172905,2.153538168709435,0.0006768491158143867,(0.07404775971247318+0j),1.649953986270456
B0042,51,21,22,3054.859,35.78017086282214,2.0832977472531726,0.0006866471130569072,(0.07475265387117375+0j),1.681297805444492
B0042,55,22,22,3034.875,36.29735151754127,2.199482829433638,0.000653875478487442,(0.07386759284737364+0j),1.6700520424481298
B0042,57,23,22,3030.0,36.77407258413331,2.053610599291471,0.0007039236305162429,(0.07386759284737364+0j),1.667181860354792
B0042,59,24,22,3011.781,36.689880841645596,2.0842633816547624,0.0006977455932850668,(0.07386759284737364+0j),1.6568865613275168
B0042,61,25,22,2990.25,36.474588298798025,2.1599889328107214,0.0006768329677232779,(0.07386759284737364+0j),1.6449819446579936
B0042,63,26,22,2980.234,36.537300845099665,2.1678081694534352,0.0006765311054557207,(0.07386759284737364+0j),1.639214585000014
B0042,67,27,22,2994.844,36.91332213005366,2.0092759412003707,0.000725716132490378,(0.07399446602680612+0j),1.6410599890208055
B0042,69,28,22,2987.672,37.19792815636057,2.0586265993400703,0.0007120148832065783,(0.07399446602680612+0j),1.6432696512198481
B0042,71,29,22,2975.1100000000006,37.30788971906059,2.043267705708337,0.0007199460478424113,(0.07399446602680612+0j),1.6298673102402295
B0042,73,30,22,2953.219,36.91850317978018,2.1921151659229676,0.0006745101141171123,(0.07399446602680612+0j),1.6238536344658807
B0042,75,31,22,2955.484,37.047150483309736,2.009457332273357,0.0007362128076885644,(0.07399446602680612+0j),1.6186308887044174
B0042,79,32,22,2957.016,37.11898525927804,2.022898050960585,0.000730850138225061,(0.07449151464092646+0j),1.6193418112441196
B0042,81,33,22,2948.219,37.20592886199134,2.0786601580627257,0.000714839976415813,(0.07449151464092646+0j),1.614593271326993
B0042,83,34,22,2935.5,37.368553487110155,2.0245603644426806,0.0007358404094167975,(0.07449151464092646+0j),1.6072040891927848
B0042,85,35,22,2913.797000000006,36.95276259711366,2.1378818450405794,0.0007022311608081589,(0.07449151464092646+0j),1.6012663590062357
B0042,87,36,22,2900.703,36.815592394057184,2.1834760399486535,0.0006899637814877581,(0.07449151464092646+0j),1.5940407410631041
B0042,91,37,22,2914.031,36.96422627426333,2.0156684625826635,0.0007439915845824901,(0.07431046242244761+0j),1.5946888289374477
B0042,93,38,22,2901.968,37.23035953747147,2.0632481862122884,0.0007310084534556422,(0.07431046242244761+0j),1.5882100957302596
B0042,95,39,22,2901.734,37.46832272742832,1.9973214087149431,0.0007540637936910258,(0.07431046242244761+0j),1.587985558077698
B0042,97,40,22,2887.407,37.650592081498104,2.040034213071634,0.000742773370017063,(0.07431046242244761+0j),1.5799165406650344
B0042,99,41,22,2861.937,37.16199226931662,2.11763338483894,0.0007215630565429017,(0.07431046242244761+0j),1.5655946193652834
B0042,103,42,4,1055.25,36.86635295736364,2.166646513631925,0.0019096226598313366,(0.07545962514874321+0j),0.07070127737340176
B0042,107,43,4,1012.187,38.12553242159685,2.1499182639223604,0.0020042618515213806,(0.0769982195284669+0j),0.08416878530139071
B0042,109,44,4,991.172,38.33981699002702,2.1626004782242956,0.0020431482294761515,(0.0769982195284669+0j),0.08443785621465827
B0042,111,45,4,982.094,37.77196459678644,2.174009268733748,0.002050874036692295,(0.0769982195284669+0j),0.08478919060590338
B0042,113,46,4,1063.609,36.82466507220515,2.1861984912538444,0.0018438416955228554,(0.0769982195284669+0j),0.09334258183442584
B0042,116,47,4,1067.641,38.55810679258891,2.1758569457027304,0.0018753032978010731,(0.07800610729453926+0j),0.10603180131397782
B0042,118,48,4,1048.687,38.71410921886447,2.1928857082631903,0.0019022757909692525,(0.07800610729453926+0j),0.106505866207118
B0042,120,49,4,1039.984,38.82770605774448,2.1962120524397566,0.0019150195655718097,(0.07800610729453926+0j),0.09439111585512952
B0042,122,50,4,687.328,28.576587463983174,2.177441070098024,0.002924780128931754,(0.07800610729453926+0j),0.09450595927387112
B0042,124,51,4,1047.531,39.82101597656743,2.1475982200987445,0.0019445602388274469,(0.07800610729453926+0j),0.08211456108215626
B0042,128,52,4,1038.375,39.40691039052945,2.1889636369151995,0.001912032736236695,(0.07587400628980778+0j),0.09518470631946747
B0042,130,53,4,1030.703,39.34611379625948,2.1591530449897105,0.0019675857371963816,(0.07587400628980778+0j),0.09539129998659052
B0042,132,54,4,1010.765,37.81632351305823,2.1872998670546773,0.0019783930048875836,(0.07587400628980778+0j),0.08289664565854568
B0042,134,55,4,1025.719,39.87139328791911,2.1645340110741715,0.001971898519569563,(0.07587400628980778+0j),0.08343199036452603
B0042,136,56,4,1016.859,39.50565821587436,2.1770285343272047,0.0019760548091272887,(0.07587400628980778+0j),0.09624772156495698
B0042,140,57,4,1021.079,38.61632478517865,2.141111284495936,0.0019885138871679046,(0.0760013508183652+0j),0.0871279249656989
B0042,142,58,4,1010.562,39.5809379115645,2.169659057289744,0.001994883972706521,(0.0760013508183652+0j),0.09681912182757578
B0042,144,59,4,1003.313,38.80523939319278,2.181654361966916,0.0019975430070121496,(0.0760013508183652+0j),0.08440054891345107
B0042,146,60,4,1006.187,39.65831560799121,2.152597184317211,0.002020095286189913,(0.0760013508183652+0j),0.09770121716674529
B0042,148,61,4,996.765,38.948661840205986,2.1543073222809688,0.0020373379849351375,(0.0760013508183652+0j),0.08517426476572666
B0042,152,62,4,999.422,39.202440143533465,2.177098848593695,0.001992053560762651,(0.07704681092348728+0j),0.08471993544879124
B0042,154,63,4,990.234,39.957340694247904,2.1860372690383523,0.0020181661709068343,(0.07704681092348728+0j),0.08548836969893649
B0042,156,64,4,608.953,27.779193601334228,2.1515100073583078,0.003338082318217648,(0.07704681092348728+0j),0.08577749933433501
B0042,158,65,4,586.719,28.172175880273606,2.186039852986656,0.0034126876057507644,(0.07704681092348728+0j),0.08595553255245832
B0042,160,66,4,575.922,28.019806483186763,2.194439659521147,0.003453089841322479,(0.07704681092348728+0j),0.08614796979658328
B0042,164,67,4,1050.406,39.575497528042895,2.1996590897894817,0.0018530478920571799,(0.07496925994712696+0j),0.08652450808993331
B0042,168,68,4,1040.75,40.52562745153084,2.1361070306368717,0.0019524177860374022,(0.07691285365454106+0j),0.08676036428685732
B0042,170,69,4,1019.125,39.732594757918605,2.1419779252621813,0.002002744187658636,(0.07691285365454106+0j),0.08662025389371077
B0042,172,70,4,618.844,28.137335489275593,2.1988863560155885,0.0032064760402800117,(0.07691285365454106+0j),0.0869802394927499
B0042,174,71,4,1039.547,40.647285732276394,2.122954770697664,0.001986442832805059,(0.07691285365454106+0j),0.07387787113473963
B0042,176,72,4,1004.328,40.39876505346307,2.152849839303629,0.0020210868547798793,(0.07691285365454106+0j),0.08775865702231889
B0042,180,73,4,1005.75,40.90163609300309,2.196522899315092,0.0019547517591325687,(0.07651499027181768+0j),0.08790576300272998
B0042,182,74,4,995.797,41.18900895779625,2.197996842344396,0.0019927296334681355,(0.07651499027181768+0j),0.08808784882200178
B0042,184,75,4,998.921,41.34432689728045,2.1297135396833,0.002054676969250351,(0.07651499027181768+0j),0.08834250268158712
B0042,186,76,4,989.141,41.46126781944402,2.167460006041706,0.0020368709394780705,(0.07651499027181768+0j),0.07463055332745072
B0042,188,77,4,979.203,41.26138545585116,2.188428099048639,0.0020359424381568426,(0.07651499027181768+0j),0.07485698665122698
B0042,192,78,4,994.031,41.67057172451578,2.1364927300394707,0.0020350905359490094,(0.07912815465080972+0j),0.07527573643141765
B0042,194,79,4,971.516,41.186747771669836,2.191166300272401,0.0020485745581059985,(0.07912815465080972+0j),0.07532351860488727
B0042,196,80,4,810.563,36.899850438855346,2.1913163423875845,0.002454855103208824,(0.07912815465080972+0j),0.07553765302367196
B0042,198,81,4,599.047,29.79153666326944,2.1777089403180425,0.0033476972443941444,(0.07912815465080972+0j),0.07584285606128259
B0042,200,82,4,109.078,9.15118085083689,2.1316975124246333,0.018841204563959914,(0.07912815465080972+0j),0.0759921803489148
B0042,204,83,4,109.17099999999999,8.639171556267463,2.1969934922661687,0.018102206378350087,(0.07905035342408334+0j),0.07621652609591999
B0042,206,84,4,96.484,8.36040279366827,2.1767041905630014,0.020786921009379972,(0.07905035342408334+0j),0.06216923141552526
B0042,208,85,4,109.094,10.13355592147926,2.137070814591814,0.018718332077911876,(0.07905035342408334+0j),0.0759822277461493
B0042,210,86,4,96.906,7.825436879589506,2.082550981383133,0.021657350470411837,(0.07905035342408334+0j),0.06227013548943564
B0042,212,87,4,97.015,8.862063004604039,2.144385419639702,0.020992635623253424,(0.07905035342408334+0j),0.06259446608798445
B0042,216,88,4,5608.781,12.075623262738652,2.1679616860507585,0.0003429914152143082,(0.07871237399733891+0j),1.4377344766079456
B0042,220,89,4,5703.296,11.61044167945082,2.1808501795778437,0.0003469908265092206,(0.07828263281194806+0j),1.5246019289244055
B0042,222,90,4,5668.032,12.416393344856289,2.148712088809679,0.0003584380544573736,(0.07828263281194806+0j),1.5215273965539478
B0042,224,91,4,5634.047,12.741907914911504,2.126630218048744,0.0003645433618661207,(0.07828263281194806+0j),1.5155323631175952
B0042,226,92,4,5582.375,11.812176644627149,2.177720591678305,0.00035864813681451353,(0.07828263281194806+0j),1.5044249661534554
B0042,228,93,4,5567.329,12.77319183354637,2.1738551413791023,0.0003602864734131506,(0.07828263281194806+0j),1.5001507149498807
B0042,232,94,4,5528.453,11.714847602816855,2.1739453453589515,0.000358648789306371,(0.0772233628496216+0j),1.489011227320312
B0042,234,95,4,5513.39,11.58953853216132,2.1496986936751377,0.00036809070045049704,(0.0772233628496216+0j),1.4810149357562845
B0042,236,96,4,5486.187,12.228023164640563,2.1308714510516316,0.00037320086592479174,(0.0772233628496216+0j),1.476262027748574
B0042,238,97,4,5461.922,12.995413081963957,2.1249846428522594,0.0003758621082016711,(0.0772233628496216+0j),1.4662551025438961
B0042,240,98,4,5438.157,13.00690019959285,2.124079082604729,0.0003776259234297653,(0.0772233628496216+0j),1.4593282593817019
B0042,244,99,4,5402.875,13.003396618491456,2.157698091133544,0.0003693116718424067,(0.07780251826730275+0j),1.445704157754381
B0042,246,100,4,5384.438,12.802739574235913,2.128860427750212,0.0003803410582736013,(0.07780251826730275+0j),1.4400686089389023
B0042,248,101,4,5344.859,12.748426837127603,2.162828573021361,0.00037681204474257057,(0.07780251826730275+0j),1.4290313659547842
B0042,250,102,4,5305.156,12.453422458173545,2.1882897882574714,0.0003747801900218921,(0.07780251826730275+0j),1.414172188151386
B0042,252,103,4,5284.547,12.169150023943399,2.1285029465259013,0.00038758232961264255,(0.07780251826730275+0j),1.415603079129078
B0042,256,104,4,5267.843,12.726444405331803,2.158726692822152,0.00037804272956348925,(0.07854743123091595+0j),1.3994410223300702
B0042,258,105,4,5229.688,12.125723483812017,2.1998128745691083,0.0003778226747934671,(0.07854743123091595+0j),1.3959635285794907
B0042,260,106,4,5206.954,12.113502869241639,2.1540885607694915,0.00038840746483371146,(0.07854743123091595+0j),1.3929784652630588
B0042,262,107,4,5179.062,12.960410174687055,2.159795216779738,0.00038916973547892275,(0.07854743123091595+0j),1.3740772023800918
B0042,264,108,4,5144.109,12.426232816501301,2.185043715780537,0.0003868770380989272,(0.07854743123091595+0j),1.3752493030002435
B0042,268,109,4,5142.891,13.217541890864759,2.1784898920030544,0.0003828356938087834,(0.0790373338975149+0j),1.3671966130854505
B0042,270,110,4,5109.734,13.047668558877342,2.189853076065801,0.00038846824605776774,(0.0790373338975149+0j),1.356887600783644
B0042,272,111,4,5078.937,13.073094195785368,2.169597235193881,0.0003947818752017883,(0.0790373338975149+0j),1.3449320225969348
B0042,274,112,4,5051.672,13.279102890770861,2.153907127504055,0.0003999004047605863,(0.0790373338975149+0j),1.3374691704584258
B0043,3,1,22,3360.922,36.84241052511593,2.421307986424623,0.0005304487248430419,(0.0695338223583365+0j),1.713782642126885
B0043,5,2,22,3289.406,36.2511342416132,2.4612810169393184,0.000530117825815107,(0.0695338223583365+0j),1.6955681658647108
B0043,7,3,22,3244.797,36.12855723169499,2.3997609695216755,0.000556209135044926,(0.0695338223583365+0j),1.6814906372051954
B0043,9,4,22,3211.438,36.352517880569266,2.399740066713552,0.0005620586728304877,(0.0695338223583365+0j),1.6786372409532953
B0043,11,5,22,3175.594,36.75256708066779,2.3786378834863195,0.000575046102129761,(0.0695338223583365+0j),1.6694168550864992
B0043,15,6,22,2646.625,34.26334191029433,3.3579241790202077,0.0003194492296503108,(0.06047438402137438+0j),0.0
B0043,17,7,22,3121.672,36.83142721849718,2.416288536712014,0.0005729663235004123,(0.06047438402137438+0j),1.6611938521224778
B0043,19,8,22,3102.937,36.54735803665934,2.3791815969853816,0.000588456095640321,(0.06047438402137438+0j),1.6506423382064332
B0043,21,9,22,3089.437,36.223678523702304,2.4666546752460183,0.0005625834635318547,(0.06047438402137438+0j),1.6424273190907783
B0043,23,10,22,3077.75,36.16960256825446,2.429311406516166,0.0005767330801526284,(0.06047438402137438+0j),1.6353664801041328
B0043,27,11,22,3074.875,36.19613432531801,2.4024069940444392,0.0005856652433533729,(0.06080278322959827+0j),1.633232875930849
B0043,29,12,22,3061.891,36.217566438813456,2.406157541131262,0.0005872428025213082,(0.06080278322959827+0j),1.6258840554387932
B0043,31,13,22,3058.469,36.09047688646367,2.415785415380386,0.0005846964038050328,(0.06080278322959827+0j),1.617976174654771
B0043,33,14,22,3040.75,36.148984496134304,2.400209592232293,0.0005933449615138927,(0.06080278322959827+0j),1.6136652707273988
B0043,35,15,22,3037.641,36.15795969792578,2.4374747406672226,0.0005817066082892154,(0.06080278322959827+0j),1.605821026619692
B0043,39,16,22,3044.828,36.16956081888435,2.3865949081957893,0.0005963827565418142,(0.0627657269457884+0j),1.6033527961961531
B0043,41,17,22,3030.25,36.13182777424954,2.4489169685849195,0.0005793490179001759,(0.0627657269457884+0j),1.5951342406182645
B0043,43,18,22,3017.578,36.12995412374782,2.4933649317176108,0.0005672061270050235,(0.0627657269457884+0j),1.5878135544728507
B0043,45,19,22,3015.0,36.115379230424814,2.473993010608268,0.0005738060673161467,(0.0627657269457884+0j),1.5800601969084245
B0043,47,20,22,2999.454,36.260266208231016,2.4568566798816054,0.0005824541119037048,(0.0627657269457884+0j),1.575565087879128
B0043,51,21,22,3054.859,36.73407518988127,2.389783772934692,0.0005915289295002808,(0.05946405522319262+0j),1.5950169012164208
B0043,55,22,22,3034.875,37.354359945059734,2.3834815017568327,0.0005993650051502684,(0.058209861764615595+0j),1.5898075522577595
B0043,57,23,22,3030.0,37.40944456827136,2.427559147580718,0.0005863781201241147,(0.058209861764615595+0j),1.5807953202097411
B0043,59,24,22,3011.781,37.26366414928814,2.458384607788224,0.0005795251101060921,(0.058209861764615595+0j),1.5704333289187615
B0043,61,25,22,2990.25,37.270027909781355,2.394787213470724,0.0006051478662715171,(0.058209861764615595+0j),1.5643368431897877
B0043,63,26,22,2980.234,37.37612563137064,2.365525236922006,0.0006168463666664411,(0.058209861764615595+0j),1.558307017802491
B0043,67,27,22,2994.844,37.57568180724724,2.4742728824322295,0.0005770591609205518,(0.06274655210749347+0j),1.5537149289772467
B0043,69,28,22,2987.672,37.80943515485114,2.4720598546819113,0.0005796477755415688,(0.06274655210749347+0j),1.549528250585513
B0043,71,29,22,2975.1100000000006,37.698369730936356,2.4838780206846622,0.0005781679365990903,(0.06274655210749347+0j),1.5424430535161062
B0043,73,30,22,2953.219,37.67202323454292,2.4291754256355516,0.0006016426726516304,(0.06274655210749347+0j),1.54256227031715
B0043,75,31,22,2955.484,37.5846177818102,2.397532773087188,0.0006111529999308254,(0.06274655210749347+0j),1.5309356452520158
B0043,79,32,22,2957.016,37.57163850758581,2.435189655089205,0.0005975410465335928,(0.06130052419342855+0j),1.5247733176952427
B0043,81,33,22,2948.219,37.83811660125229,2.4649257198080514,0.0005897074837742156,(0.06130052419342855+0j),1.5196742408779502
B0043,83,34,22,2935.5,37.76120652410461,2.4457109146915506,0.0005986956601613303,(0.06130052419342855+0j),1.5123696925788683
B0043,85,35,22,2913.797000000006,37.43416840833683,2.4807762094187127,0.0005910560518931892,(0.06130052419342855+0j),1.499914486202397
B0043,87,36,22,2900.703,37.31899313705125,2.482626305221594,0.000593226106343279,(0.06130052419342855+0j),1.4924106271188253
B0043,91,37,22,2914.031,37.586047363350716,2.397470273055264,0.0006188745395526546,(0.06100598756900302+0j),1.492624987952706
B0043,93,38,22,2901.968,38.06717620893625,2.370171214445116,0.0006317323568379581,(0.06100598756900302+0j),1.4924024018806028
B0043,95,39,22,2901.734,38.034298138732915,2.4670029904490636,0.0005983051095679254,(0.06100598756900302+0j),1.4853020201751674
B0043,97,40,22,2887.407,37.8850432804777,2.476788514821077,0.0005978590963581005,(0.06100598756900302+0j),1.477208127101587
B0043,99,41,22,2861.937,37.72173567628911,2.4014857684023228,0.0006295162143342522,(0.06100598756900302+0j),1.4694738525181406
B0043,103,42,4,1055.25,10.169699784021773,2.4576176811598773,0.0016504721124246538,(0.0634383455309271+0j),0.057034391042653794
B0043,107,43,4,1012.187,10.073103559906277,2.427637650375664,0.0017485392870284888,(0.06807242725280273+0j),0.0571536334895882
B0043,109,44,4,991.172,9.363713069880482,2.4427831763874552,0.0017709560692969575,(0.06807242725280273+0j),0.05729366005937665
B0043,111,45,4,982.094,9.49837575629517,2.3604432554634345,0.0018710302865207525,(0.06807242725280273+0j),0.05744203185278054
B0043,113,46,4,1063.609,9.502985965829737,2.381932819122213,0.0017041446837127465,(0.06807242725280273+0j),0.06713062107721124
B0043,116,47,4,1067.641,8.979535773958249,2.484673285435373,0.0016045458744785187,(0.07280892714065398+0j),0.06714781920234739
B0043,118,48,4,1048.687,10.239009824535195,2.4449132183808002,0.001672240709599324,(0.07280892714065398+0j),0.06732001211690299
B0043,120,49,4,1039.984,10.120757638084276,2.3975988971956834,0.001731990738072586,(0.07280892714065398+0j),0.06784038051613318
B0043,122,50,4,687.328,10.16908687877008,2.3944641668469124,0.0026259964132332877,(0.07280892714065398+0j),0.06799604927210635
B0043,124,51,4,1047.531,7.981964148617724,2.484746371426068,0.0016360031196287845,(0.07280892714065398+0j),0.06828011147886554
B0043,128,52,4,1038.375,9.506796063481339,2.439654912409003,0.0016940007569196558,(0.06712934292908875+0j),0.06844632943125976
B0043,130,53,4,1030.703,8.947219582076908,2.4090725568197633,0.0017354425747563179,(0.06712934292908875+0j),0.06851361914788083
B0043,132,54,4,1010.765,9.048570192927317,2.4859989490669228,0.0016936499305884537,(0.06712934292908875+0j),0.06887402435616684
B0043,134,55,4,1025.719,8.214832927581378,2.4347562857307143,0.0017197473709075182,(0.06712934292908875+0j),0.056544389321695726
B0043,136,56,4,1016.859,9.472969870923514,2.406517387646374,0.0017618892481070711,(0.06712934292908875+0j),0.06918353164189846
B0043,140,57,4,1021.079,9.447247671252791,2.451707097247213,0.0017101150356890811,(0.07091012197876406+0j),0.059122086455436665
B0043,142,58,4,1010.562,10.624675414528705,2.381706206862016,0.0017967472109741663,(0.07091012197876406+0j),0.06956120084140223
B0043,144,59,4,1003.313,9.289965371994613,2.474242037374171,0.0017180302316469219,(0.07091012197876406+0j),0.07017897804376615
B0043,146,60,4,1006.187,10.405043941704964,2.3764067993680786,0.0018108187477550424,(0.07091012197876406+0j),0.07028148183862523
B0043,148,61,4,996.765,9.269985860917538,2.444206792905019,0.0017592607414047717,(0.07091012197876406+0j),0.05787364202878375
B0043,152,62,4,999.422,10.696409617431332,2.3625240054533236,0.0018354888333196187,(0.07821033552856102+0j),0.07056618554293374
B0043,154,63,4,990.234,8.841145903774922,2.3656545996286327,0.0018503962796622084,(0.07821033552856102+0j),0.057989410208958
B0043,156,64,4,608.953,9.601778804173833,2.4649338982361098,0.0028462302525309826,(0.07821033552856102+0j),0.07129266446800787
B0043,158,65,4,586.719,9.775871193110238,2.4780138487049133,0.0029313122689512416,(0.07821033552856102+0j),0.07146546557664281
B0043,160,66,4,575.922,9.77507439966935,2.467345657591589,0.003005729595448991,(0.07821033552856102+0j),0.0716254973792324
B0043,164,67,4,1050.406,7.9530776238610095,2.453991394977099,0.0016569199575058205,(0.07821325356744199+0j),0.07192596356272017
B0043,168,68,4,1040.75,8.70377999346024,2.3794329527267557,0.0017468788919989672,(0.0807128037794328+0j),0.058840095111364746
B0043,170,69,4,1019.125,10.861930060972163,2.3452670801496267,0.0018173594262787958,(0.0807128037794328+0j),0.07213853480103966
B0043,172,70,4,618.844,9.628805360691263,2.474574662858291,0.0027830848511316633,(0.0807128037794328+0j),0.07231835711877917
B0043,174,71,4,1039.547,8.740129795491647,2.3452420900020043,0.0017823512251853245,(0.0807128037794328+0j),0.05938170626668099
B0043,176,72,4,1004.328,9.890833414808087,2.4837961610187183,0.0017056795270104833,(0.0807128037794328+0j),0.07294488485625279
B0043,180,73,4,1005.75,8.123599018265942,2.45187326606884,0.0017351901389795366,(0.07712136345922976+0j),0.07306917734079586
B0043,182,74,4,995.797,9.54039758015595,2.481690176251403,0.0017222306051656588,(0.07712136345922976+0j),0.07317054128128272
B0043,184,75,4,998.921,8.68981677408595,2.469341225978269,0.0017294948859304597,(0.07712136345922976+0j),0.07347430293304898
B0043,186,76,4,989.141,8.648121468375715,2.3359478200885606,0.0018820731395063498,(0.07712136345922976+0j),0.06010697591831878
B0043,188,77,4,979.203,8.766749021949757,2.455991331590063,0.0017780501066344062,(0.07712136345922976+0j),0.07383162509955737
B0043,192,78,4,994.031,8.697295284987012,2.446533765156367,0.0017613030194010967,(0.07743646557440483+0j),0.060495215307428206
B0043,194,79,4,971.516,10.097658187656732,2.4401050698854356,0.00180854560582193,(0.07743646557440483+0j),0.060604010237618126
B0043,196,80,4,810.563,10.08193635042433,2.426379928299938,0.0021841987454410774,(0.07743646557440483+0j),0.06073438432235217
B0043,198,81,4,599.047,9.867385484495305,2.3818713355998336,0.0030308589777536922,(0.07743646557440483+0j),0.06099653048237791
B0043,200,82,4,109.078,8.668191215610703,2.259462555169981,0.01776692818525848,(0.07743646557440483+0j),0.061130459259873135
B0043,204,83,4,109.17099999999999,8.230234796537065,2.3642680452849265,0.016790004964068354,(0.07675873388972675+0j),0.06129124410987595
B0043,206,84,4,96.484,8.3473989032227,2.2200788093903734,0.02051371656199371,(0.07675873388972675+0j),0.06130329065804092
B0043,208,85,4,109.094,9.566970302021362,2.3089650825269894,0.017345465347526727,(0.07675873388972675+0j),0.061151661574090986
B0043,210,86,4,96.906,7.155555764844436,2.4643253089090313,0.017930796796084943,(0.07675873388972675+0j),0.061405387192057306
B0043,212,87,4,97.015,8.849096539219643,2.227174478989743,0.02035455595963351,(0.07675873388972675+0j),0.06175780765942851
B0043,216,88,4,5608.781,11.059155779143234,2.487710804240493,0.00029667810388884163,(0.07581858920714557+0j),1.5250840516518187
B0043,220,89,4,5703.296,10.464754894665266,2.4700528908595785,0.00030088673696647254,(0.07796586137129172+0j),1.552568811301301
B0043,222,90,4,5668.032,11.117824082083432,2.4917865311625422,0.0003014205107912972,(0.07796586137129172+0j),1.5427752626774387
B0043,224,91,4,5634.047,11.465947003288688,2.4681420264399123,0.0003073236909786901,(0.07796586137129172+0j),1.5331932831264679
B0043,226,92,4,5582.375,10.672391649812306,2.4840346404021036,0.000307196499130364,(0.07796586137129172+0j),1.5152721949172019
B0043,228,93,4,5567.329,11.55324188297086,2.4820985064146877,0.0003083724904051388,(0.07796586137129172+0j),1.5074989761997712
B0043,232,94,4,5528.453,10.678188237457311,2.4995448861629077,0.0003043489136525481,(0.07567007904044705+0j),1.4896288908647644
B0043,234,95,4,5513.39,10.67885056037868,2.4624361945446704,0.00031480380410590193,(0.07567007904044705+0j),1.4780778852088083
B0043,236,96,4,5486.187,11.249497515672802,2.4931009972754072,0.00031063381352589025,(0.07567007904044705+0j),1.4700035345334466
B0043,238,97,4,5461.922,11.637480263714385,2.462787320418678,0.00031742956157995055,(0.07567007904044705+0j),1.4565623180137077
B0043,240,98,4,5438.157,11.797524620709758,2.497516098993309,0.0003123529403092357,(0.07567007904044705+0j),1.445976962830235
B0043,244,99,4,5402.875,11.717322041018162,2.472999574663348,0.00031560524281523585,(0.07733174135424246+0j),1.4325855992469252
B0043,246,100,4,5384.438,11.400146543773253,2.4798848457409326,0.00031864686064747187,(0.07733174135424246+0j),1.4197344854662965
B0043,248,101,4,5344.859,11.27412857657329,2.483308761917933,0.00032031640887109916,(0.07733174135424246+0j),1.401262575071573
B0043,250,102,4,5305.156,10.939205926809544,2.4722726688004673,0.0003247529819137111,(0.07733174135424246+0j),1.3862945308535968
B0043,252,103,4,5284.547,11.469256268063758,2.4995232811069013,0.00032101074439991177,(0.07733174135424246+0j),1.384130256052478
B0043,256,104,4,5267.843,11.07680003582411,2.492874341811692,0.00031956076476146356,(0.0752054973692065+0j),1.3651743201871416
B0043,258,105,4,5229.688,11.26155378961363,2.466722917823166,0.00033050435974871196,(0.0752054973692065+0j),1.361508332192898
B0043,260,106,4,5206.954,11.576966830401837,2.4707802117428486,0.00033123009840195364,(0.0752054973692065+0j),1.351001663879717
B0043,262,107,4,5179.062,11.16400609714747,2.4848489819284896,0.0003300721933022032,(0.0752054973692065+0j),1.3282588067265129
B0043,264,108,4,5144.109,11.988971088033125,2.4661345187240347,0.00033597974262647857,(0.0752054973692065+0j),1.3257206687421472
B0043,268,109,4,5142.891,11.73519417014362,2.4725812888729317,0.0003306766172627957,(0.0782066915934319+0j),1.3142909715978441
B0043,270,110,4,5109.734,11.299125699617386,2.4919564449811342,0.0003330007655813423,(0.0782066915934319+0j),1.3003260094811093
B0043,272,111,4,5078.937,11.376911439849154,2.485517355170574,0.0003362490801179397,(0.0782066915934319+0j),1.2881071401556836
B0043,274,112,4,5051.672,11.488807348025915,2.499796953515674,0.0003351763269334889,(0.0782066915934319+0j),1.2767801501201566
B0044,3,1,22,3360.922,37.78004007704112,2.6909422904080547,0.00044358214690094864,(0.08024913040541176+0j),1.686525555152074
B0044,5,2,22,3289.406,37.37920163006831,2.6852515353168815,0.00045560568709197103,(0.08024913040541176+0j),1.6624606531639186
B0044,7,3,22,3244.797,37.15907806475986,2.6435613323767395,0.0004746540771573287,(0.08024913040541176+0j),1.6534010755700512
B0044,9,4,22,3211.438,37.12091726941865,2.6433677125804977,0.0004795711029439658,(0.08024913040541176+0j),1.6452145903490936
B0044,11,5,22,3175.594,37.70825289621454,2.684789036307898,0.0004714699869593717,(0.08024913040541176+0j),1.635664062367341
B0044,15,6,22,2646.625,35.59949904890386,3.2896584926178556,0.0003368150557790107,(0.07686161673949476+0j),0.0
B0044,17,7,22,3121.672,37.649599494653536,2.6725301429926103,0.00048396817762374035,(0.07686161673949476+0j),1.6267769765146463
B0044,19,8,22,3102.937,37.14337821498799,2.69384241497005,0.0004800430231197171,(0.07686161673949476+0j),1.6159715504743064
B0044,21,9,22,3089.437,37.11952925248905,2.6763379244951913,0.0004877060592627732,(0.07686161673949476+0j),1.6076028386649623
B0044,23,10,22,3077.75,36.8278472964388,2.6678573050009757,0.0004923425881921678,(0.07686161673949476+0j),1.6003360401431612
B0044,27,11,22,3074.875,37.07362320866197,2.651692148341609,0.000497339496141093,(0.07839386999500478+0j),1.5978700914991917
B0044,29,12,22,3061.891,37.27343452416563,2.638384304971687,0.0005045937275840687,(0.07839386999500478+0j),1.5900310265163515
B0044,31,13,22,3058.469,36.925553251530964,2.633572972853497,0.000506642361427833,(0.07839386999500478+0j),1.5816311155652092
B0044,33,14,22,3040.75,36.82542072716141,2.670554577314724,0.000497524259614249,(0.07839386999500478+0j),1.5714556311034702
B0044,35,15,22,3037.641,36.86402084995953,2.662418584963947,0.0005004506620714946,(0.07839386999500478+0j),1.563220798569978
B0044,39,16,22,3044.828,36.854479447477715,2.656737093913297,0.0005004974677965752,(0.07503238052652698+0j),1.5606775388245586
B0044,41,17,22,3030.25,37.00807199261186,2.6456088379984415,0.000507428180811327,(0.07503238052652698+0j),1.5523886011314287
B0044,43,18,22,3017.578,36.85691194751145,2.657434360611611,0.0005054258807103785,(0.07503238052652698+0j),1.5444592876561967
B0044,45,19,22,3015.0,36.933977837728406,2.6700448196473143,0.0005017406549091538,(0.07503238052652698+0j),1.536558134180655
B0044,47,20,22,2999.454,36.96952216360131,2.6538669632174807,0.0005098185333389767,(0.07503238052652698+0j),1.5307255867941072
B0044,51,21,22,3054.859,37.880341936530016,2.679338771098678,0.0004895867924236477,(0.0759165015493674+0j),1.545242808242328
B0044,55,22,22,3034.875,38.4338113726962,2.6880235920055937,0.000491745749283461,(0.07752764450604152+0j),1.5397144491816253
B0044,57,23,22,3030.0,38.62527616952544,2.687370056924405,0.0004936112313990024,(0.07752764450604152+0j),1.5305357077773765
B0044,59,24,22,3011.781,38.54196067361033,2.6893554366992016,0.0004959858830814866,(0.07752764450604152+0j),1.5199735224097084
B0044,61,25,22,2990.25,38.50117611497123,2.633690741780774,0.000518030536045932,(0.07752764450604152+0j),1.5136629526844203
B0044,63,26,22,2980.234,38.43383998472231,2.6891582121304634,0.0005011536836068888,(0.07752764450604152+0j),1.5012870006992953
B0044,67,27,22,2994.844,38.70474156110448,2.6829363216833317,0.0004999939271891671,(0.07727130580941005+0j),1.5023814734911674
B0044,69,28,22,2987.672,39.13185799913766,2.6587209985414955,0.0005100469355456892,(0.07727130580941005+0j),1.4980955154277502
B0044,71,29,22,2975.1100000000006,39.06117424677476,2.660938360343116,0.000511565153073075,(0.07727130580941005+0j),1.4906542391377111
B0044,73,30,22,2953.219,38.900911326239694,2.6382065057381183,0.0005230765207876115,(0.07727130580941005+0j),1.4843971639436213
B0044,75,31,22,2955.484,38.637548513661336,2.6803751950872314,0.0005084247292032625,(0.07727130580941005+0j),1.4725321936230114
B0044,79,32,22,2957.016,38.14612160171512,2.695456060678521,0.0005018321187370875,(0.07913645896445493+0j),1.4663149382113208
B0044,81,33,22,2948.219,38.41020545726171,2.658317830680757,0.0005171621402871093,(0.07913645896445493+0j),1.4671298468877776
B0044,83,34,22,2935.5,38.342879393411714,2.6504983510643836,0.0005218180434139602,(0.07913645896445493+0j),1.4593858997633138
B0044,85,35,22,2913.797000000006,37.97725957749192,2.688935729076874,0.0005126283833312272,(0.07913645896445493+0j),1.4467901368505207
B0044,87,36,22,2900.703,37.797055139354214,2.687761244178016,0.0005154307218187522,(0.07913645896445493+0j),1.4390669859638228
B0044,91,37,22,2914.031,37.93561044482721,2.668468130193828,0.000518699279266955,(0.0777204814999557+0j),1.4389892550462602
B0044,93,38,22,2901.968,38.32554543437737,2.6420564556682917,0.0005309920456741147,(0.0777204814999557+0j),1.4386198779578576
B0044,95,39,22,2901.734,38.556109997490786,2.6780728769094244,0.0005186490484406489,(0.0777204814999557+0j),1.4313412096653504
B0044,97,40,22,2887.407,38.62165239845955,2.6917750634373303,0.0005162193919096441,(0.0777204814999557+0j),1.422973037663468
B0044,99,41,22,2861.937,38.18800348171553,2.68001440979752,0.0005249599231194318,(0.0777204814999557+0j),1.4150153099745097
B0044,103,42,4,1055.25,9.757496138930122,2.5311035775191533,0.001560295403619546,(0.07699890751275426+0j),0.0572172710622218
B0044,107,43,4,1012.187,9.760471127293034,2.5372412665469883,0.0016188797555534815,(0.08772716773184318+0j),0.0573587470253984
B0044,109,44,4,991.172,9.69821406411427,2.5608994701667624,0.0016295746766742149,(0.08772716773184318+0j),0.05749687545445231
B0044,111,45,4,982.094,9.00106106019679,2.4875185728014695,0.0017199821798086626,(0.08772716773184318+0j),0.05763088809888528
B0044,113,46,4,1063.609,8.446753567938917,2.652711478763571,0.0014302336418288743,(0.08772716773184318+0j),0.055116913339787174
B0044,116,47,4,1067.641,9.004482980571387,2.567871692937443,0.0015063203555662008,(0.08535740124432564+0j),0.06740755265748018
B0044,118,48,4,1048.687,10.10838939092693,2.537541377739229,0.0015633457004740109,(0.08535740124432564+0j),0.0675676530317139
B0044,120,49,4,1039.984,9.084345421523768,2.6996320897449855,0.0014198551400199243,(0.08535740124432564+0j),0.055637310449156464
B0044,122,50,4,687.328,9.9732818280256,2.502639203032668,0.0024367637393916024,(0.08535740124432564+0j),0.06822433276106823
B0044,124,51,4,1047.531,7.130613484534643,2.645057195756969,0.0014631521924906926,(0.08535740124432564+0j),0.056052453431514465
B0044,128,52,4,1038.375,9.420302039012588,2.5457909784374686,0.0015703831152947567,(0.08554390767319572+0j),0.06868220130105056
B0044,130,53,4,1030.703,8.596928821276874,2.525156138635263,0.0016023210382024088,(0.08554390767319572+0j),0.06874755353346529
B0044,132,54,4,1010.765,8.914167582596768,2.6675668355109194,0.0014926274706095765,(0.08554390767319572+0j),0.05651439891347486
B0044,134,55,4,1025.719,7.468130255797678,2.6214259323214453,0.0015173495635451275,(0.08554390767319572+0j),0.05673307185387369
B0044,136,56,4,1016.859,9.34228820478629,2.5339139586135624,0.0016163661640597612,(0.08554390767319572+0j),0.0694133756360175
B0044,140,57,4,1021.079,9.296386526511638,2.6459372770148692,0.0014990239227799945,(0.08480530404888771+0j),0.05931766444664955
B0044,142,58,4,1010.562,10.402010089986526,2.5126783310210183,0.0016471235079660292,(0.08480530404888771+0j),0.06981707253622738
B0044,144,59,4,1003.313,9.139614420555528,2.676683003373552,0.0014940608335142086,(0.08480530404888771+0j),0.05746435089694075
B0044,146,60,4,1006.187,10.577915316418856,2.509819479017468,0.0016566487008384996,(0.08480530404888771+0j),0.07053774383993697
B0044,148,61,4,996.765,9.153655205612418,2.659947287863178,0.0015207064375869488,(0.08480530404888771+0j),0.05805466052344494
B0044,152,62,4,999.422,10.601194386353557,2.502902423851419,0.001672923314464831,(0.0872763634531949+0j),0.07083992015291063
B0044,154,63,4,990.234,8.524863523744626,2.597947039498895,0.0015930069369572615,(0.0872763634531949+0j),0.058171836130525824
B0044,156,64,4,608.953,9.440256551104172,2.688243972514366,0.0024435950433427146,(0.0872763634531949+0j),0.05830515712798288
B0044,158,65,4,586.719,9.577062674735402,2.6997767051836083,0.002516062716675879,(0.0872763634531949+0j),0.05845592669367763
B0044,160,66,4,575.922,9.571995894192735,2.6926916057581445,0.00257716348306193,(0.0872763634531949+0j),0.05862986110638707
B0044,164,67,4,1050.406,7.124889090041003,2.6700548004006626,0.001431260820249063,(0.08581272321608407+0j),0.05890033218383382
B0044,168,68,4,1040.75,8.324153740739145,2.6107085277536015,0.0015037273327815105,(0.08830368588819419+0j),0.05906467702011044
B0044,170,69,4,1019.125,10.63955759206541,2.500114336550371,0.0016445308554468429,(0.08830368588819419+0j),0.07240579982844073
B0044,172,70,4,618.844,10.376173431482593,2.463640728476522,0.0027676005744965686,(0.08830368588819419+0j),0.07255632846891659
B0044,174,71,4,1039.547,8.316021086973787,2.5987325707723405,0.0015183248361708209,(0.08830368588819419+0j),0.05959222988909599
B0044,176,72,4,1004.328,10.655557073631597,2.4742429443982785,0.0016942451327922534,(0.08830368588819419+0j),0.07321709022768585
B0044,180,73,4,1005.75,7.631714348736341,2.693112294857156,0.00147278185398052,(0.08821941810165612+0j),0.05984100849986973
B0044,182,74,4,995.797,10.509625598200184,2.476301013332819,0.0017067467837703838,(0.08821941810165612+0j),0.07344347056971572
B0044,184,75,4,998.921,9.204729619835247,2.455959621392259,0.0017219062377426904,(0.08821941810165612+0j),0.07373739605923264
B0044,186,76,4,989.141,7.96351554428054,2.595966933411927,0.0015978574953780078,(0.08821941810165612+0j),0.06032312489727431
B0044,188,77,4,979.203,9.367163499816085,2.4476887634196065,0.0017650883117051668,(0.08821941810165612+0j),0.07409611978234346
B0044,192,78,4,994.031,8.36281681813677,2.696514442504613,0.0014864162990959543,(0.08595780589699419+0j),0.060717150532954955
B0044,194,79,4,971.516,9.833929266126528,2.690051793810678,0.0015289218807713607,(0.08595780589699419+0j),0.06082844229397962
B0044,196,80,4,810.563,9.82294821385076,2.682527208849319,0.0018413081047661496,(0.08595780589699419+0j),0.060928844447982224
B0044,198,81,4,599.047,9.64729446630716,2.6522914416676375,0.0025430654877074623,(0.08595780589699419+0j),0.061220387365620216
B0044,200,82,4,109.078,8.475214897845488,2.546878970446884,0.014943851416541178,(0.08595780589699419+0j),0.06133677582691605
B0044,204,83,4,109.17099999999999,7.906766993792881,2.6459302194913836,0.014019675945735402,(0.08514505289394883+0j),0.0615021959933087
B0044,206,84,4,96.484,8.628110902694925,2.5366466461777906,0.017007903946015573,(0.08514505289394883+0j),0.0615436456229027
B0044,208,85,4,109.094,9.541833690746394,2.619612898646795,0.014290994209014833,(0.08514505289394883+0j),0.061368282981907545
B0044,210,86,4,96.906,7.890349591233944,2.48420676655347,0.017500689150479493,(0.08514505289394883+0j),0.061633508888739995
B0044,212,87,4,97.015,9.207557697837885,2.5492794097929745,0.016794701415052196,(0.08514505289394883+0j),0.061981030875948785
B0044,216,88,4,5608.781,10.171915363933092,2.6987042664288663,0.00025567147056996864,(0.08611289051864872+0j),1.4779954511171076
B0044,220,89,4,5703.296,10.296016892383854,2.6902025456609366,0.0002575299828702777,(0.08465465200544714+0j),1.494119871447679
B0044,222,90,4,5668.032,10.396418259744522,2.682194069736634,0.0002631384102077993,(0.08465465200544714+0j),1.488007820113173
B0044,224,91,4,5634.047,10.675119900160503,2.698791325109984,0.0002617366804289102,(0.08465465200544714+0j),1.4748338592717107
B0044,226,92,4,5582.375,10.562265269293302,2.6972261726105513,0.000264355884510476,(0.08465465200544714+0j),1.4604378044785566
B0044,228,93,4,5567.329,10.76625471358321,2.6816548421625512,0.0002678333609582605,(0.08465465200544714+0j),1.452380841576719
B0044,232,94,4,5528.453,10.911129725577434,2.6758389635879234,0.00026763452982596326,(0.08451366295948139+0j),1.4411028883649861
B0044,234,95,4,5513.39,10.81913572086399,2.6766750362925413,0.0002712524916588403,(0.08451366295948139+0j),1.4300355978410688
B0044,236,96,4,5486.187,11.006306031992887,2.695622084623807,0.00026899922950008643,(0.08451366295948139+0j),1.413943296719903
B0044,238,97,4,5461.922,10.614675024239112,2.6908429071948605,0.00027084704757826436,(0.08451366295948139+0j),1.3972667497450317
B0044,240,98,4,5438.157,10.78731375840829,2.6963132256039875,0.00027105443519631546,(0.08451366295948139+0j),1.3865375876825874
B0044,244,99,4,5402.875,10.646148713943534,2.6889652303475895,0.0002708117968472322,(0.08488747212101197+0j),1.3724753685724698
B0044,246,100,4,5384.438,10.149343674038578,2.697702269918439,0.00027341211869607245,(0.08488747212101197+0j),1.3598593948812812
B0044,248,101,4,5344.859,10.269672545542077,2.6908621173584564,0.00027679530635768936,(0.08488747212101197+0j),1.3486733410392264
B0044,250,102,4,5305.156,10.511836729394169,2.6956578221948044,0.0002778476933915451,(0.08488747212101197+0j),1.3334258933205057
B0044,252,103,4,5284.547,11.2498423901219,2.683891843696469,0.00028134472189772914,(0.08488747212101197+0j),1.3387793081075827
B0044,256,104,4,5267.843,10.478668312226782,2.6861736439095387,0.0002778500847819662,(0.08628945534344802+0j),1.3153320403016995
B0044,258,105,4,5229.688,11.276068425006786,2.6915218489806785,0.0002827484254421975,(0.08628945534344802+0j),1.322963328110081
B0044,260,106,4,5206.954,11.18488048040138,2.6982230360736286,0.000282645246676431,(0.08628945534344802+0j),1.3086991524155074
B0044,262,107,4,5179.062,10.572845919227095,2.6884148666237393,0.00028581136713817367,(0.08628945534344802+0j),1.2897499583900436
B0044,264,108,4,5144.109,11.286420953867147,2.699098319484438,0.00028571844124023523,(0.08628945534344802+0j),1.2906172590904164
B0044,268,109,4,5142.891,10.532008688910055,2.692387025960113,0.00028298539037547514,(0.08469367284007304+0j),1.2752011253442166
B0044,270,110,4,5109.734,10.496769408739059,2.684075358151804,0.0002903488694461894,(0.08469367284007304+0j),1.2686072657374579
B0044,272,111,4,5078.937,10.219372011443097,2.687825351809013,0.000291423015033192,(0.08469367284007304+0j),1.2565759973225976
B0044,274,112,4,5051.672,10.307592528834146,2.6932435794466025,0.0002918898776873846,(0.08469367284007304+0j),1.2486254509320867
B0045,1,1,4,6436.141,15.71039018923076,1.990881848788414,0.0003437752184662314,,1.0819793880779518
B0045,5,2,4,5650.265,16.327881769438125,1.9875972636980002,0.0003857167041685336,(0.06508671766814605+0j),0.927952404748273
B0045,7,3,4,5590.907,16.190453016227536,1.9885380767186824,0.0003933809529177834,(0.06508671766814605+0j),0.885193608411576
B0045,9,4,4,5543.61,16.44564599364816,1.969241613952096,0.0004003094756479662,(0.06508671766814605+0j),0.8581010699478283
B0045,11,5,4,5499.046,16.652821920677077,1.9830542841988097,0.00040102403798680125,(0.06508671766814605+0j),0.8409352213456689
B0045,13,6,4,5461.219,16.626045153527933,1.980464521626357,0.0004042715889066623,(0.06508671766814605+0j),0.8245471942901911
B0045,17,7,4,5451.281,16.231693733501764,1.9822192378370667,0.00039128498597777413,(0.06496762136397431+0j),0.7935960418803983
B0045,21,8,4,5468.062,16.185673883928935,1.9987122390470566,0.00039641227053399474,(0.065834534585151+0j),0.8183676087159205
B0045,23,9,4,5411.297,16.52621032903044,1.97927314966301,0.00040832815739983103,(0.065834534585151+0j),0.7977644276409412
B0045,25,10,4,5369.703,15.196414604557985,1.9640518711887227,0.0004143620434871516,(0.065834534585151+0j),0.7993777411831636
B0045,27,11,4,5327.406,16.354435553014117,1.9965583229383295,0.00041159288073020286,(0.065834534585151+0j),0.7783107440628891
B0045,29,12,4,5299.266,15.57016420519042,1.9676140964966766,0.000419287015889574,(0.065834534585151+0j),0.7803738231239117
B0045,33,13,4,5367.172,16.481904111846188,1.9877016401767398,0.0003930106839035005,(0.06633054353412862+0j),0.7713058245640294
B0045,37,14,4,5406.812,16.686364651804713,1.99572402940065,0.00040147566773922013,(0.06625716405326432+0j),0.795279016979026
B0045,39,15,4,5353.094,16.527315358470222,1.9723902186883997,0.0004141019556384621,(0.06625716405326432+0j),0.7824128169919247
B0045,41,16,4,5280.031,16.325076195754107,1.9760075772645442,0.0004191995919737701,(0.06625716405326432+0j),0.7649414992231182
B0045,43,17,4,5248.593,16.18780234880546,1.9786838559411906,0.0004211733997568397,(0.06625716405326432+0j),0.7544899426779375
B0045,45,18,4,5203.375,16.54868871782283,1.9866467601774969,0.00042344547572121426,(0.06625716405326432+0j),0.7504048978314295
B0045,49,19,4,5166.812,15.893386512216575,1.9915335628511552,0.00042084743702810524,(0.06777627439604476+0j),0.7407258109620256
B0045,51,20,4,2384.094,11.62448622814209,2.942421777794815,0.0005230580901723931,(0.06777627439604476+0j),0.0
B0045,53,21,4,5340.281,16.273556126855052,1.9935644864605024,0.0004123523626009035,(0.06777627439604476+0j),0.7308525593793626
B0045,55,22,4,5103.0,16.57769275391533,1.9937078109097683,0.00043027107652528803,(0.06777627439604476+0j),0.7287255851177903
B0045,57,23,4,5051.172,16.451931737613187,1.9840988185168291,0.00043665662732871984,(0.06777627439604476+0j),0.7161023377036263
B0045,61,24,4,5027.563,16.660404158556567,1.9818309446595743,0.0004344965608938393,(0.06980563364404266+0j),0.7129204834988017
B0045,63,25,4,4993.765,16.192781213892964,1.9984963466197732,0.000438799151472718,(0.06980563364404266+0j),0.7141991829499618
B0045,65,26,4,4962.469,14.742856005940368,1.9886589228929203,0.00044340550531101516,(0.06980563364404266+0j),0.7190570819844222
B0045,67,27,4,4907.859,14.693521549329,1.9836644140733661,0.0004494037764732265,(0.06980563364404266+0j),0.7173975428775917
B0045,69,28,4,4888.656,15.86983818237976,1.9705703151314151,0.00045389732610417484,(0.06980563364404266+0j),0.7071027496463946
B0045,73,29,4,4866.25,14.829662137922766,1.971779249329659,0.0004509678813649412,(0.06950301630038469+0j),0.703531206505542
B0045,75,30,4,4836.125,15.906462051621897,1.9938420365930107,0.00045412125467164297,(0.06950301630038469+0j),0.6941108278958862
B0045,77,31,4,4801.485,16.353770501511462,1.9993629637641337,0.00045614834611774896,(0.06950301630038469+0j),0.6914114388869608
B0045,79,32,4,4760.938,15.076528277493722,1.9932756058141663,0.00046119753849480256,(0.06950301630038469+0j),0.6971551798505504
B0045,81,33,4,4740.907,16.045850353764667,1.9801057444800894,0.00046606930237811197,(0.06950301630038469+0j),0.6832460217432723
B0045,85,34,4,4914.532,16.24823467681854,1.9944009127947364,0.0004264108554069087,(0.0694793009922898+0j),0.6822029317493292
B0045,89,35,4,4998.656,15.761879553141288,1.9913126738513702,0.00043511137094433955,(0.06953400672173231+0j),0.7289529213213379
B0045,91,36,4,4890.015,16.349393593197068,1.9818085465777886,0.0004512849965120959,(0.06953400672173231+0j),0.7139321758287004
B0045,93,37,4,4842.11,16.22246271510604,1.999993313622792,0.0004520197494918726,(0.06953400672173231+0j),0.6957731747455482
B0045,95,38,4,4798.281,14.780023826016944,1.9746595802941598,0.00046141940457038405,(0.06953400672173231+0j),0.7018312962317095
B0045,97,39,4,4739.188,16.357147782799643,1.978180955008712,0.0004665985187247267,(0.06953400672173231+0j),0.6911808244378487
B0045,101,40,4,4733.156,15.304013119865168,1.9845097801200726,0.0004607779611267766,(0.07028850528402687+0j),0.6843279752855028
B0045,103,41,4,4670.61,16.298057069520368,1.9921664972023339,0.00047053428610273004,(0.07028850528402687+0j),0.6741394908812485
B0045,105,42,4,4635.0,15.088230300481198,1.9991203083414102,0.0004673797768190987,(0.07028850528402687+0j),0.6670070174301739
B0045,107,43,4,4615.86,15.201775291002932,1.9790832878431535,0.00047876329676708324,(0.07028850528402687+0j),0.6804085117374855
B0045,109,44,4,4580.75,15.820509282900385,1.9986367632788742,0.0004782936531498825,(0.07028850528402687+0j),0.6617864063235485
B0045,113,45,4,4557.406,15.58071439830652,1.9713723245890473,0.0004815776378729529,(0.07265624639199955+0j),0.6623168733492338
B0045,115,46,4,4524.0320000000065,14.525034072927795,1.9843056004522797,0.00048729116018795605,(0.07265624639199955+0j),0.6679358357181778
B0045,117,47,4,4502.938,16.256345838594637,1.9946795397137125,0.0004873745065677899,(0.07265624639199955+0j),0.6488990885270688
B0045,119,48,4,4483.094,15.916519503570713,1.9789936656967484,0.0004931410854312273,(0.07265624639199955+0j),0.6503639129625527
B0045,121,49,4,4448.36,15.322696472607957,1.9690947658783289,0.0004990895207332469,(0.07265624639199955+0j),0.6572077690202801
B0045,125,50,4,4440.531,16.435471374813734,1.9951107736579325,0.0004888258493639984,(0.07168773446374989+0j),0.6363517458476216
B0045,127,51,4,4416.547,14.752873057453401,1.965197509539028,0.0005034621902715297,(0.07168773446374989+0j),0.6536449360948587
B0045,129,52,4,4382.937,16.57328291132994,1.9820270227741772,0.0005034924493262033,(0.07168773446374989+0j),0.6391428272150887
B0045,131,53,4,4347.453,14.528444176948046,1.9731005832473114,0.0005096599628274713,(0.07168773446374989+0j),0.6482206049496236
B0045,133,54,4,3581.188,15.828293567742275,1.9974420919351863,0.0006120655319285548,(0.07168773446374989+0j),0.6287957471922729
B0045,137,55,4,4746.5,15.050939348149981,1.9759474231215746,0.000444949441537066,(0.0716378959549494+0j),0.6380571850193401
B0045,141,56,4,4679.156,16.878888140585346,1.9944210992064382,0.00046381614356073104,(0.07309229911598115+0j),0.6554825047832906
B0045,143,57,4,4596.578,16.752865016509336,1.972391693643957,0.00048209509703601533,(0.07309229911598115+0j),0.6484934835397033
B0045,145,58,4,4544.641,16.630725230629476,1.9932621672542286,0.00048300957625715615,(0.07309229911598115+0j),0.6454071687844921
B0045,147,59,4,4526.938,15.270710849004713,1.9848873247448806,0.0004869416458307683,(0.07309229911598115+0j),0.6427008031845645
B0045,149,60,4,4487.438,16.438070093673065,1.9683654551310577,0.0004949068192197636,(0.07309229911598115+0j),0.6352454880802477
B0045,153,61,4,4513.312,15.659914658719188,1.9924043536128275,0.00046835645485753517,(0.07196197013376011+0j),0.6156760019587869
B0045,157,62,4,4568.438,15.265721279585906,1.9776141524479487,0.00047171106964884435,(0.07339044256832125+0j),0.6170833682807023
B0045,159,63,4,4499.656,15.459947276103474,1.996982635601323,0.00048718037245946077,(0.07339044256832125+0j),0.6434227390858672
B0045,161,64,4,4430.984,16.472719613709117,1.9822999400765693,0.0004980995073844794,(0.07339044256832125+0j),0.6278124433742752
B0045,163,65,4,4411.141,15.321947787344948,1.9703495135592828,0.0005030466188515855,(0.07339044256832125+0j),0.6290078315253372
B0045,165,66,4,1991.531,11.709111497619928,2.9329708174243927,0.0006308630183623126,(0.07339044256832125+0j),0.0
B0045,169,67,4,4883.312,15.469187485474004,1.980504790064301,0.0004354807916003705,(0.07391032139929392+0j),0.6266355568292261
B0045,173,68,4,4663.907,15.90915813248566,1.9754246490329654,0.00046957670199004203,(0.07303308844921155+0j),0.6495813516716594
B0045,175,69,4,4581.328,16.128312311530546,1.9843068510361204,0.0004812891298026178,(0.07303308844921155+0j),0.6337485177966306
B0045,177,70,4,4553.031,15.803292200329722,1.9881721268958945,0.0004833930487825351,(0.07303308844921155+0j),0.6298550929085645
B0045,179,71,4,4486.5,15.46350630780127,1.9809529177782506,0.0004923160701383554,(0.07303308844921155+0j),0.6183063778386736
B0045,181,72,4,4450.625,16.26952559815265,1.9697892783360584,0.0004986830823197803,(0.07303308844921155+0j),0.6069476168507777
B0046,1,1,4,6436.141,13.880080551261507,2.1792997733612083,0.0003198374248607002,,1.7282392323598248
B0046,5,2,4,5650.265,12.941526372487642,2.1744736968146285,0.00035181802600654083,(0.07717590294099802+0j),1.5161488467923143
B0046,7,3,4,5590.907,13.359691095670462,2.195666899317151,0.0003550777012620819,(0.07717590294099802+0j),1.503121190703977
B0046,9,4,4,5543.61,12.683911154117249,2.1796283675041006,0.00036125163932605145,(0.07717590294099802+0j),1.48586566102824
B0046,11,5,4,5499.046,13.065399804685724,2.1952581561866973,0.00036104415082039635,(0.07717590294099802+0j),1.4694562316392716
B0046,13,6,4,5461.219,12.802479603911387,2.1940346005371705,0.0003638133632092163,(0.07717590294099802+0j),1.4589554592644807
B0046,17,7,4,5451.281,13.585554405586658,2.1978529182010296,0.00035281139365657107,(0.07623453681593678+0j),1.4556853555098295
B0046,21,8,4,5468.062,13.94301293338268,2.190965071547283,0.00035974893864096835,(0.07559209116896934+0j),1.456232262380321
B0046,23,9,4,5411.297,13.134169173843693,2.1866396618663058,0.0003683962723335321,(0.07559209116896934+0j),1.4440592236675138
B0046,25,10,4,5369.703,14.086951683642923,2.183328288428697,0.00037172293163264527,(0.07559209116896934+0j),1.428294264765868
B0046,27,11,4,5327.406,13.314723048488913,2.169516718963703,0.00037714129457401313,(0.07559209116896934+0j),1.4199848948034668
B0046,29,12,4,5299.266,14.173291675329546,2.1506636217123933,0.00038269875500677834,(0.07559209116896934+0j),1.4043226018516568
B0046,33,13,4,5367.172,13.959348125513564,2.1813781395662764,0.00035825916664611654,(0.07720407425594146+0j),1.4234351301615986
B0046,37,14,4,5406.812,13.523198161538613,2.1971149516601716,0.00036220917527626784,(0.07563786694471847+0j),1.4339948857967295
B0046,39,15,4,5353.094,13.750234723504356,2.157995006136477,0.0003775241037403851,(0.07563786694471847+0j),1.4185177047756572
B0046,41,16,4,5280.031,13.400973711086477,2.198419108542039,0.00037497256414004127,(0.07563786694471847+0j),1.4056313337829422
B0046,43,17,4,5248.593,13.648707282364962,2.151164339585934,0.0003861816727346518,(0.07563786694471847+0j),1.3890214025155618
B0046,45,18,4,5203.375,13.959820884900516,2.152208745567858,0.0003893069117758622,(0.07563786694471847+0j),1.3723339082737365
B0046,49,19,4,5166.812,14.349640095291218,2.165968185309718,0.00038419269013741667,(0.0777141187377075+0j),1.3615778905990565
B0046,51,20,4,2384.094,8.96387999471909,3.4709356617126152,0.00029630365096538716,(0.0777141187377075+0j),0.0
B0046,53,21,4,5340.281,13.720010432160603,2.199378116446157,0.0003706685565447358,(0.0777141187377075+0j),1.4100282016237429
B0046,55,22,4,5103.0,14.214578668306734,2.1709534591124666,0.0003931692766204302,(0.0777141187377075+0j),1.3395671374926488
B0046,57,23,4,5051.172,13.7206185074268,2.1705625280743464,0.0003971943929558775,(0.0777141187377075+0j),1.3291515487117478
B0046,61,24,4,5027.563,14.307049577086083,2.1762627754763426,0.00039234689421006614,(0.07821782500237034+0j),1.3181687033905718
B0046,63,25,4,4993.765,13.73206507015365,2.16031962283908,0.00040365511243039474,(0.07821782500237034+0j),1.312423708466101
B0046,65,26,4,4962.469,14.550153842364988,2.1449047324556036,0.0004091864697705,(0.07821782500237034+0j),1.2993237532162487
B0046,67,27,4,4907.859,14.437029519118854,2.196218583907234,0.000403242710498728,(0.07821782500237034+0j),1.2877483042174591
B0046,69,28,4,4888.656,14.364000921258654,2.1691838412748474,0.00041040378193280756,(0.07821782500237034+0j),1.2865282739749122
B0046,73,29,4,4866.25,14.693349843683665,2.1947559967284405,0.0004009677764000629,(0.07950370067323087+0j),1.2719636386987183
B0046,75,30,4,4836.125,14.058016587648103,2.1877179876194033,0.00041092230641698074,(0.07950370067323087+0j),1.2714495345417192
B0046,77,31,4,4801.485,13.779152574880365,2.1508230766314127,0.00042170966069476803,(0.07950370067323087+0j),1.2615423884659074
B0046,79,32,4,4760.938,14.383739114376208,2.190167787518222,0.00041684853082588736,(0.07950370067323087+0j),1.2421201619204132
B0046,81,33,4,4740.907,14.589504036127655,2.18851427579806,0.00041916451510838084,(0.07950370067323087+0j),1.2402537441669796
B0046,85,34,4,4914.532,13.891154624298235,2.1637485824862837,0.0003913659056991022,(0.07859461504461127+0j),1.2851130012242886
B0046,89,35,4,4998.656,14.673096336965486,2.153820870810703,0.00039876739040246905,(0.07824380553520457+0j),1.3043327841699193
B0046,91,36,4,4890.015,13.896967367053858,2.1856873619664867,0.0004068131775715806,(0.07824380553520457+0j),1.2778639041619957
B0046,93,37,4,4842.11,13.908543615362126,2.1586585951828057,0.0004164608651284668,(0.07824380553520457+0j),1.2723464591651539
B0046,95,38,4,4798.281,14.617560660341365,2.1497344671215517,0.0004220454488536271,(0.07824380553520457+0j),1.2477883952768762
B0046,97,39,4,4739.188,14.288124170416687,2.180494984747436,0.000420813683042135,(0.07824380553520457+0j),1.2352499196655526
B0046,101,40,4,4733.156,14.875868929885128,2.1583931144361963,0.00041969830997677155,(0.07940067402995159+0j),1.229251291851949
B0046,103,41,4,4670.61,13.880179808466218,2.1973084174346607,0.0004233327050483285,(0.07940067402995159+0j),1.223890910501634
B0046,105,42,4,4635.0,14.631961684725407,2.1948349231295037,0.00042707554893603493,(0.07940067402995159+0j),1.205423323571373
B0046,107,43,4,4615.86,14.768164211079867,2.153169565361056,0.0004377340439608049,(0.07940067402995159+0j),1.1957824090008151
B0046,109,44,4,4580.75,15.037938036453403,2.1789077465484965,0.00043561332877652695,(0.07940067402995159+0j),1.1900729496698461
B0046,113,45,4,4557.406,14.290141125898849,2.16713614374112,0.0004333799158881237,(0.0810178807183025+0j),1.179201763233652
B0046,115,46,4,4524.0320000000065,13.996450231420782,2.175632256591337,0.0004415886442740466,(0.0810178807183025+0j),1.169504032514554
B0046,117,47,4,4502.938,14.935082428364883,2.1992835564527877,0.0004384367362920317,(0.0810178807183025+0j),1.16772376849918
B0046,119,48,4,4483.094,14.99164974108056,2.176786994904175,0.0004456287452615581,(0.0810178807183025+0j),1.1579256145829042
B0046,121,49,4,4448.36,14.811846373564524,2.1988382142547396,0.0004441524727250509,(0.0810178807183025+0j),1.1499812813376982
B0046,125,50,4,4440.531,14.247555903096723,2.165246924019346,0.00044480320260277144,(0.08196042284417204+0j),1.150285902223034
B0046,127,51,4,4416.547,14.332240013732582,2.1595222389378317,0.00045576478528986086,(0.08196042284417204+0j),1.1349452274085248
B0046,129,52,4,4382.937,14.276871638701772,2.1831972567411246,0.00045383113958404986,(0.08196042284417204+0j),1.1380960963513609
B0046,131,53,4,4347.453,13.777310967702926,2.191895759269081,0.00045605301494001623,(0.08196042284417204+0j),1.123711172150547
B0046,133,54,4,3581.188,11.441352869995514,2.957668027855621,0.00033937916086516223,(0.08196042284417204+0j),0.0
B0046,137,55,4,4746.5,14.96165525093106,2.1989086411312972,0.00040088964263302544,(0.08132531269171153+0j),1.214119211354098
B0046,141,56,4,4679.156,14.622124863653873,2.1759612427269523,0.0004204357580633639,(0.08089351441764228+0j),1.211944797522819
B0046,143,57,4,4596.578,14.181162993443126,2.1740843812957524,0.00043517100712612,(0.08089351441764228+0j),1.1971248679331923
B0046,145,58,4,4544.641,13.989284902759552,2.1699286892596934,0.0004409290176057522,(0.08089351441764228+0j),1.1822892151870987
B0046,147,59,4,4526.938,15.042601535042603,2.15658205310809,0.00044571206425255403,(0.08089351441764228+0j),1.1645336676778397
B0046,149,60,4,4487.438,15.027421071078606,2.159229413482601,0.0004489981172646318,(0.08089351441764228+0j),1.1535559567518647
B0046,153,61,4,4513.312,14.577396723095212,2.1981836512730997,0.00041902636960304703,(0.08234957242368904+0j),1.1601987101282065
B0046,157,62,4,4568.438,15.36587842843583,2.172247401410494,0.00043126229851887695,(0.08085166351121224+0j),1.1711716308206082
B0046,159,63,4,4499.656,15.29268403662172,2.167855497701561,0.0004458531552163981,(0.08085166351121224+0j),1.1563410270783216
B0046,161,64,4,4430.984,14.698902260428524,2.197413864039741,0.00044611783266115313,(0.08085166351121224+0j),1.141082456193516
B0046,163,65,4,4411.141,15.066788669768552,2.1808859045895868,0.0004517950832300416,(0.08085166351121224+0j),1.1352383596118123
B0046,165,66,4,1991.531,9.413942588565497,3.4276877712777214,0.00037499804359515334,(0.08085166351121224+0j),0.0
B0046,169,67,4,4883.312,14.884443210062466,2.1634350552847827,0.0004011608405704204,(0.08249533483883906+0j),1.2530847858282803
B0046,173,68,4,4663.907,14.454392118638458,2.1839323108066178,0.0004202250943967137,(0.08253202322057318+0j),1.2050453590356518
B0046,175,69,4,4581.328,14.172939173239188,2.196284886273677,0.0004316518863788968,(0.08253202322057318+0j),1.19119860196273
B0046,177,70,4,4553.031,14.797843662102167,2.1526544597098902,0.00044396543865519235,(0.08253202322057318+0j),1.17463817374538
B0046,179,71,4,4486.5,14.86814851282613,2.1963314779954723,0.00044078721656290286,(0.08253202322057318+0j),1.1555432048235512
B0046,181,72,4,4450.625,14.051631055988958,2.189500804437932,0.00044600696747688554,(0.08253202322057318+0j),1.1538041170229467
B0047,1,1,4,6436.141,12.376815880696887,2.4706118669327277,0.0002759654051359982,,1.6743047446975208
B0047,5,2,4,5650.265,11.314903320182367,2.477661652422805,0.0003024590983161074,(0.05319185850921101+0j),1.5243662105099023
B0047,7,3,4,5590.907,11.624528187721145,2.4707098734854784,0.0003092902239285593,(0.05319185850921101+0j),1.5080762969973425
B0047,9,4,4,5543.61,11.0929238810592,2.465457800547402,0.0003128126033875718,(0.05319185850921101+0j),1.4835577960067696
B0047,11,5,4,5499.046,11.020979145558455,2.465765118194009,0.00031526044395195467,(0.05319185850921101+0j),1.4671391666146525
B0047,13,6,4,5461.219,11.05909419348262,2.4700482803033514,0.00031657026885928424,(0.05319185850921101+0j),1.448858156982267
B0047,17,7,4,5451.281,11.877028657628198,2.484128874181115,0.0003080329856678672,(0.05512505361624278+0j),1.4458534180949325
B0047,21,8,4,5468.062,11.559250858608888,2.483034750266961,0.0003106699493215523,(0.05281282159808424+0j),1.431118266178283
B0047,23,9,4,5411.297,11.34743713793976,2.49830336362436,0.0003140714397536126,(0.05281282159808424+0j),1.4192745516578533
B0047,25,10,4,5369.703,11.693269060729056,2.49851157426792,0.0003164542701812068,(0.05281282159808424+0j),1.3999974221808271
B0047,27,11,4,5327.406,11.557441727679935,2.4919375577484737,0.0003201124498731435,(0.05281282159808424+0j),1.3885156686114437
B0047,29,12,4,5299.266,11.667407771157471,2.4683068422721184,0.0003263459637903574,(0.05281282159808424+0j),1.3652234669528964
B0047,33,13,4,5367.172,11.311016339650983,2.479195639185483,0.00031193037993358733,(0.05353424494363978+0j),1.4060442272970963
B0047,37,14,4,5406.812,11.175603921563273,2.4933737831605582,0.0003121150582325123,(0.05858490374013478+0j),1.4057541613525781
B0047,39,15,4,5353.094,11.15023736338702,2.4915713224709926,0.0003187836126468467,(0.05858490374013478+0j),1.3867662881727878
B0047,41,16,4,5280.031,11.81131136026599,2.471859124111365,0.00032685214219253155,(0.05858490374013478+0j),1.3705053061420223
B0047,43,17,4,5248.593,11.699803023226297,2.488914813470205,0.00032542979663888866,(0.05858490374013478+0j),1.3497431114823601
B0047,45,18,4,5203.375,11.234017863419322,2.4728525339367153,0.00033120322877739494,(0.05858490374013478+0j),1.3251533367939783
B0047,49,19,4,5166.812,11.729632241368254,2.4822189935935484,0.00032786975001243004,(0.058089440596035116+0j),1.3111943869635805
B0047,51,20,4,2384.094,8.565277404002732,3.452630071948054,0.00031162913043007154,(0.058089440596035116+0j),0.0
B0047,53,21,4,5340.281,12.186162994585318,2.481264290061195,0.0003218128593053991,(0.058089440596035116+0j),1.3394234405932892
B0047,55,22,4,5103.0,11.147409475641334,2.487540187711501,0.0003347653027440561,(0.058089440596035116+0j),1.2849157142560723
B0047,57,23,4,5051.172,11.681014963080823,2.4907582384317,0.00033747200220703746,(0.058089440596035116+0j),1.281719159327807
B0047,61,24,4,5027.563,11.29683746494969,2.4931638320699276,0.0003343370266675129,(0.05889356113513966+0j),1.2600051642942829
B0047,63,25,4,4993.765,11.88239860330653,2.479240941037315,0.0003435720234090383,(0.05889356113513966+0j),1.266070385993126
B0047,65,26,4,4962.469,11.79170575767619,2.4915265338912347,0.00034322994350876094,(0.05889356113513966+0j),1.2413590294280803
B0047,67,27,4,4907.859,11.726616039636879,2.495727313119633,0.0003460741637576805,(0.05889356113513966+0j),1.2298873703485311
B0047,69,28,4,4888.656,12.464631760563272,2.4979742120513753,0.0003468872587395626,(0.05889356113513966+0j),1.228088614506696
B0047,73,29,4,4866.25,11.863547747838407,2.495109477398993,0.0003445727164792704,(0.060657470418007564+0j),1.2139857189070042
B0047,75,30,4,4836.125,12.460832791038596,2.4851956352139384,0.0003533188400264079,(0.060657470418007564+0j),1.2173435064564189
B0047,77,31,4,4801.485,12.213639136225725,2.4873308484835266,0.00035541972325464145,(0.060657470418007564+0j),1.2073445944515917
B0047,79,32,4,4760.938,11.534784991217848,2.488620645344286,0.0003580646818792854,(0.060657470418007564+0j),1.18804049227045
B0047,81,33,4,4740.907,12.42977502748968,2.476969143594387,0.0003620815260220319,(0.060657470418007564+0j),1.186304749886542
B0047,85,34,4,4914.532,12.428323073625249,2.4790054948940434,0.0003384869804121338,(0.06550718241713958+0j),1.2613935471028506
B0047,89,35,4,4998.656,12.487413364213579,2.479600589435018,0.0003390472203456831,(0.06405018284856573+0j),1.2648246158850653
B0047,91,36,4,4890.015,11.343734065329729,2.46837363838224,0.0003530843850506775,(0.06405018284856573+0j),1.2466494548982199
B0047,93,37,4,4842.11,12.641653349352346,2.497016493627855,0.00035061410917558894,(0.06405018284856573+0j),1.2333924152795082
B0047,95,38,4,4798.281,11.969937687736323,2.4751740867556524,0.0003582428488072902,(0.06405018284856573+0j),1.2129250072037692
B0047,97,39,4,4739.188,11.438399477589398,2.499811739255094,0.0003575721069048957,(0.06405018284856573+0j),1.1999106597943647
B0047,101,40,4,4733.156,12.144441411939049,2.494550023378076,0.0003544046473379752,(0.0658333505063299+0j),1.1902559038393383
B0047,103,41,4,4670.61,12.67224284322037,2.477337702429082,0.00036756020032361627,(0.0658333505063299+0j),1.1892563795455853
B0047,105,42,4,4635.0,11.984785271459067,2.478325379623597,0.00037004076906426624,(0.0658333505063299+0j),1.167069685125939
B0047,107,43,4,4615.86,12.101959002780742,2.494831087986124,0.00036785479280304585,(0.0658333505063299+0j),1.1615348403090369
B0047,109,44,4,4580.75,12.396974763839234,2.4956781405402677,0.0003706358027775098,(0.0658333505063299+0j),1.1555563844349988
B0047,113,45,4,4557.406,11.455115215105929,2.4729308126474736,0.0003723577749969535,(0.06878780909118251+0j),1.1488524666097713
B0047,115,46,4,4524.0320000000065,11.39345446641458,2.494578415325497,0.00037528879241371314,(0.06878780909118251+0j),1.143572986788779
B0047,117,47,4,4502.938,12.6352725981059,2.492546798627854,0.00037754826010353513,(0.06878780909118251+0j),1.1418015379428537
B0047,119,48,4,4483.094,12.45444631401429,2.4752083843332136,0.0003832578896705532,(0.06878780909118251+0j),1.136058647502255
B0047,121,49,4,4448.36,12.18400994607025,2.4974098896142385,0.00038106199643240407,(0.06878780909118251+0j),1.1236364680969286
B0047,125,50,4,4440.531,12.849012968534737,2.470530852621601,0.0003824758485708922,(0.06704245742224402+0j),1.1320498900328944
B0047,127,51,4,4416.547,11.44307926801482,2.4800604125308974,0.0003875635445547302,(0.06704245742224402+0j),1.1170101762158153
B0047,129,52,4,4382.937,12.895633770945397,2.482310382215253,0.0003901051245659687,(0.06704245742224402+0j),1.120043039721982
B0047,131,53,4,4347.453,11.573902587010835,2.499914991218416,0.0003892685524832428,(0.06704245742224402+0j),1.1059773445917063
B0047,133,54,4,3581.188,10.553052640742195,2.9946951355251095,0.000334592263388616,(0.06704245742224402+0j),0.0
B0047,137,55,4,4746.5,11.984288635557064,2.47468810834507,0.0003533147339935376,(0.06768700346240909+0j),1.1907902374762016
B0047,141,56,4,4679.156,12.836265571184011,2.4936019875098454,0.00035904765362637094,(0.07068108535338244+0j),1.2012387088454022
B0047,143,57,4,4596.578,12.655987301395294,2.4794043785439617,0.00037310069549565295,(0.07068108535338244+0j),1.1906909549024802
B0047,145,58,4,4544.641,12.20963360823446,2.495823360233662,0.00037370134440814815,(0.07068108535338244+0j),1.1764375730308343
B0047,147,59,4,4526.938,12.780134013784455,2.4834980820953168,0.0003778917606359167,(0.07068108535338244+0j),1.1628110372792353
B0047,149,60,4,4487.438,12.658108002877777,2.4920392941768497,0.000379337528833369,(0.07068108535338244+0j),1.1516152840582585
B0047,153,61,4,4513.312,13.249368019025939,2.488243242390158,0.00036738286622807546,(0.07216164396916556+0j),1.1583673498348623
B0047,157,62,4,4568.438,13.102537521023756,2.498187334581169,0.00036646689669131297,(0.07206578369812164+0j),1.1692285288386206
B0047,159,63,4,4499.656,13.019156020970017,2.4982213366801296,0.0003768012743248559,(0.07206578369812164+0j),1.1588148476218465
B0047,161,64,4,4430.984,12.612257184300963,2.4715997205282143,0.0003885891746758763,(0.07206578369812164+0j),1.1439588147705457
B0047,163,65,4,4411.141,12.968805846071126,2.4972991957929973,0.00038457369135641025,(0.07206578369812164+0j),1.1383941068159398
B0047,165,66,4,1991.531,9.05446951177611,3.4270575222731954,0.0003849655399016504,(0.07206578369812164+0j),0.0
B0047,169,67,4,4883.312,13.123905320087225,2.475863858583421,0.0003463052054863892,(0.07280052727114004+0j),1.2213102850395667
B0047,173,68,4,4663.907,13.179418154583676,2.482088014003299,0.0003630055291597391,(0.07278328377782098+0j),1.2031062978889062
B0047,175,69,4,4581.328,12.742282067813369,2.484545959502679,0.0003733901333709325,(0.07278328377782098+0j),1.1897147112197684
B0047,177,70,4,4553.031,13.23162562344335,2.4817240149799855,0.000376255691212793,(0.07278328377782098+0j),1.177422568842014
B0047,179,71,4,4486.5,12.857920538298638,2.475682459777723,0.0003831021547182225,(0.07278328377782098+0j),1.158443027293818
B0047,181,72,4,4450.625,12.67528068575023,2.4992087242533025,0.0003808389343987034,(0.07278328377782098+0j),1.1567087516841796
B0048,1,1,4,6436.141,10.851944131643279,2.6876065414465464,0.0002386654380590567,,1.6579955793677608
B0048,5,2,4,5650.265,10.829468947828506,2.6835427959445024,0.0002616353570834027,(0.07486242670723003+0j),1.5076933476098775
B0048,7,3,4,5590.907,11.053444137693344,2.6769979855651793,0.0002680188441054247,(0.07486242670723003+0j),1.4989223343608031
B0048,9,4,4,5543.61,10.582379295049947,2.6934384147921953,0.0002672004949473635,(0.07486242670723003+0j),1.4782919502497789
B0048,11,5,4,5499.046,10.227762694291695,2.6967591738883163,0.00026877059182180276,(0.07486242670723003+0j),1.461856891390611
B0048,13,6,4,5461.219,10.448166696977866,2.6855475478766424,0.0002726430976639852,(0.07486242670723003+0j),1.4509592706473475
B0048,17,7,4,5451.281,11.087645565750543,2.6917502037421612,0.00026589469374211646,(0.07489643913902913+0j),1.451746997147108
B0048,21,8,4,5468.062,10.331525897326845,2.689384375743919,0.00026858152666864933,(0.0757692694613932+0j),1.444392866287476
B0048,23,9,4,5411.297,10.695473118282326,2.6855540838129546,0.000275054891443561,(0.0757692694613932+0j),1.432738323965376
B0048,25,10,4,5369.703,10.588614300598088,2.6891526224241358,0.00027647794391348005,(0.0757692694613932+0j),1.417241201438662
B0048,27,11,4,5327.406,10.710761172174601,2.678956108681276,0.0002804270394258198,(0.0757692694613932+0j),1.4057559944573452
B0048,29,12,4,5299.266,10.526862897224621,2.688287422782237,0.00028017947071697216,(0.0757692694613932+0j),1.3902706269897063
B0048,33,13,4,5367.172,10.680714357791624,2.680621623320638,0.0002706606976997751,(0.0753322025051574+0j),1.4196659307880326
B0048,37,14,4,5406.812,10.479304841863389,2.693587841641054,0.0002705970672469095,(0.07641471458894618+0j),1.4190563985232272
B0048,39,15,4,5353.094,10.378581035006627,2.6905447145318244,0.00027691804224765976,(0.07641471458894618+0j),1.404272356704056
B0048,41,16,4,5280.031,10.851484720266557,2.6889512479861937,0.0002809421903401383,(0.07641471458894618+0j),1.3916140490958342
B0048,43,17,4,5248.593,10.70498211965856,2.6767423992621824,0.00028479850934514956,(0.07641471458894618+0j),1.3749618350294734
B0048,45,18,4,5203.375,10.268281599303819,2.692752260117709,0.00028430795790083366,(0.07641471458894618+0j),1.3545155713071164
B0048,49,19,4,5166.812,10.420289094539939,2.69610071870072,0.0002818850862409332,(0.07694896787681794+0j),1.3440223073315984
B0048,51,20,4,2384.094,8.382812028066311,3.4429735829245125,0.0003056378074158629,(0.07694896787681794+0j),0.0
B0048,53,21,4,5340.281,11.025933551300648,2.6813752744142234,0.000280031308534463,(0.07694896787681794+0j),1.372384475860572
B0048,55,22,4,5103.0,10.196289899952209,2.6946752970811247,0.00028943985972517376,(0.07694896787681794+0j),1.3184105752674413
B0048,57,23,4,5051.172,10.67776116366158,2.6954700046169733,0.00029231442930769395,(0.07694896787681794+0j),1.3112727599578604
B0048,61,24,4,5027.563,10.197605675555666,2.696945913635699,0.00028923479998290693,(0.08120105386377145+0j),1.2970172419001187
B0048,63,25,4,4993.765,10.817583822184044,2.678219557836974,0.0002989504141342164,(0.08120105386377145+0j),1.2995219526631718
B0048,65,26,4,4962.469,10.516072793190034,2.6929901554909765,0.000297717943352871,(0.08120105386377145+0j),1.2826154066729571
B0048,67,27,4,4907.859,10.549697060839051,2.6849697818820895,0.000302472211743283,(0.08120105386377145+0j),1.2752890152407
B0048,69,28,4,4888.656,11.262651366620426,2.6836073579697186,0.0003040830953615891,(0.08120105386377145+0j),1.2735572473264072
B0048,73,29,4,4866.25,10.67022537319244,2.6880496504528555,0.00030020167983513864,(0.07886956638985701+0j),1.2594114333938535
B0048,75,30,4,4836.125,11.290252755528313,2.6866245843324728,0.00030678445610480334,(0.07886956638985701+0j),1.2631632585495876
B0048,77,31,4,4801.485,10.973350060572036,2.698617918096401,0.0003064997561066426,(0.07886956638985701+0j),1.2491717310136363
B0048,79,32,4,4760.938,10.3391489283262,2.699107325579607,0.0003088351180711273,(0.07886956638985701+0j),1.233984347835307
B0048,81,33,4,4740.907,11.22843469416495,2.6835548325191994,0.00031356703778657086,(0.07886956638985701+0j),1.240031992028868
B0048,85,34,4,4914.532,11.142187018109254,2.681569834191177,0.00029369500016343216,(0.0799826707857191+0j),1.30370857198071
B0048,89,35,4,4998.656,11.266783334689709,2.683679055503892,0.00029360070232466005,(0.07883278236642736+0j),1.315055963470538
B0048,91,36,4,4890.015,10.42585253276335,2.682654869893668,0.00030421392663002457,(0.07883278236642736+0j),1.2888738300982074
B0048,93,37,4,4842.11,11.216029100406415,2.6823844675903756,0.00030742694580740523,(0.07883278236642736+0j),1.2877137595885193
B0048,95,38,4,4798.281,10.782099455149345,2.6862404868403718,0.00030910737150063227,(0.07883278236642736+0j),1.2673379985315463
B0048,97,39,4,4739.188,10.321202935071103,2.6969281633328235,0.00031095964488077717,(0.07883278236642736+0j),1.250594345697306
B0048,101,40,4,4733.156,10.970703995179441,2.697244348677796,0.00030687693273848154,(0.07860661634486579+0j),1.2487131179395878
B0048,103,41,4,4670.61,11.121182366824467,2.682663772646134,0.0003185610697218447,(0.07860661634486579+0j),1.248002326082933
B0048,105,42,4,4635.0,10.805368665446066,2.6897565950033164,0.0003193841900762033,(0.07860661634486579+0j),1.2300895244599586
B0048,107,43,4,4615.86,10.904276324187439,2.6851150517360427,0.0003214758261427007,(0.07860661634486579+0j),1.2244197121500935
B0048,109,44,4,4580.75,11.177549576040898,2.691698678764574,0.0003226598893831522,(0.07860661634486579+0j),1.2186682845116386
B0048,113,45,4,4557.406,10.375532122783676,2.688395997689043,0.000320226039682765,(0.07927683932526819+0j),1.2037865236033616
B0048,115,46,4,4524.0320000000065,10.314092555911314,2.6966509268234162,0.0003255336247366159,(0.07927683932526819+0j),1.1947642300832226
B0048,117,47,4,4502.938,11.367431862943256,2.6969697387700067,0.0003271629802356499,(0.07927683932526819+0j),1.2052091893871497
B0048,119,48,4,4483.094,11.06954549641082,2.6967087456075824,0.00032861638767032835,(0.07927683932526819+0j),1.1955746593628465
B0048,121,49,4,4448.36,10.977331626368251,2.6919470298999473,0.0003321521927187538,(0.07927683932526819+0j),1.1888497102149884
B0048,125,50,4,4440.531,11.250413706808821,2.686563173222129,0.00032882011359260875,(0.08063966510575257+0j),1.1915605250807406
B0048,127,51,4,4416.547,10.261913330935936,2.6961737443762415,0.0003333281483242252,(0.08063966510575257+0j),1.1726587153109655
B0048,129,52,4,4382.937,11.209451387068038,2.687805922420921,0.0003379517672252687,(0.08063966510575257+0j),1.1841133872494156
B0048,131,53,4,4347.453,10.394655986683219,2.6954427225266566,0.0003389967447917346,(0.08063966510575257+0j),1.1576825122317769
B0048,133,54,4,3581.188,9.73523495959482,3.078111316923791,0.000304928935649123,(0.08063966510575257+0j),0.0
B0048,137,55,4,4746.5,10.71880829888557,2.6861121256233056,0.00030533076686389414,(0.07906270763202047+0j),1.259355851168598
B0048,141,56,4,4679.156,11.267543040114028,2.6816961536149058,0.0003139355289486531,(0.08036912158201043+0j),1.265883375278026
B0048,143,57,4,4596.578,10.977215485451685,2.6935260886313634,0.00032134089042317024,(0.08036912158201043+0j),1.2472598673184119
B0048,145,58,4,4544.641,10.698980931953203,2.6819098951639786,0.00032763694738410185,(0.08036912158201043+0j),1.232808747256218
B0048,147,59,4,4526.938,11.200778779435032,2.6836569825858465,0.0003285038130255899,(0.08036912158201043+0j),1.2319592783041904
B0048,149,60,4,4487.438,11.067122162658642,2.686405541586876,0.00033074581555495096,(0.08036912158201043+0j),1.220785786262778
B0048,153,61,4,4513.312,11.217197558663642,2.685608364298082,0.0003195965122449067,(0.07877728810882173+0j),1.2275441303266783
B0048,157,62,4,4568.438,11.59325762914515,2.685972991906515,0.00032052426052558373,(0.07991775295486524+0j),1.2386788414290355
B0048,159,63,4,4499.656,11.534047303435644,2.689198249643033,0.00032920874895105503,(0.07991775295486524+0j),1.2283577755407058
B0048,161,64,4,4430.984,10.92572543982624,2.6983204775942364,0.00033220034250070016,(0.07991775295486524+0j),1.2095481507570451
B0048,163,65,4,4411.141,11.346378697595553,2.693240203211685,0.000334908470077518,(0.07991775295486524+0j),1.2082142070681048
B0048,165,66,4,1991.531,8.56828741399406,3.441548920019712,0.0003658549552529101,(0.07991775295486524+0j),0.0
B0048,169,67,4,4883.312,11.439171740202124,2.6866110987705887,0.000300201653434052,(0.08165257707052542+0j),1.2998734542832147
B0048,173,68,4,4663.907,11.147240167890732,2.699083135691788,0.000311517168738479,(0.08005082460847865+0j),1.2691220651743778
B0048,175,69,4,4581.328,10.831285577855546,2.6907134698484554,0.00032310476566851687,(0.08005082460847865+0j),1.2555144634690785
B0048,177,70,4,4553.031,11.236293148641268,2.684500860538322,0.000326515275893182,(0.08005082460847865+0j),1.2519876926897657
B0048,179,71,4,4486.5,11.08616967823061,2.687835669252526,0.00033055560530833043,(0.08005082460847865+0j),1.2374982003019996
B0048,181,72,4,4450.625,10.751912617606896,2.690437364566134,0.0003326460321474546,(0.08005082460847865+0j),1.2231273969878986
B0049,1,1,4,1713.235,16.380725919820748,1.9925401284554691,0.0010819818396597218,,0.8583727215167135
B0049,5,2,4,3170.984,20.824132297943244,1.9882559316714203,0.0006855800840313801,(0.04333854170368979+0j),1.4209057149417375
B0049,7,3,4,3135.344,22.127142494646403,1.9995727928951719,0.0006989743187425187,(0.04333854170368979+0j),1.372852133389263
B0049,9,4,4,3049.781,17.45530915998414,1.9713959702644483,0.0007279819022528318,(0.04333854170368979+0j),1.3643742487429145
B0049,11,5,4,4565.859,20.096309819317955,1.9735165526751874,0.0005451229141166496,(0.04333854170368979+0j),2.378643730568756
B0049,15,6,4,5428.594,20.530529696550808,1.9779063196102418,0.0004049281054575904,(0.06381737070293883+0j),1.0605357965671216
B0049,17,7,4,2646.797,19.605507267281187,1.999505796022011,0.0008284151157764019,(0.06381737070293883+0j),1.0069932376659496
B0049,19,8,4,2705.594,21.578292345131203,1.9998676881173485,0.000810199324502731,(0.06381737070293883+0j),0.9298775334359536
B0049,21,9,4,2627.828,21.333411676684346,1.9942412611094629,0.0008363149102931179,(0.06381737070293883+0j),0.9232377029483808
B0049,23,10,4,2981.312,18.65094643921925,1.9887929829692834,0.0007386602652906305,(0.06381737070293883+0j),0.9053279121173716
B0049,27,11,4,1941.797,21.206691637037263,1.9939496316818301,0.0011215048190288898,(0.08234891316262448-0.022577075672314314j),0.8595848360639872
B0049,29,12,4,2663.625,21.329570135453707,1.9970255058845359,0.0008235439838036359,(0.08234891316262448-0.022577075672314314j),0.8369614294820705
B0049,31,13,4,2862.25,18.615958800969327,1.990570708799589,0.0007683661682655983,(0.08234891316262448-0.022577075672314314j),0.8456824187653132
B0049,33,14,4,1894.485,22.131760657764843,1.9874243707218107,0.0011629267663706034,(0.08234891316262448-0.022577075672314314j),0.8071214007577537
B0049,35,15,4,1799.25,21.079756102740596,1.9892517372066318,0.0012221826196365197,(0.08234891316262448-0.022577075672314314j),0.7820744360746734
B0049,39,16,4,1741.204,19.664724046912717,1.9868911872895965,0.0012496362762442596,(0.08161887029141376-0.024860963384487754j),0.7953019444133349
B0049,41,17,4,236.156,8.914965140326935,3.4543504315144196,0.0031156066898009385,(0.08161887029141376-0.024860963384487754j),0.0
B0049,43,18,4,1899.218,22.347809168975328,1.996058976050717,0.0011442625872080093,(0.08161887029141376-0.024860963384487754j),0.7752051154719997
B0049,45,19,4,2305.25,19.41196098209977,1.9811242583835047,0.0009568131194240836,(0.08161887029141376-0.024860963384487754j),0.7711865903845158
B0049,47,20,4,1690.594,19.074608803884857,1.9912347674711242,0.0012996132607532484,(0.08161887029141376-0.024860963384487754j),0.7585098914517947
B0049,51,21,4,1800.421,22.607671167433093,1.992352748796434,0.001204722848464195,(0.06997578649953896-0.03540956964931328j),0.7349386490499009
B0049,53,22,4,1633.25,19.003281636478988,1.9960897948919885,0.0013411406357404347,(0.06997578649953896-0.03540956964931328j),0.7366758033690756
B0049,55,23,4,1737.172,22.10154579807187,1.9999963944412724,0.0012597273563100034,(0.06997578649953896-0.03540956964931328j),0.7093946599203638
B0049,57,24,4,1614.406,19.702963463668752,1.9911540027307004,0.0013591750422821047,(0.06997578649953896-0.03540956964931328j),0.7186465009220309
B0049,59,25,4,1708.86,22.293655276575564,1.9924291348754952,0.0012845658876049436,(0.06997578649953896-0.03540956964931328j),0.6913885231046639
B0050,1,1,4,1713.235,17.700710235479104,2.1766233079901336,0.0009582177523095808,,0.8631448527758341
B0050,5,2,4,3170.984,19.05864532227174,2.1749971933736196,0.0006256288401982079,(0.07617570199996643+0j),1.648789607776492
B0050,7,3,4,3135.344,20.111233999456417,2.1911951483218752,0.0006353029813285885,(0.07617570199996643+0j),1.601636485397804
B0050,9,4,4,3049.781,20.278735817853075,2.1942759978640183,0.0006522257851149323,(0.07617570199996643+0j),1.5517564797427017
B0050,11,5,4,4565.859,6.935918101259972,0.3492816607816715,0.0009168850402260828,(0.07617570199996643+0j),0.03255841710834194
B0050,15,6,4,5428.594,24.962762102598134,2.1784008909706682,0.0004354766253184686,(-4986.050426740892+0j),2.6401491157387014
B0050,17,7,4,2646.797,19.265522316221983,2.1918281570306326,0.0007514961069010284,(-4986.050426740892+0j),1.359027658891632
B0050,19,8,4,2705.594,18.663327817580566,2.1945981119604814,0.0007354013271959454,(-4986.050426740892+0j),1.3742172692238257
B0050,21,9,4,2627.828,19.24741197475352,2.1871747097810523,0.0007609264193466413,(-4986.050426740892+0j),1.3528030430821978
B0050,23,10,4,2981.312,22.784422727870645,2.1918823058659096,0.0006686231535368336,(-4986.050426740892+0j),1.3607406193458433
B0050,27,11,4,1941.797,13.887369323051947,0.32032996389875884,0.001977807484668786,(0.10268223207007604+0j),0.5268786924650971
B0050,29,12,4,2663.625,17.779357290699473,2.1842630942134558,0.0007508644370521071,(0.10268223207007604+0j),1.4002714246164416
B0050,31,13,4,2862.25,22.235523638017437,2.1762467490120763,0.0007017042498593622,(0.10268223207007604+0j),1.4289274755270827
B0050,33,14,4,1894.485,10.434223507755965,2.1381406475642324,0.0008198418156765842,(0.10268223207007604+0j),0.07658354174014805
B0050,35,15,4,1799.25,18.155212967925518,2.1260336204243564,0.0009279505923214757,(0.10268223207007604+0j),0.5736933387569048
B0050,39,16,4,1741.204,14.027851994614435,2.186548090086204,0.0009023113601603967,(0.10809637976325165+0j),0.3014742035427856
B0050,41,17,4,236.156,9.290927916610503,3.2123720225635264,0.002308041386031195,(0.10809637976325165+0j),0.0
B0050,43,18,4,1899.218,9.918067818733402,0.1970552492968445,0.0020927062477054626,(0.10809637976325165+0j),0.17956542632321462
B0050,45,19,4,2305.25,19.262784970646152,0.19273770746186986,0.0016788740318884445,(0.10809637976325165+0j),1.179168781562907
B0050,47,20,4,1690.594,10.698614481562748,2.1295104990476927,0.0009321433152884041,(0.10809637976325165+0j),0.0961913170505672
B0050,51,21,4,1800.421,15.425941131175092,2.199179035422044,0.0008688893872540697,(0.11158730801934266+0j),0.27808517709104497
B0051,1,1,4,1713.235,17.933039751399626,2.469359676853076,0.00077670187520667,,0.6434735598158292
B0051,5,2,4,3170.984,17.97953483271074,2.4943981098310886,0.0005272604758743101,(0.0638844452297328+0j),1.2931804619982779
B0051,7,3,4,3135.344,16.976273689395825,2.493737690186406,0.0005435063874969899,(0.0638844452297328+0j),1.2288940261191657
B0051,9,4,4,3049.781,18.15291521418941,2.484825203522635,0.0005627503893869328,(0.0638844452297328+0j),1.2039031789717949
B0051,11,5,4,4565.859,20.74350641722436,2.481006838176381,0.00043355106371072177,(0.0638844452297328+0j),2.330873478782131
B0051,15,6,4,5428.594,19.42896460124537,2.4989144012367213,0.0003103290271045228,(0.07931821233586298+0j),1.0092808819126011
B0051,17,7,4,2646.797,18.9541455757646,2.4909800416005967,0.0006461555456284113,(0.07931821233586298+0j),0.9565659895125322
B0051,19,8,4,2705.594,17.468709072861763,2.4946772785123836,0.0006311845788226188,(0.07931821233586298+0j),0.901956291365404
B0051,21,9,4,2627.828,19.153660408464766,2.4990630530936326,0.0006489581332966965,(0.07931821233586298+0j),0.8897906666138162
B0051,23,10,4,2981.312,16.52477794467856,2.4911013141195597,0.0005743132981497133,(0.07931821233586298+0j),0.8830717036634559
B0051,27,11,4,1941.797,17.11375752268931,2.487899627353052,0.000875496504258073,(0.07525606068738692+0j),0.8431270354481757
B0051,29,12,4,2663.625,17.63739523383682,2.4928843010694406,0.0006424505268223051,(0.07525606068738692+0j),0.826559103449663
B0051,31,13,4,2862.25,18.522369238924334,2.4993609910440835,0.0005950756419186817,(0.07525606068738692+0j),0.8352681546837963
B0051,33,14,4,1894.485,18.399233275283038,2.498094046924129,0.000900692096318533,(0.07525606068738692+0j),0.8025719464987874
B0051,35,15,4,1799.25,17.275372082939334,2.495501924298458,0.000950466878265277,(0.07525606068738692+0j),0.7839218784699513
B0051,39,16,4,1741.204,16.60444518809659,2.4904774374699135,0.000975310575192227,(0.07818022778462982+0j),0.7910763493036002
B0051,41,17,4,236.156,8.422696645654868,3.546618065659587,0.0027557727416163786,(0.07818022778462982+0j),0.0
B0051,43,18,4,1899.218,17.682518901037938,2.491598912047876,0.000890156266499185,(0.07818022778462982+0j),0.7654538269480236
B0051,45,19,4,2305.25,16.94512387438401,2.4869071541416994,0.0007407775056041476,(0.07818022778462982+0j),0.773177347633947
B0051,47,20,4,1690.594,17.545176388637014,2.499952602276462,0.0010040576269171597,(0.07818022778462982+0j),0.7605293776416485
B0051,51,21,4,1800.421,18.870237090882178,2.4997210982004625,0.000938551519950439,(0.0822217340232647+0j),0.7376430319247004
B0051,53,22,4,1633.25,16.8501327260127,2.491516785323916,0.0010435943411191758,(0.0822217340232647+0j),0.739179500257907
B0051,55,23,4,1737.172,18.12397455517185,2.496222014851971,0.0009753265424684082,(0.0822217340232647+0j),0.7014575429842594
B0051,57,24,4,1614.406,16.26047891418261,2.488325882818304,0.0010469180609441887,(0.0822217340232647+0j),0.7047349480541781
B0051,59,25,4,1708.86,18.153508709771476,2.495715251425015,0.0009926235932316524,(0.0822217340232647+0j),0.677848893570423
B0052,1,1,4,1713.235,16.429874854641657,2.691234036028442,0.0006702727805749811,,0.8606591508342232
B0052,5,2,4,3170.984,16.315701424377302,2.694829986819334,0.0004590763264668793,(0.07250459463249607+0j),1.4183095114360322
B0052,7,3,4,3135.344,15.689005573106092,2.6969580006046856,0.00047189937328534666,(0.07250459463249607+0j),1.3707123028693164
B0052,9,4,4,3049.781,14.971275763649981,2.697283446718984,0.00048583806175228335,(0.07250459463249607+0j),1.3515647352626494
B0053,1,1,4,2349.64,19.02185891684059,1.9808329057464713,0.0008942574854424161,,1.0691417886194299
B0053,5,2,4,2560.688,18.304754041202315,1.9735558560671433,0.0008611368009300194,(0.09969808294894725+0j),1.1540727934432229
B0053,7,3,4,2522.375,19.33942752368694,1.9558143264177166,0.00088664084198001,(0.09969808294894725+0j),1.1501525413826983
B0053,9,4,4,2488.719,18.729143210051177,1.9974831055926598,0.0008820223604568222,(0.09969808294894725+0j),1.1305863853936766
B0053,11,5,4,2474.844,18.709411575172346,1.974695202836088,0.0008962806328910991,(0.09969808294894725+0j),1.121790272357562
B0053,13,6,4,2473.875,18.63570596513145,1.9637397944562873,0.000901153572229121,(0.09969808294894725+0j),1.1135982401443856
B0053,17,7,4,2495.5,21.292305794774187,1.9443649588528493,0.0008955323297324002,(0.09972116257585717+0j),1.0864654057095062
B0053,19,8,4,2481.078,21.011599594200046,1.9470490842081751,0.0009048188078562662,(0.09972116257585717+0j),1.0647493568993147
B0053,21,9,4,2460.125,20.939938897683515,1.9602813323957715,0.0009071417858040624,(0.09972116257585717+0j),1.0809288094959644
B0053,23,10,4,2440.547,19.283836838998095,1.9605995541160257,0.0009143672471642427,(0.09972116257585717+0j),1.0852752041846463
B0053,25,11,4,2449.922,21.101391697483887,1.9595048550370973,0.0009113821125262518,(0.09972116257585717+0j),1.0504799933740894
B0053,29,12,4,2408.781,18.64340722345076,1.9845858202377116,0.0009107131946005949,(0.10059224236421117+0j),1.0853550177054305
B0053,31,13,4,2442.547,21.313677971413888,1.9446709162715439,0.0009203843992896276,(0.10059224236421117+0j),1.0508395690790722
B0053,33,14,4,2420.671,20.92811979857166,1.9692766515934297,0.0009182383178727209,(0.10059224236421117+0j),1.060906788333118
B0053,35,15,4,2409.906,19.930786955410536,1.991566826677512,0.0009132538383957005,(0.10059224236421117+0j),1.070582461063814
B0053,37,16,4,2416.672,21.0220574646762,1.9588680902433295,0.00092411861301907,(0.10059224236421117+0j),1.024036665663697
B0053,41,17,4,2395.75,19.091622529647232,1.9836880271317603,0.0009158908956217208,(0.0994015439552692+0j),1.0670957253433857
B0053,43,18,4,2410.688,21.30570494347084,1.968810244689163,0.0009223869814023295,(0.0994015439552692+0j),1.0279237850447498
B0053,45,19,4,2402.125,21.068855242444318,1.940239319338743,0.0009372584152349516,(0.0994015439552692+0j),1.0325426399701008
B0053,47,20,4,2355.265,19.0403826843671,1.9763616179319545,0.0009406416633639309,(0.0994015439552692+0j),1.055948784653705
B0053,49,21,4,2396.719,21.229882941943842,1.958878972318411,0.0009320604793952831,(0.0994015439552692+0j),1.0445313831308718
B0053,53,22,4,2442.344,20.949809700571592,1.9866817453254884,0.0008864514351931446,(0.10146645032722248+0j),1.035313906812183
B0053,57,23,4,2444.703,20.122996890408825,1.9605382250198837,0.0009070173494608433,(0.10111771652948395+0j),1.076341053101982
B0053,59,24,4,2412.25,20.906313087706064,1.9904175883780109,0.0009124298384305187,(0.10111771652948395+0j),1.0352223140423542
B0053,61,25,4,2403.234,21.200762542996532,1.9817745728975946,0.0009196737158936324,(0.10111771652948395+0j),1.0514287056908256
B0053,63,26,4,2361.047,20.01669492389786,1.9986378497920827,0.0009286709298270545,(0.10111771652948395+0j),1.060332934638968
B0053,65,27,4,2392.468,21.300888549752415,1.9475532037509713,0.0009383287207225615,(0.10111771652948395+0j),1.0236966462748538
B0053,69,28,4,2373.89,19.859103950325803,1.9971786671898824,0.0009183191523799997,(0.1021762818092291+0j),1.0465884668750887
B0053,71,29,4,2383.234,21.371062787995548,1.954304860794578,0.0009388994848532288,(0.1021762818092291+0j),1.0031121684812232
B0053,73,30,4,2342.453,20.121473725568496,1.9728121678621011,0.0009471607646086096,(0.1021762818092291+0j),1.0461578935615607
B0053,75,31,4,2359.296,21.375504791399432,1.9932654775438805,0.0009321593049834474,(0.1021762818092291+0j),1.0156263513525605
B0053,77,32,4,2345.453,20.75519907919811,1.9677305370734945,0.0009480719315782387,(0.1021762818092291+0j),1.0250054893129452
B0053,81,33,4,2360.172,21.495108529574846,1.9646771872417268,0.0009372794552883435,(0.10190453848877912+0j),0.9801331625592913
B0053,83,34,4,2315.407,19.650976156235696,1.9842967959422222,0.0009531400317090175,(0.10190453848877912+0j),1.036777776420363
B0053,85,35,4,2322.156,18.85601423191303,1.9519786488395736,0.0009646085924711452,(0.10190453848877912+0j),1.026830062058722
B0053,87,36,4,2327.1570000000065,19.66943680638515,1.9991200294367055,0.0009422953847443389,(0.10190453848877912+0j),1.0150379662805102
B0053,89,37,4,2335.0,21.138845685984403,1.9919158008530222,0.0009423032497688357,(0.10190453848877912+0j),0.9904614739486177
B0053,93,38,4,2329.375,19.288047919779906,1.9455914118085802,0.0009579362743954042,(0.10217255847558271+0j),1.0145765174582757
B0053,95,39,4,2333.875,21.3268013324968,1.9745609840275167,0.000950064655145135,(0.10217255847558271+0j),0.9811308944080389
B0053,97,40,4,2317.453,20.84260661100648,1.945088917895143,0.0009691521721678401,(0.10217255847558271+0j),1.0041687429386437
B0053,99,41,4,2295.109,18.56010936417985,1.9541644750198832,0.0009747597265296712,(0.10217255847558271+0j),1.007820487960787
B0053,101,42,4,2326.657,21.59240098021019,1.935548354335742,0.0009698562197395432,(0.10217255847558271+0j),0.982454133084564
B0053,105,43,4,2479.297,20.679962323191948,1.9814063517681837,0.0008675853375124679,(0.10040892027556832+0j),1.1096775355538027
B0053,109,44,4,2463.578,18.987480522594797,1.9931418060709154,0.0008859607859246817,(0.10277183767266186+0j),1.1136801589914762
B0053,111,45,4,2458.812,21.621996984314368,1.947894370100842,0.0009122077159357558,(0.10277183767266186+0j),1.0385009100572404
B0053,113,46,4,2400.672,18.973652680872625,1.9856387948209866,0.0009184826800480004,(0.10277183767266186+0j),1.0768815902180078
B0053,115,47,4,2396.407,20.978900321002104,1.949232767477218,0.0009354854225934127,(0.10277183767266186+0j),1.0721705505837382
B0053,117,48,4,2392.375,21.79016577987201,1.971670057823583,0.0009275331663267834,(0.10277183767266186+0j),1.0124588999851116
B0053,121,49,4,2373.687,21.259687238039497,1.9947630114629615,0.000918489781125412,(0.1014554230700909+0j),1.0279944857549583
B0053,123,50,4,2385.922,22.11367611975276,1.93495405419616,0.0009456593180369908,(0.1014554230700909+0j),1.0304147279049998
B0053,125,51,4,2345.0,20.512663513524156,1.9626921591466933,0.0009501490378972773,(0.1014554230700909+0j),1.0556163273995052
B0053,127,52,4,2363.047000000006,21.838243278861643,1.965011869626919,0.0009421647215835174,(0.1014554230700909+0j),1.0011115418162628
B0053,129,53,4,2316.687,19.19841243068418,1.9982886464924436,0.0009464024783539842,(0.1014554230700909+0j),1.0466839215498662
B0053,133,54,4,2322.0,19.947938817320452,1.987337089818558,0.0009426089626625172,(0.10195074893248685+0j),1.047181656018543
B0053,135,55,4,2357.687,22.111677092018486,1.9333820178355814,0.0009579733416460337,(0.10195074893248685+0j),1.0102740078425778
B0053,137,56,4,23.0,6.582625875555882,3.8013484699433544,0.01692385158693497,(0.10195074893248685+0j),0.0
B0054,1,1,4,2660.313,19.2224107892251,2.1808531235872497,0.0006272305779031085,,0.7399351039859233
B0054,5,2,4,2826.0,19.13350840101625,2.1857283549042807,0.000695131393748904,(0.1021829807494312+0j),1.1665440238116096
B0054,7,3,4,2818.578,19.246439328077983,2.191704472328808,0.0007057720235295004,(0.1021829807494312+0j),1.1052521456138635
B0054,9,4,4,2713.812,25.274344894624623,2.194436684364802,0.0007330578456232381,(0.1021829807494312+0j),1.0960302257185877
B0054,11,5,4,2786.578,17.912726519981458,2.1744802077788186,0.0007195462454718835,(0.1021829807494312+0j),1.0754450685609742
B0054,13,6,4,2667.89,25.399130245059563,2.1991956579298835,0.0007447928304461725,(0.1021829807494312+0j),1.0655493528023796
B0054,17,7,4,2530.172,19.958495728003356,2.195382286735059,0.0007776487259072261,(0.10285471210914307+0j),1.0568368579972396
B0054,19,8,4,2446.062,22.3455512044548,2.186961493066742,0.0008172964582818167,(0.10285471210914307+0j),1.0449064445364842
B0054,21,9,4,2713.25,18.346440665576743,2.1792899341144296,0.0007387433055486244,(0.10285471210914307+0j),1.0458363976936966
B0054,23,10,4,2676.578,19.776786565302107,2.1960491387884744,0.0007437234335740814,(0.10285471210914307+0j),1.018187920878015
B0054,25,11,4,2394.734,22.520284175103843,2.1942476804372792,0.0008321968810174641,(0.10285471210914307+0j),1.0226409233672233
B0054,29,12,4,2673.0,17.54568061289479,2.1907481286563577,0.0007407442366534643,(0.10021246764808162+0j),1.03890961861509
B0054,31,13,4,2619.578,22.730114882559054,2.185877354823723,0.0007640392783155596,(0.10021246764808162+0j),1.0173250354350074
B0054,33,14,4,2640.016,17.24230903543893,2.18549830376202,0.0007567276332004852,(0.10021246764808162+0j),1.033183911994548
B0054,35,15,4,2621.187,17.67282228813571,2.169486415611112,0.00076976191828212,(0.10021246764808162+0j),1.0095232119739597
B0054,37,16,4,2616.453,24.83365687277193,2.1991609285274296,0.0007599357178678744,(0.10021246764808162+0j),0.9862483259626477
B0054,41,17,4,2565.109,23.814869897999767,2.16946894247905,0.0007790683436597988,(0.09886956753778423+0j),1.0080048320000436
B0054,43,18,4,2532.531,23.286158021770156,2.189366386338004,0.0007871148847932475,(0.09886956753778423+0j),1.0153387761254196
B0054,45,19,4,2556.593,22.857688282463826,2.1938108499397133,0.0007782193785325834,(0.09886956753778423+0j),1.0106786853355956
B0054,47,20,4,2577.891,17.0744400013979,2.195354018162212,0.0007675827255153695,(0.09886956753778423+0j),1.010409656585336
B0054,49,21,4,2572.36,25.034160636506623,2.1757051329882087,0.0007819820727084585,(0.09886956753778423+0j),0.9801433323963482
B0054,53,22,4,2697.75,23.829313770803374,2.1816843710356264,0.000729469882505168,(0.09953547929849602+0j),1.1016641723624385
B0054,57,23,4,2683.406,18.148295901779747,2.1869057073992466,0.0007379723517453567,(0.10020729885444138+0j),1.0826512239001271
B0054,59,24,4,2646.156,24.240504107723478,2.1798631989492883,0.0007582230212850363,(0.10020729885444138+0j),1.0575008387868343
B0054,61,25,4,2593.531,22.93935470684112,2.1957368370641035,0.0007664553161017405,(0.10020729885444138+0j),1.0385517331615322
B0054,63,26,4,2604.125,24.77112444800467,2.197272162359153,0.0007627119976340054,(0.10020729885444138+0j),1.0073294901291132
B0054,65,27,4,2588.594,17.39258920543283,2.186991625035034,0.0007710022684345438,(0.10020729885444138+0j),1.0160400308540347
B0054,69,28,4,2579.203,18.305747733025576,2.1839945875783817,0.000772931973257276,(0.1003655046370946+0j),1.0158319636440951
B0054,71,29,4,2555.453,19.849601783840107,2.1974155139704856,0.0007787430066946114,(0.1003655046370946+0j),1.0015383803216271
B0054,73,30,4,2525.609,23.697887384213885,2.1944796571193828,0.000789077195053063,(0.1003655046370946+0j),0.9812488615918239
B0054,75,31,4,2536.172,17.639370990163055,2.19582689132158,0.0007836565631600308,(0.1003655046370946+0j),0.9987416030110134
B0054,77,32,4,2536.204,24.855759413239454,2.180729125655269,0.0007911628393732651,(0.1003655046370946+0j),0.9584014230949642
B0054,81,33,4,2488.86,22.633573596217214,2.198606902338691,0.0007915186982773011,(0.09795148368163108+0j),0.9800846133894623
B0054,83,34,4,2518.547,18.24210090664387,2.178492152794792,0.0007961951655798492,(0.09795148368163108+0j),0.9720372198962766
B0054,85,35,4,2485.766,23.459587106388874,2.1931605321338634,0.0008023131469234733,(0.09795148368163108+0j),0.9693202807518411
B0054,87,36,4,2506.718,24.87318926454243,2.1971158447610275,0.0007927312487868803,(0.09795148368163108+0j),0.9479786388506265
B0054,89,37,4,2459.297,22.57895105031832,2.192446180613871,0.000809752629075315,(0.09795148368163108+0j),0.9638519569071228
B0054,93,38,4,2488.734,18.155876160419844,2.1750045839249057,0.0008014255053622122,(0.09978306056762928+0j),0.9682336695484697
B0054,95,39,4,2491.375,24.745737558953422,2.1906356157422464,0.0008015099222165767,(0.09978306056762928+0j),0.9407020864603765
B0054,97,40,4,2467.328,20.864500972462256,2.1969226044699126,0.000805223914648044,(0.09978306056762928+0j),0.9618442077038963
B0054,99,41,4,2466.125,18.59367691804772,2.188259141429684,0.0008100420964856767,(0.09978306056762928+0j),0.9332340144199703
B0054,101,42,4,2459.3129999999946,24.597212846034733,2.1682818867328626,0.000821180399735405,(0.09978306056762928+0j),0.9313454737145217
B0054,105,43,4,2559.125,24.13178710047615,2.187733999755357,0.0007650142881778934,(0.1004782991647128+0j),0.9976429099116705
B0054,109,44,4,2534.156,23.612194914633058,2.158914847324055,0.0007928172482968503,(0.09976413952772237+0j),0.9833315262972037
B0054,111,45,4,2521.985,18.35582339692624,2.1913469960772693,0.0007896747895801345,(0.09976413952772237+0j),0.9904370062777442
B0054,113,46,4,2503.172,24.73342335069987,2.1887585386046826,0.0007983913472035503,(0.09976413952772237+0j),0.9499871340436294
B0054,115,47,4,2474.344,24.172566338551658,2.198239401427243,0.0008024055543785851,(0.09976413952772237+0j),0.9526027840900876
B0054,117,48,4,2349.64,23.99040081449467,2.1796805503092664,0.0008049738501080573,(0.09976413952772237+0j),0.8850175175465715
B0054,121,49,4,2560.688,23.497913584081875,2.1687268442761383,0.0007802631388082944,(0.09892297687386942+0j),0.9937402750241768
B0054,123,50,4,2522.375,22.413638355604547,2.191725388766709,0.0007893398026943771,(0.09892297687386942+0j),0.995507330519279
B0054,125,51,4,2488.719,23.276288269463745,2.16190489413124,0.0008123514530421971,(0.09892297687386942+0j),0.975407870968116
B0054,127,52,4,2474.844,23.166415774259068,2.1867699716569766,0.000806770302863717,(0.09892297687386942+0j),0.965960558373922
B0054,129,53,4,2473.875,23.915519230311656,2.198752976514828,0.0008023837763882302,(0.09892297687386942+0j),0.9573702621688754
B0054,133,54,4,2495.5,24.7714915843067,2.166553275090901,0.0008017050334211013,(0.09849560317349815+0j),0.9294756591964932
B0054,135,55,4,2481.078,24.68396453173386,2.1974146026719614,0.0008003182753712846,(0.09849560317349815+0j),0.9323553879823946
B0054,137,56,4,2460.125,19.020363167421827,2.1984537160355733,0.0008064676767957372,(0.09849560317349815+0j),0.954568378404969
B0054,139,57,4,2440.547,24.13873479197664,2.1699490089903373,0.0008263641931036093,(0.09849560317349815+0j),0.9330242104372937
B0054,141,58,4,2449.922,24.815641221382517,2.176887912375456,0.0008190216610125337,(0.09849560317349815+0j),0.923294184000959
B0054,145,59,4,2408.781,23.24485824164149,2.1883883016985664,0.0008212909477279364,(0.10068676219062561+0j),0.9257799164262976
B0054,147,60,4,2442.547,24.863734259210677,2.170115376243027,0.0008245035393751638,(0.10068676219062561+0j),0.9162765793280084
B0054,149,61,4,2420.671,19.187532398616906,2.1966197167856167,0.0008205785303082305,(0.10068676219062561+0j),0.9387011679112469
B0054,151,62,4,2409.906,24.608575630578702,2.1844861596911245,0.000830928964643207,(0.10068676219062561+0j),0.9158990586877171
B0054,153,63,4,2416.672,18.813867999485474,2.1969048206503072,0.0008217405434277033,(0.10068676219062561+0j),0.9202608990433788
B0054,157,64,4,2395.75,23.949250535387122,2.189593119391126,0.0008290538782951308,(0.09815737634698474+0j),0.9111253917360889
B0054,159,65,4,2410.688,24.821471701624326,2.1801159908061365,0.0008310142887281555,(0.09815737634698474+0j),0.8980507043695345
B0054,161,66,4,2402.125,18.578117414146718,2.1883204645817864,0.0008301584721065148,(0.09815737634698474+0j),0.9278864624016372
B0054,163,67,4,2355.265,22.523812738647745,2.176027126654838,0.0008539012149712914,(0.09815737634698474+0j),0.9118415396987224
B0054,165,68,4,2396.719,24.885270958035292,2.192431157609426,0.0008310083478098353,(0.09815737634698474+0j),0.8936491649329469
B0054,169,69,4,2442.344,24.49535100296176,2.165885100454371,0.0008081558081238854,(0.09812573227961423+0j),0.9100864492604255
B0054,173,70,4,2444.703,24.79248513927076,2.1973597496316057,0.0008055940899214654,(0.09877756699804434+0j),0.9114904731460941
B0054,175,71,4,2412.25,19.418861776320842,2.1972629267290893,0.000823004842012089,(0.09877756699804434+0j),0.9337172811638196
B0054,177,72,4,2403.234,24.843161021240146,2.198752877987022,0.0008272397198957354,(0.09877756699804434+0j),0.8981517756068776
B0054,179,73,4,2361.047,22.81807409211731,2.198603650230703,0.0008410896384909498,(0.09877756699804434+0j),0.9139367135371254
B0054,181,74,4,2392.468,24.58129890321389,2.1805571893421827,0.0008374291764659178,(0.09877756699804434+0j),0.8764848617154279
B0054,185,75,4,2373.89,24.654627092855215,2.174201624293327,0.0008391619897205533,(0.09938070713432909+0j),0.8854917958581964
B0054,187,76,4,2383.234,24.667711168999986,2.1705705059131044,0.0008447207613283801,(0.09938070713432909+0j),0.8819074622846708
B0054,189,77,4,2342.453,21.67226159753115,2.196118065671102,0.0008481782096971798,(0.09938070713432909+0j),0.9045809105944795
B0054,191,78,4,2359.296,24.961444132266895,2.184361072149743,0.0008478009953291688,(0.09938070713432909+0j),0.8734606349455996
B0054,193,79,4,2345.453,19.86209455847644,2.1930074246895095,0.0008486705976251189,(0.09938070713432909+0j),0.903131190986828
B0054,197,80,4,2360.172,24.813991518744384,2.1685391483011838,0.0008487200352200506,(0.09978756497979471+0j),0.8712217754060124
B0054,199,81,4,2315.407,22.3422759308799,2.1987726546793334,0.000857174379335427,(0.09978756497979471+0j),0.8936499043476617
B0054,201,82,4,2322.156,23.389616432610406,2.1680465237840907,0.0008679875919628107,(0.09978756497979471+0j),0.8835064014687892
B0054,203,83,4,2327.1570000000065,24.437246414395887,2.1849035687167166,0.0008588010832480833,(0.09978756497979471+0j),0.8779403705367915
B0054,205,84,4,2335.0,24.617323081703876,2.1788266272471644,0.0008585893387151015,(0.09978756497979471+0j),0.8599389109365094
B0054,209,85,4,2329.375,24.271941214408503,2.173598497548058,0.0008549970830912748,(0.09980761653697764+0j),0.8697358119609565
B0054,211,86,4,2333.875,24.804728027574093,2.171024131749843,0.0008624232635427752,(0.09980761653697764+0j),0.8638271814812677
B0054,213,87,4,2317.453,19.87934804833635,2.193241046616703,0.0008586591344813604,(0.09980761653697764+0j),0.8865694537789144
B0054,215,88,4,2295.109,23.51552492010551,2.1928820402300686,0.0008683929616780616,(0.09980761653697764+0j),0.8690078572313327
B0054,217,89,4,2326.657,24.913142338885027,2.1802092140590776,0.0008613705709304003,(0.09980761653697764+0j),0.8474446088377652
B0054,221,90,4,2479.297,23.80380834532953,2.1788337133933458,0.0007822496830002197,(0.09881969221354098+0j),0.8799727721580702
B0054,225,91,4,2463.578,23.08245417914552,2.1830841723157457,0.0008044492020328151,(0.09906340628726269+0j),0.9110444582768508
B0054,227,92,4,2458.812,23.778234573688007,2.1910520386239125,0.0008099008215862962,(0.09906340628726269+0j),0.9121724293355059
B0054,229,93,4,2400.672,23.05943482945761,2.199607761547385,0.0008258141068808763,(0.09906340628726269+0j),0.8872043975884799
B0054,231,94,4,2396.407,22.244929264861582,2.1991241347308157,0.000828150506531399,(0.09906340628726269+0j),0.8961236767959215
B0054,233,95,4,2392.375,23.801178997375885,2.1873002342387666,0.0008342151885302694,(0.09906340628726269+0j),0.8851334001128452
B0054,237,96,4,2373.687,20.129283300775896,2.1979569345819563,0.0008281605607026599,(0.09962652988489665+0j),0.8793386645436118
B0054,239,97,4,2385.922,24.104183465359974,2.1932450152273764,0.00083511846095352,(0.09962652988489665+0j),0.8461224238450626
B0054,241,98,4,2345.0,21.124822433154822,2.188819744044954,0.0008508070835402423,(0.09962652988489665+0j),0.8705933152969343
B0054,243,99,4,2363.047000000006,24.038373358435607,2.1933054601044173,0.0008423204964458923,(0.09962652988489665+0j),0.8440520909609104
B0054,245,100,4,2316.687,22.333795391644557,2.1984194356911515,0.0008566716591801923,(0.09962652988489665+0j),0.8536244678403578
B0054,249,101,4,2322.0,21.7292466341309,2.197124548478272,0.0008473176114123794,(0.10150507023603897+0j),0.8524519337958137
B0054,251,102,4,2357.687,24.067733333922256,2.1601370672426743,0.000858213938764581,(0.10150507023603897+0j),0.8373919001793014
B0054,253,103,4,23.0,6.383481120383388,3.83839582745546,0.014960054239232851,(0.10150507023603897+0j),0.0
B0055,1,1,4,2660.313,18.02446981350722,2.4930794984834495,0.0005077054940381411,,0.7989997927037011
B0055,5,2,4,2826.0,16.633080095446793,2.480538609588174,0.0005992505161922768,(0.09619085839657462+0j),1.319892156462878
B0055,7,3,4,2818.578,18.02222405324747,2.48985034932468,0.000606547323005403,(0.09619085839657462+0j),1.2769832801132017
B0055,9,4,4,2713.812,16.276920867509258,2.485404008194569,0.0006323028058628612,(0.09619085839657462+0j),1.2572591312230865
B0055,11,5,4,2786.578,17.386184005164274,2.484071154442301,0.0006166040749067134,(0.09619085839657462+0j),1.206763751299412
B0055,13,6,4,2667.89,16.287370504806514,2.4813880969343156,0.0006452351115065614,(0.09619085839657462+0j),1.2077322536103197
B0055,17,7,4,2530.172,18.765407738610975,2.4857750442530606,0.0006754144880198884,(0.0959763432768074+0j),1.2009614290093835
B0055,19,8,4,2446.062,17.743208793113464,2.4898705968581996,0.0007005487521153536,(0.0959763432768074+0j),1.189059086549973
B0055,21,9,4,2713.25,16.27240932778339,2.4863788962445756,0.0006330239166315035,(0.0959763432768074+0j),1.169708782604433
B0055,23,10,4,2676.578,18.496064110315466,2.484196378836121,0.0006427164358717791,(0.0959763432768074+0j),1.1483647194613424
B0055,25,11,4,2394.734,17.233592924973692,2.488899766066993,0.0007163618825658868,(0.0959763432768074+0j),1.1527726060972296
B0055,29,12,4,2673.0,17.25233196126928,2.4856427415338582,0.0006400544020267772,(0.09785182082207666+0j),1.1318370471727228
B0055,31,13,4,2619.578,18.84637103862602,2.4945204316368925,0.0006529293712280543,(0.09785182082207666+0j),1.1326525803383347
B0055,33,14,4,2640.016,16.69866695291335,2.489824423973652,0.0006495888014749662,(0.09785182082207666+0j),1.1160565716574584
B0055,35,15,4,2621.187,17.281200338137296,2.4929609831648176,0.0006533562724936566,(0.09785182082207666+0j),1.0984641825068853
B0055,37,16,4,2616.453,17.87487048558903,2.4987737122938984,0.0006523539995440662,(0.09785182082207666+0j),1.0925694103096681
B0055,41,17,4,2565.109,18.56561933924195,2.4960528571959832,0.0006634730717687145,(0.09753110385085502+0j),1.109167680712031
B0055,43,18,4,2532.531,18.731388722663795,2.4950345179419164,0.0006753543869851869,(0.09753110385085502+0j),1.1075035028905713
B0055,45,19,4,2556.593,18.85911132920102,2.4992030754220638,0.0006673852582466972,(0.09753110385085502+0j),1.106751675424531
B0055,47,20,4,2577.891,16.474886676905992,2.4858947643408493,0.0006586596915219889,(0.09753110385085502+0j),1.0726694124582825
B0055,49,21,4,2572.36,18.429839421941313,2.4902199266036034,0.000666933066589772,(0.09753110385085502+0j),1.0776844021506693
B0055,53,22,4,2697.75,16.79121110894689,2.49591717391522,0.0006262132859799786,(0.09759198908669628+0j),1.1981714734535907
B0055,57,23,4,2683.406,16.558207457541112,2.493901769830843,0.0006345624563129325,(0.09841426731704843+0j),1.1625381552680927
B0055,59,24,4,2646.156,16.176716026227933,2.4906658427202095,0.0006479900475791211,(0.09841426731704843+0j),1.1556827465844224
B0055,61,25,4,2593.531,18.28920429337146,2.491266216084571,0.0006609854131747386,(0.09841426731704843+0j),1.137444098422356
B0055,63,26,4,2604.125,18.65863623047158,2.4927607047506055,0.0006575926649684819,(0.09841426731704843+0j),1.1126375352125493
B0055,65,27,4,2588.594,16.83473057053666,2.4866262339494316,0.000664120179523529,(0.09841426731704843+0j),1.098656067845981
B0055,69,28,4,2579.203,16.756789919207705,2.495104294734825,0.0006606271208993034,(0.10011614092225284+0j),1.0985302758884639
B0055,71,29,4,2555.453,16.24699765148442,2.4877631392866095,0.0006724248893554544,(0.10011614092225284+0j),1.1029370400968537
B0055,73,30,4,2525.609,19.129984857149818,2.4978675843051477,0.0006765470045274753,(0.10011614092225284+0j),1.0949644922735318
B0055,75,31,4,2536.172,16.36765160927189,2.482550786926367,0.0006794642813774806,(0.10011614092225284+0j),1.0890679714830998
B0055,77,32,4,2536.204,18.15665009637772,2.498794021092515,0.0006733191324759744,(0.10011614092225284+0j),1.073323391636053
B0055,81,33,4,2488.86,18.80550760238104,2.4986675609061084,0.0006830918397511839,(0.09591484764112321+0j),1.095373856745309
B0055,83,34,4,2518.547,17.559578387097904,2.495967983888696,0.0006787967239127918,(0.09591484764112321+0j),1.0639517466243125
B0055,85,35,4,2485.766,17.467083355342886,2.494521891499824,0.000688784943397016,(0.09591484764112321+0j),1.085798072407703
B0055,87,36,4,2506.718,18.49462899513655,2.4940939052144744,0.0006830241387923267,(0.09591484764112321+0j),1.0588748965507557
B0055,89,37,4,2459.297,17.91164881741511,2.488192777263103,0.0006986991604783317,(0.09591484764112321+0j),1.0813260035191288
B0055,93,38,4,2488.734,16.71929796179109,2.4835904274919676,0.0006888949121214986,(0.09734631501211521+0j),1.061601862588323
B0055,95,39,4,2491.375,18.743872075423457,2.494836964233761,0.000687233805634567,(0.09734631501211521+0j),1.0593920670581127
B0055,97,40,4,2467.328,16.07532193134441,2.495294559262084,0.0006934185015818665,(0.09734631501211521+0j),1.0742513141424725
B0055,99,41,4,2466.125,18.1055360480279,2.493930027919102,0.0006944354689714801,(0.09734631501211521+0j),1.0405614734131499
B0055,101,42,4,2459.3129999999946,19.22539590220654,2.4968794236107965,0.0006941622748256632,(0.09734631501211521+0j),1.0575656535324895
B0055,105,43,4,2559.125,17.79698901775945,2.4980844986118784,0.0006597415487906891,(0.09575130274950294+0j),1.0983528970914622
B0055,109,44,4,2534.156,19.90310164984231,2.497690135885909,0.0006711436366502377,(0.0982934825737443+0j),1.109758993739737
B0055,111,45,4,2521.985,16.28428434167548,2.495812780943487,0.0006777733971229613,(0.0982934825737443+0j),1.0793315779206873
B0055,113,46,4,2503.172,18.858200111612096,2.497968365806555,0.0006827710603824253,(0.0982934825737443+0j),1.0716159094756148
B0055,115,47,4,2474.344,19.26539604228336,2.4948503148658077,0.0006917940128701566,(0.0982934825737443+0j),1.0746464211019797
B0055,117,48,4,2349.64,19.91574517945343,2.497025585392751,0.0006975693168980065,(0.0982934825737443+0j),1.08643683065179
B0055,121,49,4,2560.688,19.74476118019262,2.497531566741249,0.0006628540444209663,(0.09605950784374817+0j),1.1340138347387958
B0055,123,50,4,2522.375,18.239458117812696,2.4925446639956585,0.0006789849384525791,(0.09605950784374817+0j),1.1176964717951587
B0055,125,51,4,2488.719,19.14324542302631,2.497355535023157,0.0006864968368012142,(0.09605950784374817+0j),1.1046468529644289
B0055,127,52,4,2474.844,18.957146305546704,2.4960054501777855,0.0006908825783037733,(0.09605950784374817+0j),1.089700148407426
B0055,129,53,4,2473.875,18.569611226697234,2.4945789390502733,0.0006917816461073476,(0.09605950784374817+0j),1.075533547538172
B0055,133,54,4,2495.5,18.389604150481873,2.497451626540361,0.0006815523074885625,(0.09805378398943446+0j),1.0609866776144368
B0055,135,55,4,2481.078,17.859841515218953,2.494771530909891,0.0006899992207498808,(0.09805378398943446+0j),1.0518218041615568
B0055,137,56,4,2460.125,15.816276936907297,2.4850759949386982,0.0006998773137653022,(0.09805378398943446+0j),1.0553857898132757
B0055,139,57,4,2440.547,18.755426828419857,2.4972833794296387,0.0006990100266837218,(0.09805378398943446+0j),1.0533102333691788
B0055,141,58,4,2449.922,17.253309886018204,2.4994934553850463,0.0006969099475622411,(0.09805378398943446+0j),1.0315365260084348
B0055,145,59,4,2408.781,19.044660235871767,2.496397324750552,0.0007071026782631856,(0.09453854349952312+0j),1.0533401053259415
B0055,147,60,4,2442.547,17.632782962314124,2.4985913567786335,0.0006991731824026016,(0.09453854349952312+0j),1.0317876798810788
B0055,149,61,4,2420.671,15.652866929465386,2.4793908002585576,0.0007137384875775975,(0.09453854349952312+0j),1.0354207912157296
B0055,151,62,4,2409.906,18.851175405607993,2.495919101086891,0.0007086941381339839,(0.09453854349952312+0j),1.0322251791310608
B0055,153,63,4,2416.672,16.682382112943166,2.487748902505861,0.000711185647826826,(0.09453854349952312+0j),1.011543397303472
B0055,157,64,4,2395.75,19.331265935552995,2.496210707787105,0.0007111051438618605,(0.09532612469349216+0j),1.0413760568150228
B0055,159,65,4,2410.688,17.796486773673443,2.499306018937951,0.0007081202490928629,(0.09532612469349216+0j),1.02174193386881
B0055,161,66,4,2402.125,15.641866781260571,2.4951311923995756,0.0007126174622937107,(0.09532612469349216+0j),1.0133135547969283
B0055,163,67,4,2355.265,18.475017780285615,2.498865224973231,0.0007232352187599083,(0.09532612469349216+0j),1.0299942559626907
B0055,165,68,4,2396.719,18.598567041058164,2.499842473941914,0.0007121219810165214,(0.09532612469349216+0j),1.0189349807814327
B0055,169,69,4,2442.344,17.70296113245331,2.4984245148092805,0.0006916948677104739,(0.09559865013101355+0j),1.0290879520854017
B0055,173,70,4,2444.703,19.648490501323845,2.498165502515704,0.0006959036397287795,(0.09533171957525666+0j),1.0567629241900045
B0055,175,71,4,2412.25,16.178060673787062,2.4838403700559373,0.0007137541290208493,(0.09533171957525666+0j),1.0291668536316647
B0055,177,72,4,2403.234,18.88644438182567,2.4989275943849365,0.0007090279395693518,(0.09533171957525666+0j),1.0321298444901021
B0055,179,73,4,2361.047,16.020151248713987,2.497716849078165,0.0007237452529088191,(0.09533171957525666+0j),1.0409230283951276
B0055,181,74,4,2392.468,18.292174814306744,2.497475666164784,0.000713122090810927,(0.09533171957525666+0j),1.011161098766987
B0055,185,75,4,2373.89,19.26049129848449,2.499631738732727,0.0007157698154107112,(0.09704923703167391+0j),1.0337876112911784
B0055,187,76,4,2383.234,17.24384546974176,2.4996111983697316,0.0007161964746967135,(0.09704923703167391+0j),1.003994224020383
B0055,189,77,4,2342.453,15.900824096276386,2.4972946109355068,0.0007285575859223066,(0.09704923703167391+0j),1.0334195479955004
B0055,191,78,4,2359.296,18.94850032004803,2.4950143445404667,0.000724133070547797,(0.09704923703167391+0j),1.0098936564116459
B0055,193,79,4,2345.453,14.95747625778177,2.496127080556164,0.0007292204567012047,(0.09704923703167391+0j),1.0126262447940628
B0055,197,80,4,2360.172,17.70459844093717,2.498292598142556,0.0007210487046234367,(0.09673833813311872+0j),0.9948742055727694
B0055,199,81,4,2315.407,16.746714545942115,2.4995493131113817,0.000735972413345473,(0.09673833813311872+0j),1.0240799556179332
B0055,201,82,4,2322.156,19.201273298790156,2.4954991257797223,0.0007353605444937821,(0.09673833813311872+0j),1.0208889510043027
B0055,203,83,4,2327.1570000000065,18.921215014535083,2.495394779769103,0.0007352172395332375,(0.09673833813311872+0j),1.016100815944114
B0055,205,84,4,2335.0,17.83845317353606,2.4987692806726884,0.0007314317879909359,(0.09673833813311872+0j),0.9987875345106277
B0055,209,85,4,2329.375,19.413252469388496,2.4984561833393784,0.000730002606380629,(0.0957668537291583+0j),1.0158868294923784
B0055,211,86,4,2333.875,17.555469742468727,2.495225392424711,0.0007331590051608117,(0.0957668537291583+0j),0.9963437517762594
B0055,213,87,4,2317.453,15.18160164516741,2.48261274521935,0.0007441420799217815,(0.0957668537291583+0j),1.0053777381419529
B0055,215,88,4,2295.109,19.119001932657707,2.497894652809196,0.0007426818320587169,(0.0957668537291583+0j),1.009132291002791
B0055,217,89,4,2326.657,18.259385299695204,2.498867447840723,0.0007338881231728586,(0.0957668537291583+0j),0.9984581240784203
B0055,221,90,4,2479.297,20.334330441428275,2.4949438751160398,0.000680285875479028,(0.09427285125272801+0j),1.0892389324114138
B0055,225,91,4,2463.578,18.82433959610769,2.4992245281158842,0.0006881115668105725,(0.09747109901247247+0j),1.0793936031703524
B0055,227,92,4,2458.812,16.215064274032724,2.4924954873857694,0.0006964278240313728,(0.09747109901247247+0j),1.032614295314224
B0055,229,93,4,2400.672,18.624861324787787,2.495661665849974,0.0007111253011714833,(0.09747109901247247+0j),1.0498572649026638
B0055,231,94,4,2396.407,15.137573162785118,2.4989003291461986,0.0007122556232484664,(0.09747109901247247+0j),1.0453902697248563
B0055,233,95,4,2392.375,16.113386903826303,2.489889091081545,0.0007177785559706984,(0.09747109901247247+0j),1.0001607736713514
B0055,237,96,4,2373.687,14.510272258578619,2.4987682908191466,0.0007159087872667203,(0.09778722154159296+0j),1.0084094786878157
B0055,239,97,4,2385.922,18.79688115527297,2.4975933279193185,0.0007148350128933547,(0.09778722154159296+0j),1.003655158082039
B0055,241,98,4,2345.0,15.51511607516065,2.495932540383024,0.0007294241854905707,(0.09778722154159296+0j),1.0285269676595319
B0055,243,99,4,2363.047000000006,17.410882869971065,2.493973960448579,0.0007234333946160355,(0.09778722154159296+0j),0.9816844358987022
B0055,245,100,4,2316.687,17.541633082707207,2.4945849403498523,0.0007374660836968861,(0.09778722154159296+0j),1.0127121434171131
B0055,249,101,4,2322.0,16.68412644043965,2.4970956728658367,0.0007323767262615964,(0.0968087979207628+0j),1.0201379996149256
B0055,251,102,4,2357.687,18.127312484256297,2.496842059818817,0.0007235745233262273,(0.0968087979207628+0j),0.9907591663373165
B0056,1,1,4,2660.313,15.737541036017063,2.689656173110366,0.0004319291409711577,,0.7852781208785192
B0056,5,2,4,2826.0,14.09017680302044,2.6867752955314015,0.0005174825102452719,(0.10496405150737945+0j),1.3443555553017368
B0056,7,3,4,2818.578,14.9073664521439,2.698313212370538,0.0005240305502487859,(0.10496405150737945+0j),1.317502710734752
B0056,9,4,4,2713.812,14.04619289990165,2.692589583576849,0.0005471566310467599,(0.10496405150737945+0j),1.2973654679476911
B0056,11,5,4,2786.578,14.458798502682042,2.6980823652266586,0.000530848586965768,(0.10496405150737945+0j),1.263960414854898
B0056,13,6,4,2667.89,13.79068771013097,2.699291592092144,0.0005543009946580696,(0.10496405150737945+0j),1.2589496187032136
B0056,17,7,4,2530.172,14.881216824496482,2.6902918098264004,0.0005845985730957636,(0.10256257569474589+0j),1.2806197690202599
B0056,19,8,4,2446.062,14.283153326557814,2.6937716432028966,0.0006069871222650154,(0.10256257569474589+0j),1.2572786868607095
B0056,21,9,4,2713.25,13.246258812265461,2.6912557599593363,0.0005482113458892712,(0.10256257569474589+0j),1.2226260041048898
B0056,23,10,4,2676.578,14.784638313108044,2.6988155601873713,0.0005528632256521796,(0.10256257569474589+0j),1.2292772249257495
B0056,25,11,4,2394.734,13.967206000860527,2.698364593875605,0.0006182951238876893,(0.10256257569474589+0j),1.2275780135689456
B0056,29,12,4,2673.0,14.101837412639979,2.690491235069901,0.0005535967416818003,(0.10195849938493111+0j),1.2133872888296768
B0056,31,13,4,2619.578,15.014735099158155,2.6953260271003012,0.0005664497640558106,(0.10195849938493111+0j),1.230223614493081
B0056,33,14,4,2640.016,13.814334631047263,2.6910057831221796,0.0005637995869431252,(0.10195849938493111+0j),1.1927530108462678
B0056,35,15,4,2621.187,14.167557089207039,2.6980104623652483,0.0005652951595209637,(0.10195849938493111+0j),1.1867106635987799
B0056,37,16,4,2616.453,14.498480751440637,2.6918100210263542,0.0005687258879187232,(0.10195849938493111+0j),1.1914875140242167
B0056,41,17,4,2565.109,14.957470899011563,2.6994455277907243,0.0005740136242103749,(0.10156892528578992+0j),1.214178606017816
B0056,43,18,4,2532.531,15.001521036754518,2.6974370448855804,0.0005852653881954884,(0.10156892528578992+0j),1.2094387558721402
B0056,45,19,4,2556.593,14.338173356663557,2.687185471488668,0.0005839292842823962,(0.10156892528578992+0j),1.207072299940321
B0056,47,20,4,2577.891,13.436612124692124,2.687470388534462,0.0005766727749684531,(0.10156892528578992+0j),1.162961249391913
B0056,49,21,4,2572.36,14.639269846531356,2.699656546174108,0.0005755755116980506,(0.10156892528578992+0j),1.17887968705904
B0056,53,22,4,2697.75,13.577353530338334,2.6854368250416094,0.0005469155446588803,(0.10271051569778887+0j),1.2945104146044433
B0056,57,23,4,2683.406,13.568274326866668,2.690427787524509,0.000551528222214339,(0.10262803616259264+0j),1.2602567563003473
B0056,59,24,4,2646.156,13.222923404873027,2.6939728433831345,0.0005614542110544256,(0.10262803616259264+0j),1.2408721291565108
B0056,61,25,4,2593.531,14.117236767649958,2.6814059367851253,0.0005777263207134992,(0.10262803616259264+0j),1.252197340273113
B0056,63,26,4,2604.125,14.72590749283402,2.6953073659972815,0.0005698934996622027,(0.10262803616259264+0j),1.2279025700477384
B0056,65,27,4,2588.594,13.782905674311685,2.6879523256297095,0.0005763011054167341,(0.10262803616259264+0j),1.1917170308946994
B0056,69,28,4,2579.203,13.53465268656202,2.696650296000414,0.000572118069079714,(0.10181550219529328+0j),1.1858570240011006
B0056,71,29,4,2555.453,12.997563677985067,2.6832104765994735,0.0005859492501201968,(0.10181550219529328+0j),1.1840938286611427
B0056,73,30,4,2525.609,14.907548086849499,2.6972876615572554,0.0005872642425671167,(0.10181550219529328+0j),1.2059829135917657
B0056,75,31,4,2536.172,13.20576446654183,2.683737907365728,0.0005901246546464362,(0.10181550219529328+0j),1.165428493679393
B0056,77,32,4,2536.204,14.51158708545384,2.69363443342256,0.0005862797050088738,(0.10181550219529328+0j),1.1790060613193858
B0056,81,33,4,2488.86,14.30233008977442,2.6943722854819816,0.0005937420018607514,(0.10152513170309288+0j),1.2013113747183153
B0056,83,34,4,2518.547,14.15321706372225,2.688897787724772,0.0005921968363672513,(0.10152513170309288+0j),1.165597803317432
B0056,85,35,4,2485.766,13.855287867564956,2.6882331708894665,0.0006004184911244643,(0.10152513170309288+0j),1.180303335055002
B0056,87,36,4,2506.718,14.492855960891132,2.6894590778726095,0.0005947298433152333,(0.10152513170309288+0j),1.1658134189695046
B0056,89,37,4,2459.297,14.065463723343733,2.6894641263415138,0.0006064885083654675,(0.10152513170309288+0j),1.1763960515773761
B0056,93,38,4,2488.734,13.412858944276625,2.6842747820981163,0.0005979731114682371,(0.10152720098517697+0j),1.1458325512940766
B0056,95,39,4,2491.375,14.606103880190119,2.6890536637756743,0.0005988697491589491,(0.10152720098517697+0j),1.167557759980296
B0056,97,40,4,2467.328,13.208123302069437,2.697570405713833,0.0006012879365504228,(0.10152720098517697+0j),1.145636654711916
B0056,99,41,4,2466.125,14.33986737197622,2.6861014784430512,0.0006062772647872225,(0.10152720098517697+0j),1.1443667002824445
B0056,101,42,4,2459.3129999999946,14.869194370874,2.6984158813975863,0.0006029338637081773,(0.10152720098517697+0j),1.1605177686388095
B0056,105,43,4,2559.125,14.255223899564948,2.6966170938157865,0.000572900552538479,(0.10165992598723084+0j),1.2272013042602479
B0056,109,44,4,2534.156,15.145967765545794,2.6938401614375964,0.0005832584276317196,(0.10231891390523196+0j),1.2454797202045476
B0056,111,45,4,2521.985,13.36575567843813,2.694145271746648,0.0005892077625309117,(0.10231891390523196+0j),1.1722288849037228
B0056,113,46,4,2503.172,14.761564527480054,2.6949310922042096,0.0005936657543661265,(0.10231891390523196+0j),1.1953514999944956
B0056,115,47,4,2474.344,14.927522519928406,2.698968781686075,0.0005988068317471078,(0.10231891390523196+0j),1.1919514716203925
B0056,117,48,4,2349.64,15.38684146714604,2.69347301500386,0.0006026056467416804,(0.10231891390523196+0j),1.2296223665252586
B0056,121,49,4,2560.688,15.06186195706642,2.6975073541494394,0.0005749980753260672,(0.1006957784407432+0j),1.2774519419396988
B0056,123,50,4,2522.375,14.19417584217932,2.68847764541694,0.0005914388933318995,(0.1006957784407432+0j),1.2433879751668584
B0056,125,51,4,2488.719,14.670219241896355,2.695809647268888,0.0005965232420636261,(0.1006957784407432+0j),1.230802542912592
B0056,127,52,4,2474.844,14.756439650219583,2.6988862295180773,0.0005986854098487804,(0.1006957784407432+0j),1.2162358534094664
B0056,129,53,4,2473.875,15.074941469247383,2.6881817818985594,0.0006032768088572861,(0.1006957784407432+0j),1.2088335726499548
B0056,133,54,4,2495.5,14.772345213065618,2.693866336049454,0.0005923179344788193,(0.10004185530034888+0j),1.1946181162240357
B0056,135,55,4,2481.078,14.624267787138265,2.692863343941837,0.0005995853353588846,(0.10004185530034888+0j),1.1734248134794991
B0056,137,56,4,2460.125,12.974017575008304,2.6912645328393867,0.0006055763516168251,(0.10004185530034888+0j),1.1404596305913128
B0056,139,57,4,2440.547,14.962343761280408,2.6880196285337377,0.000611941369107492,(0.10004185530034888+0j),1.1821716406845988
B0056,141,58,4,2449.922,14.288936379622093,2.6997902360046213,0.0006044293911832468,(0.10004185530034888+0j),1.1480663382055174
B0056,145,59,4,2408.781,14.731654795183925,2.6973629105606647,0.0006126271962803484,(0.10176572452107617+0j),1.1825381935034152
B0056,147,60,4,2442.547,14.530184451529058,2.691300691707842,0.000609840389576452,(0.10176572452107617+0j),1.1552092862846601
B0056,149,61,4,2420.671,12.920963346782584,2.689936372979849,0.0006160316877757632,(0.10176572452107617+0j),1.1216816712671696
B0056,151,62,4,2409.906,14.975497658516607,2.6913240152919484,0.0006184353489591495,(0.10176572452107617+0j),1.162666262561457
B0056,153,63,4,2416.672,14.006665059857033,2.686923064348457,0.0006181738374650064,(0.10176572452107617+0j),1.124695615744926
B0056,157,64,4,2395.75,15.065495014920012,2.6874437664677444,0.0006203237212939564,(0.10118698447668939+0j),1.1664177948797931
B0056,159,65,4,2410.688,14.438517748547323,2.699800435335948,0.000614473045953612,(0.10118698447668939+0j),1.1346745156379465
B0056,161,66,4,2402.125,13.194289211464435,2.6979607095711318,0.0006176665379697181,(0.10118698447668939+0j),1.1012231317092755
B0056,163,67,4,2355.265,14.482501609291248,2.6834783907862354,0.0006361577338348512,(0.10118698447668939+0j),1.1560733948472832
B0056,165,68,4,2396.719,14.720749328790644,2.6996190068902637,0.0006182377933521903,(0.10118698447668939+0j),1.1385609898764002
B0056,169,69,4,2442.344,14.529077890794348,2.689809371052332,0.000603730024662991,(0.10141206969007753+0j),1.1757265448773706
B0056,173,70,4,2444.703,15.244128605525713,2.688916524535636,0.0006069111277416346,(0.10263078951805046+0j),1.1969385632452556
B0056,175,71,4,2412.25,13.512900564234096,2.698695743312111,0.0006142861633570882,(0.10263078951805046+0j),1.1267457988726266
B0056,177,72,4,2403.234,14.862132323599853,2.697889593175275,0.000617505750260895,(0.10263078951805046+0j),1.1601031368559531
B0056,179,73,4,2361.047,13.378405270944848,2.6959933200185318,0.000629087136537613,(0.10263078951805046+0j),1.1361458729690275
B0056,181,74,4,2392.468,14.806201026240293,2.6955474945092024,0.0006211618036968371,(0.10263078951805046+0j),1.1397253894261876
B0056,185,75,4,2373.89,15.144104218787898,2.699727848412594,0.0006206037080735521,(0.10184721517933809+0j),1.1560010024767575
B0056,187,76,4,2383.234,14.39832488350013,2.695330424081241,0.0006235164829215421,(0.10184721517933809+0j),1.126818619026835
B0056,189,77,4,2342.453,13.069857113335045,2.6854130230502054,0.0006387561320273426,(0.10184721517933809+0j),1.116688355680394
B0056,191,78,4,2359.296,14.625776758086843,2.690400334997493,0.0006322410521653832,(0.10184721517933809+0j),1.1330613197666846
B0056,193,79,4,2345.453,12.585237711150564,2.6887925590382147,0.0006364565343545938,(0.10184721517933809+0j),1.0893839897995972
B0056,197,80,4,2360.172,14.409091639662265,2.6988640537115023,0.0006252024320103253,(0.10123780929268948+0j),1.1120836459259367
B0056,199,81,4,2315.407,13.639615611059915,2.680924614006194,0.0006482619499761863,(0.10123780929268948+0j),1.1279950254648337
B0056,201,82,4,2322.156,14.880692487289394,2.689418119708915,0.0006424753717845777,(0.10123780929268948+0j),1.1386774565024178
B0056,203,83,4,2327.1570000000065,14.94384328293818,2.6980519577561664,0.0006374740596404594,(0.10123780929268948+0j),1.1271136962200643
B0056,205,84,4,2335.0,14.509690908147519,2.690667005796631,0.0006385220394597293,(0.10123780929268948+0j),1.1101508869653747
B0056,209,85,4,2329.375,15.062267575750978,2.690672584400043,0.0006365843098329268,(0.10152762113247008+0j),1.1344632260422465
B0056,211,86,4,2333.875,14.468947045350122,2.6895747540556276,0.0006391762876476445,(0.10152762113247008+0j),1.108458756302863
B0056,213,87,4,2317.453,12.508239840028546,2.6850453196446673,0.0006459481070353356,(0.10152762113247008+0j),1.0768220870214844
B0056,215,88,4,2295.109,14.887028438704053,2.68848533115398,0.0006507975337204437,(0.10152762113247008+0j),1.128398212919817
B0056,217,89,4,2326.657,14.643769942307397,2.695941959305812,0.0006385390158409159,(0.10152762113247008+0j),1.1066350346531368
B0056,221,90,4,2479.297,15.536147821768504,2.6936113374580533,0.0005916113761944341,(0.10222867655837778+0j),1.271609072217319
B0056,225,91,4,2463.578,14.710321906861783,2.6975058053441106,0.0005981834419178926,(0.10232520224049847+0j),1.2415767175377967
B0056,227,92,4,2458.812,14.282705134297458,2.6996810856937454,0.0006020091873846547,(0.10232520224049847+0j),1.174652904422814
B0056,229,93,4,2400.672,14.735427526864724,2.6932891744671807,0.0006197980100103353,(0.10232520224049847+0j),1.1989389885187762
B0056,231,94,4,2396.407,12.986214565204863,2.680335373836448,0.0006260955031831354,(0.10232520224049847+0j),1.1461398965188563
B0056,233,95,4,2392.375,14.020906563644125,2.695500756668203,0.0006211120214581553,(0.10232520224049847+0j),1.129224378671885
B0056,237,96,4,2373.687,13.158594712143497,2.6916361141573137,0.0006243547266470765,(0.10322741110615684+0j),1.1103432888019913
B0056,239,97,4,2385.922,14.942021026324584,2.6977127849492053,0.0006221286789314702,(0.10322741110615684+0j),1.153909472897475
B0056,241,98,4,2345.0,13.316711053744784,2.687276744661873,0.0006373327346445658,(0.10322741110615684+0j),1.1302191455340138
B0056,243,99,4,2363.047000000006,14.612810892917661,2.6980124491519586,0.0006279763805163724,(0.10322741110615684+0j),1.1258719408034097
B0056,245,100,4,2316.687,14.205466297575018,2.6927360739353285,0.0006427520234193136,(0.10322741110615684+0j),1.1430108283920968
B0056,249,101,4,2322.0,13.862516639323271,2.6899104032044447,0.0006387182994432362,(0.10267706871685421+0j),1.1372731775310292
B0056,251,102,4,2357.687,14.899199505524647,2.6950189281281465,0.000630645187093097,(0.10267706871685421+0j),1.1290590137779504
