Battery_ID,Cycle_Index,Discharge_Index,Ambient_Temperature,Discharge_Time_Seconds,Max_Temp_Reached,Min_Voltage_Recorded,Voltage_Drop_Rate_V_per_sec,Internal_Resistance_Re,Cycles_Since_Impedance,Capacity_Ahr,SoH,Max_Cycle,RUL
B0005,2,1,24,3690.234,38.98218133148803,2.612467347907089,0.0004278927730865,0.0446687003661609,0.0,1.8564874208181572,1.0,614,612
B0005,4,2,24,3672.344,39.03339796678704,2.587208728940726,0.000436387355026,0.0446687003661609,0.0,1.846327249719927,0.9945272071416714,614,610
B0005,6,3,24,3651.641,38.81879668981741,2.65191689384378,0.0004207067020409,0.0446687003661609,0.0,1.835349194223408,0.9886138595081704,614,608
B0005,8,4,24,3631.563,38.7623045063458,2.592947964776547,0.0004393461311504,0.0446687003661609,0.0,1.8352625275821128,0.9885671763794172,614,606
B0005,10,5,24,3629.172,38.66539257343368,2.547419651124539,0.0004521358793786,0.0446687003661609,0.0,1.8346455082120416,0.9882348178817772,614,604
B0005,12,6,24,3652.281,38.75169504640032,2.5209480504077413,0.0004566646864085,0.0446687003661609,0.0,1.8356616600675493,0.9887821697485945,614,602
B0005,14,7,24,3650.828,38.8207012322275,2.487927319492314,0.0004657749744568,0.0446687003661609,0.0,1.8351461429226603,0.9885044855913476,614,600
B0005,16,8,24,3572.453,38.51713023385634,2.665204904745877,0.0004265200932709,0.0446687003661609,0.0,1.8257567905665535,0.9834468955151549,614,598
B0005,18,9,24,3550.594,38.526267904657,2.603858472633368,0.0004464522776326,0.0446687003661609,0.0,1.8247738529891333,0.9829174345738104,614,596
B0005,20,10,24,3551.25,38.52698128472781,2.552853984885676,0.0004607868897404,0.0446687003661609,0.0,1.824613268496936,0.982830935473199,614,594
B0005,22,11,24,3530.25,38.54143406601644,2.472448301852732,0.0004862170537663,0.0446687003661609,0.0,1.8246195526864504,0.9828343204622076,614,592
B0005,25,12,24,3491.016,38.52197451768004,2.64956413267546,0.0004412217287433,0.0446687003661609,0.0,1.814201935767392,0.977222853989428,614,589
B0005,27,13,24,3470.281,38.582485834057856,2.5724981777366227,0.000465895590885,0.0446687003661609,0.0,1.8137521577549052,0.9769805803238794,614,587
B0005,29,14,24,3470.0,38.52029413487392,2.5249886697730286,0.0004794954167491,0.0446687003661609,0.0,1.8134404914735824,0.9768127007692816,614,585
B0005,31,15,24,3450.297,38.21358592965045,2.694621861688723,0.0004331477667226,0.0446687003661609,0.0,1.8025980036306504,0.9709723768751648,614,583
B0005,33,16,24,3429.407,38.1983618706913,2.64010141737067,0.0004517138548064,0.0446687003661609,0.0,1.80210690024615,0.9707078432300706,614,581
B0005,35,17,24,3409.484,38.31926916027133,2.573903509838096,0.0004736776766191,0.0446687003661609,0.0,1.802579500826209,0.9709624103091468,614,579
B0005,37,18,24,3390.422,38.4787542519308,2.4942396831720126,0.0004998021239494,0.0446687003661609,0.0,1.8030683142834096,0.9712257104811376,614,577
B0005,39,19,24,3390.281,38.54659017774874,2.4556793246645583,0.0005113420589183,0.0446687003661609,0.0,1.802777624719604,0.971069130069902,614,575
B0005,42,20,24,3591.734,38.44749852224995,2.632142800798914,0.0004330697261446,0.0446687003661609,1.0,1.8470259949329195,0.9949035873989016,614,572
B0005,46,21,24,3552.297,38.992275791716615,2.5027764692056795,0.0004742993932947,0.044843430573346,1.0,1.847417311283644,0.995114370594272,614,568
B0005,50,22,24,3531.578,38.51424197364312,2.617507742871704,0.0004445433410903,0.04510114851143,1.0,1.8361774213478947,0.9890599854098058,614,564
B0005,54,23,24,3492.907,38.165816144899125,2.694074478000972,0.0004275148317393,0.0441720755771717,1.0,1.825780747577624,0.9834597999985366,614,560
B0005,58,24,24,3511.594,38.16526203587147,2.6237674644021887,0.0004452880154238,0.0437866281960759,1.0,1.8251136435078368,0.9831004632950896,614,556
B0005,62,25,24,3431.9370000000054,38.27549578575718,2.5010798299873738,0.0004914605224952,0.0446393219887852,1.0,1.825581504220376,0.9833524772367372,614,552
B0005,66,26,24,3431.125,37.98216079918311,2.68499881852498,0.0004381251933447,0.0435587857754753,1.0,1.814031127508391,0.9771308478400268,614,548
B0005,70,27,24,3412.406,38.11100191887773,2.547109116468133,0.0004806666178702,0.0452654781826178,1.0,1.8147691941158937,0.9775284086310274,614,544
B0005,74,28,24,3410.688,38.18831137948753,2.471314764334132,0.0005031962882427,0.0444837157774346,1.0,1.813969388710352,0.9770975921350076,614,540
B0005,78,29,24,3410.718,37.99854111908584,2.6613903306108773,0.0004476070527895,0.0444141648591004,1.0,1.802765665167823,0.9710626880376818,614,536
B0005,82,30,24,3392.719,38.194201649765226,2.541762355407921,0.0004851286324781,0.0445354459002964,1.0,1.804077040117352,0.9717690623092357,614,532
B0005,86,31,24,3470.672,38.45796400011448,2.628919415830567,0.0004529816593176,0.045021352455558,3.0,1.8518025516704488,0.9974764875349146,614,528
B0005,90,32,24,3414.109,38.49126351534004,2.6312552691827045,0.0004593781467922,0.0464625160005063,1.0,1.8307038456739428,0.9861116348782736,614,524
B0005,94,33,24,3395.219,38.31473393357882,2.654880745360911,0.0004550435710748,0.0477238545111998,1.0,1.8199041089501269,0.9802943389447216,614,520
B0005,98,34,24,3386.0,37.861934640176806,2.6749688422803803,0.0004501283593623,0.0469402296332379,1.0,1.809307963702852,0.9745867078945714,614,516
B0005,102,35,24,3368.187,37.90665575786083,2.6159705726789904,0.0004702909797425,0.0470279824320801,1.0,1.80460990458052,0.9720560906279802,614,512
B0005,106,36,24,3368.266,38.34003238560517,2.658447162110498,0.0004575731426461,0.0477553802626716,1.0,1.7993770651972192,0.9692374130950104,614,508
B0005,110,37,24,3358.719,38.0745950590744,2.697942608427116,0.0004469686557444,0.0470229394468384,1.0,1.7884432335370462,0.9633478867036308,614,504
B0005,114,38,24,3339.5,38.07252758016199,2.6617272246516333,0.0004606334049059,0.046245370477528,1.0,1.7829230484252725,0.9603744299218224,614,500
B0005,118,39,24,3331.265,37.80133585100446,2.699288287625812,0.0004502641122903,0.0461861033675123,1.0,1.7730337158018288,0.955047524653008,614,496
B0005,122,40,24,3321.188,38.39873985476869,2.612793240883853,0.0004777213877187,0.0477373701431311,1.0,1.773037755078937,0.9550497004162602,614,492
B0005,126,41,24,3321.844,38.74929237918251,2.6637064901468075,0.0004623553086416,0.048383341548765,1.0,1.7678721106662054,0.9522672175646096,614,488
B0005,130,42,24,3311.828,38.87275464755104,2.6668454289754746,0.0004627962347492,0.0480375100392994,1.0,1.762315070409309,0.9492739086983164,614,484
B0005,134,43,24,3327.391,38.503541429116005,2.684431051981017,0.0004537069485851,0.0480869600733819,1.0,1.7676172924938447,0.9521299593373236,614,480
B0005,136,44,24,3312.078,38.27009094548294,2.645224362345869,0.0004696419810932,0.0480869600733819,3.0,1.762668359743147,0.9494642085785509,614,478
B0005,140,45,24,3293.172,38.11684755251712,2.6603527244917,0.0004672532610584,0.0475472817403881,1.0,1.7517304870664143,0.9435725054869608,614,474
B0005,144,46,24,3275.328,38.04152715355532,2.6926849789916263,0.0004600191356163,0.0476409209894885,1.0,1.7418496047960008,0.9382501520146926,614,470
B0005,148,47,24,3265.016,38.17980302242767,2.670544734728978,0.0004681686646815,0.0484243695317731,1.0,1.7360913511847138,0.935148459244402,614,466
B0005,150,48,24,3328.937,40.71218198711114,2.605158060541757,0.0004762034900449,0.0484243695317731,3.0,1.7936240148573608,0.9661385230754256,614,464
B0005,154,49,24,3329.266,39.88526123315293,2.672012007453096,0.0004589365461752,0.0494307456487187,1.0,1.7831890223273277,0.9605176972012408,614,460
B0005,158,50,24,3301.579,39.18287352945846,2.674271233724938,0.0004619286067679,0.0497482254301438,1.0,1.7673642076278957,0.9519936347583842,614,456
B0005,162,51,24,3283.563,38.95156480403077,2.6309416727017187,0.0004775550177511,0.0498848659447539,1.0,1.7570177850353066,0.9464205172265512,614,452
B0005,166,52,24,3275.125,38.607510759873634,2.6629725743154204,0.0004691300539151,0.0492163809321789,1.0,1.7468706179837907,0.9409547290193552,614,448
B0005,170,53,24,3265.656,38.920359903369054,2.612942119873717,0.0004858744469576,0.0499459389365634,1.0,1.7417172507457144,0.9381788592880076,614,444
B0005,174,54,24,3266.093,39.23273115358871,2.615719844266148,0.0004848563126805,0.0489696051479402,1.0,1.7364225056478186,0.9353268361401414,614,440
B0005,178,55,24,3257.594,38.9649270684008,2.6287695472774453,0.0004820061024372,0.0502293760251405,1.0,1.7263217239235826,0.92988603346571,614,436
B0005,182,56,24,3248.593,38.83927283461771,2.6655106679421823,0.0004718447457247,0.0497152666250807,1.0,1.7158065389330133,0.9242220117908766,614,432
B0005,186,57,24,3238.766,38.82796377704433,2.650495153350403,0.000478114387676,0.0491321660184356,1.0,1.710533351135192,0.9213816005181208,614,428
B0005,190,58,24,3240.14,39.14007944734004,2.643236235233877,0.0004802056792894,0.0492096832252982,1.0,1.706014499648521,0.9189475137389712,614,424
B0005,194,59,24,3230.109,39.349611598028886,2.656450207001938,0.000477629896106,0.0495063161655938,1.0,1.7003110272642588,0.91587532896664,614,420
B0005,198,60,24,3229.7810000000027,39.29444535878087,2.626177688152069,0.0004870539211445,0.0486517627795967,1.0,1.6945798601797897,0.9127882263985312,614,416
B0005,202,61,24,3212.469,39.10487658009542,2.6582230344240045,0.000479814059917,0.0491657556837128,1.0,1.6849029086609286,0.9075757205607076,614,412
B0005,206,62,24,3213.219,39.0462609369598,2.695100237338448,0.0004681738605195,0.0492342734208827,1.0,1.6744741591159715,0.9019582574806932,614,408
B0005,210,63,24,3203.578,39.398032192832,2.639091813583503,0.0004869243560661,0.0505475864921389,1.0,1.6745692479879102,0.902009477257823,614,404
B0005,214,64,24,3195.125,39.10678394120843,2.6857210282450983,0.0004732409807588,0.0501188147421075,1.0,1.663716375981405,0.896163559916933,614,400
B0005,216,65,24,3195.312999999994,39.44448954135193,2.69017866510873,0.0004729278369483,0.0501188147421075,3.0,1.659013868748246,0.893630546668135,614,398
B0005,220,66,24,3186.297,39.509602016775695,2.639895313359579,0.0004894222545937,0.0497925673190261,1.0,1.6538540573335014,0.8908512057704355,614,394
B0005,224,67,24,3176.438,39.33486536224533,2.68991452927918,0.0004750609694193,0.0498653780666,1.0,1.642653782130131,0.8848181591266643,614,390
B0005,228,68,24,3167.593,39.43723270017243,2.65935818848874,0.0004859144783116,0.0498119327855388,1.0,1.6378578430223698,0.8822348186450748,614,386
B0005,232,69,24,3167.719,39.51375235624076,2.6657030585650423,0.0004840204808868,0.0485067348899718,1.0,1.6327350407099108,0.8794754127611387,614,382
B0005,236,70,24,3159.077999999994,39.60170302810528,2.642986759012803,0.0004927365033348,0.0500230742033395,1.0,1.6277528915533617,0.8767917699307696,614,378
B0005,240,71,24,3148.829,39.68746359758208,2.631116911889304,0.0004978566073098,0.0502046904378658,1.0,1.622125485521159,0.8737605584239754,614,374
B0005,244,72,24,3149.094,39.53535075538898,2.696157404617167,0.0004772635473932,0.0497585734077315,1.0,1.6113256603765849,0.8679432148624366,614,370
B0005,248,73,24,3140.547,39.6502371632164,2.6667596238241567,0.0004877338977311,0.0496867550378329,1.0,1.6065631397488385,0.865377875300024,614,366
B0005,252,74,24,3131.625,39.69929058154853,2.6403185448373043,0.0004976374520037,0.0499500570704977,1.0,1.6015142233917594,0.8626582682073705,614,362
B0005,256,75,24,3121.907,39.56076309770468,2.69892986372897,0.0004804338395307,0.0502825642512583,1.0,1.590369231400328,0.8566549999565574,614,358
B0005,260,76,24,3122.125,39.63708096307912,2.6682466504352997,0.000490213201198,0.0499200778190466,1.0,1.5857889968242211,0.854187849075412,614,354
B0005,264,77,24,3121.672,39.43977047692484,2.6479207279724903,0.000497294159812,0.0500799643501363,1.0,1.5849430707374117,0.853732189598637,614,350
B0005,266,78,24,3120.86,39.83902225625452,2.6741633856529066,0.0004892756176436,0.0500799643501363,3.0,1.5955263892495937,0.8594329115068511,614,348
B0005,270,79,24,3103.828,39.41794949618613,2.6892528956736257,0.0004861407980661,0.0548732021154092,1.0,1.5747301747801037,0.8482309964083232,614,344
B0005,274,80,24,3095.094,39.262781682151214,2.688809122993162,0.0004877767609009,0.0552404998627662,1.0,1.5649019950937946,0.8429370312695894,614,340
B0005,278,81,24,3095.781,39.47237839941986,2.6743555987897745,0.0004924396366147,0.0550803683287425,1.0,1.5597659473370362,0.8401704907053151,614,336
B0005,282,82,24,3094.328,40.03754146951368,2.6430294964336345,0.0005025615045442,0.0548457849434252,1.0,1.5594815668184234,0.8400173086716403,614,332
B0005,286,83,24,3086.531,40.14273016201157,2.6584858447131823,0.000498888377778,0.0580894926860419,1.0,1.55468935359061,0.8374359751414073,614,328
B0005,290,84,24,3085.625,40.1165626728546,2.629782173759164,0.0005082486003049,0.0563999943051261,1.0,1.5488741079890418,0.8343035835418966,614,324
B0005,294,85,24,3067.203,39.87503330866132,2.6622967647315545,0.0005010265846369,0.0571591479145079,1.0,1.538236598942558,0.8285736718133292,614,320
B0005,298,86,24,3058.157,39.61961987024145,2.682380966742509,0.0004954908959148,0.0569987938629429,1.0,1.527914258251028,0.8230135260370756,614,316
B0005,302,87,24,3058.812,40.067324667444815,2.640189476892272,0.0005091555634059,0.057915946777513,1.0,1.5285252629756445,0.8233426447360579,614,312
B0005,306,88,24,3058.578,40.24716716520102,2.693769409137257,0.0004918025008657,0.0585831887959693,1.0,1.522647325284378,0.8201764839394088,614,308
B0005,310,89,24,3049.328,40.30253125568348,2.695787450704935,0.0004926910708933,0.0568441123963582,1.0,1.5174859938489869,0.8173963242800902,614,304
B0005,313,90,24,3177.219,40.09418103142496,2.6920548172137724,0.0004818255338149,0.0566720346295509,1.0,1.605818899130659,0.8649769888680268,614,301
B0005,316,91,24,3082.937,40.52238496316615,2.629071246219689,0.0005096931269403,0.0582233615105249,2.0,1.5638491446744425,0.8423699116610504,614,298
B0005,320,92,24,3074.266,40.56886357314186,2.631343871050918,0.0005097243350507,0.058693615611032,1.0,1.5480915247767786,0.8338820438085877,614,294
B0005,324,93,24,3066.0,40.27804845768325,2.6983970036642315,0.0004892225082305,0.0568735509905479,1.0,1.5323755631868592,0.8254166152720488,614,290
B0005,328,94,24,3056.437,40.2921849196155,2.6338485871981514,0.0005117151774699,0.0584012267602933,1.0,1.5269528268489705,0.8224956494324317,614,286
B0005,332,95,24,3048.219,40.184384347174266,2.671566207861818,0.0005007479568811,0.0571392616497832,1.0,1.5169573017136326,0.8171115433925789,614,282
B0005,336,96,24,3039.218,40.320066232195046,2.6540810507928123,0.0005079719138007,0.056846750542401,1.0,1.511897596014269,0.8143861246029738,614,278
B0005,340,97,24,3039.047,40.33650561265159,2.656849703962618,0.0005070305382153,0.0597145830687632,1.0,1.5065638960681105,0.811513118362076,614,274
B0005,344,98,24,3030.375,40.43267631588412,2.6363048614501152,0.0005152992758359,0.0578764894862572,1.0,1.5015453526671363,0.8088098717121404,614,270
B0005,348,99,24,3021.0,40.314538591575015,2.69951692300468,0.0004957927286058,0.0571060525925708,1.0,1.4908444050400238,0.8030457886878684,614,266
B0005,352,100,24,3021.75,40.386661855917744,2.698216006032282,0.0004961734776103,0.0583244011522277,1.0,1.485868384561201,0.8003654470798278,614,262
B0005,356,101,24,3012.265,40.43384612547835,2.6911707598773864,0.0005000442731081,0.0585398872773731,1.0,1.480413677976106,0.7974272604140161,614,258
B0005,360,102,24,3002.641,40.44479269068758,2.690162319231471,0.0005020763085959,0.0576100022715738,1.0,1.4752095869031632,0.7946240682056631,614,254
B0005,364,103,24,3012.0,40.58499656066617,2.6355034454892072,0.0005169161374075,0.0568774408378622,1.0,1.4859035988304024,0.8003844153038009,614,250
B0005,367,104,24,3020.11,40.99869158762305,2.6594753656507684,0.0005110309345939,0.058412257957184,2.0,1.4960918298136696,0.8058723226653155,614,247
B0005,371,105,24,3002.172000000006,40.997807625227495,2.644554999824577,0.0005174246540195,0.0601978908480714,1.0,1.4808005946928984,0.7976356737393387,614,243
B0005,375,106,24,2992.703,40.84213757482493,2.6719601666204564,0.0005099262391641,0.0598835241626575,1.0,1.4697543268466824,0.79168558341158,614,239
B0005,379,107,24,2964.468,40.69012464267011,2.6598211033173382,0.0005169027618755,0.0588751204970558,1.0,1.4539012274845928,0.7831462853887025,614,235
B0005,383,108,24,2983.375,40.69938049882204,2.688360455508818,0.0005056799506709,0.0584451859295269,1.0,1.454146206723569,0.7832782438583529,614,231
B0005,387,109,24,2975.297,41.06026204078849,2.6376728619288525,0.0005242940967484,0.0605512105499778,1.0,1.455023751906683,0.7837509350133121,614,227
B0005,391,110,24,2974.9850000000006,41.19696040482682,2.645120521151077,0.0005214433543004,0.0599502558921759,1.0,1.449042163761236,0.7805289427291894,614,223
B0005,395,111,24,2966.25,40.84446688602949,2.698012437629632,0.0005053809437421,0.0595650130368422,1.0,1.4386709371480566,0.7749424644709048,614,219
B0005,399,112,24,2956.359,40.764203830749366,2.692894277298908,0.0005087389707389,0.05985334901025,1.0,1.433445432156979,0.7721277376203588,614,215
B0005,403,113,24,2956.344,41.11212504270441,2.6483923655058117,0.0005238608411982,0.0587454802930831,1.0,1.4333958900838095,0.7721010517012333,614,211
B0005,407,114,24,2956.406,41.27256611507568,2.6832134764262,0.0005117806394381,0.0608376708448938,1.0,1.42806487344776,0.7692294908297354,614,207
B0005,411,115,24,2947.266,41.15574924454392,2.684960445221862,0.0005129642714925,0.0599376278681594,1.0,1.4229203181741186,0.7664583676775116,614,203
B0005,415,116,24,2937.984,41.03237216951879,2.669922120529456,0.0005195076912901,0.0595958869181685,1.0,1.417429032731308,0.7635004777498812,614,199
B0005,419,117,24,2929.125,40.937269906716935,2.664105530655056,0.0005231776185384,0.0584007435193973,1.0,1.412409228794446,0.7607965521102183,614,195
B0005,423,118,24,2928.454,41.240704611971786,2.634098605983684,0.0005336508393605,0.0626050644034527,1.0,1.412578792940193,0.7608878881159705,614,191
B0005,427,119,24,2929.375,41.43649987692296,2.68378702970616,0.0005164953267569,0.0611519539173246,1.0,1.4075983731469897,0.7582051768100095,614,187
B0005,431,120,24,2946.031,41.16703904201915,2.660031949282934,0.0005190900552267,0.0596306011999845,1.0,1.4333920485221476,0.7720989824377313,614,183
B0005,433,121,24,2955.438,41.36216559728765,2.650011641082063,0.0005248402788878,0.0596306011999845,3.0,1.4382550176792908,0.7747184287655712,614,181
B0005,437,122,24,2937.625,41.02198772703674,2.6936969083341418,0.000511715704176,0.060986669920577,1.0,1.4173547174485526,0.7634604477007023,614,177
B0005,441,123,24,2929.078,40.78818812957494,2.697073130067154,0.0005120478048738,0.0610042570410988,1.0,1.406981663677643,0.7578729852409039,614,173
B0005,445,124,24,2918.375,40.81506138506309,2.6806995515145213,0.000519463538551,0.0623291478272736,1.0,1.4012037783587623,0.7547607178190572,614,169
B0005,449,125,24,2919.812,40.85837421987642,2.6695398084864568,0.0005229102059495,0.0615027627885515,1.0,1.3967008232726328,0.7523351936621817,614,165
B0005,453,126,24,2900.422,40.839876773287166,2.671695307817951,0.0005256083786934,0.0614190799483374,1.0,1.391284788852726,0.7494178378216989,614,161
B0005,457,127,24,2901.375,40.85376069244676,2.661289185949965,0.0005288808300357,0.0612166514530719,1.0,1.3862287677978349,0.7466944037718938,614,157
B0005,461,128,24,2901.187,40.74795214258888,2.667817533540102,0.0005265564433821,0.062704070176938,1.0,1.3804366761974138,0.74357448411315,614,153
B0005,465,129,24,2891.64,40.68794001196382,2.684008069130594,0.0005230718500662,0.0617261358358741,1.0,1.3752364150256224,0.740773354887346,614,149
B0005,469,130,24,2882.906,40.7810749453613,2.6585256208771644,0.0005327372839689,0.0618522370349969,1.0,1.3705128024895008,0.7382289732324248,614,145
B0005,473,131,24,2883.265,40.88159339768709,2.6372250579822927,0.0005405811203269,0.0631035810265918,1.0,1.37050855662704,0.7382266861916329,614,141
B0005,477,132,24,2882.969,40.81191473576834,2.6514257735606432,0.0005356140773986,0.0622874606045726,1.0,1.3647355108681518,0.7351170256067291,614,137
B0005,481,133,24,2891.656,41.11793533148924,2.676384659108382,0.0005229179975568,0.0627054989316699,1.0,1.375392016895762,0.7408571700903981,614,133
B0005,483,134,24,2901.25,41.248795355864885,2.694913850281781,0.0005188910478378,0.0627054989316699,3.0,1.3861115151535393,0.746631245442362,614,131
B0005,485,135,24,2891.703,41.16242984455477,2.6973343716306277,0.0005190161740909,0.0627054989316699,5.0,1.369850003583894,0.7378719555127383,614,129
B0005,489,136,24,2883.016,41.16437554618679,2.642540259937964,0.0005387326442171,0.0532863816225583,1.0,1.3647827949260758,0.735142495242232,614,125
B0005,493,137,24,2873.453,40.86421618020504,2.699226257883075,0.0005208122464484,0.0529314747404537,1.0,1.3543220466259964,0.7295077959801872,614,121
B0005,497,138,24,2874.031,41.25434553511566,2.676480329780849,0.0005286760771418,0.0558892929774587,1.0,1.3546417018378962,0.7296799787853683,614,117
B0005,501,139,24,2874.234,41.45023191903855,2.642142168479886,0.0005405550959054,0.058417783681159,1.0,1.354703921319241,0.7297134934112401,614,113
B0005,505,140,24,2864.984,41.27708509224051,2.644725254926797,0.000541550309225,0.0564114331702625,1.0,1.349314997503458,0.7268107407422197,614,109
B0005,509,141,24,2855.093,41.06460515498328,2.632270655366611,0.0005479128033406,0.0556801596408686,1.0,1.3441891937970554,0.7240497181525036,614,105
B0005,513,142,24,2855.625,40.99284868101728,2.639100611887612,0.0005451521713559,0.0562102576035285,1.0,1.3389913790695755,0.7212499067079483,614,101
B0005,517,143,24,2855.594,41.29040553417739,2.637841830893275,0.0005456519946703,0.0557945214118623,1.0,1.3389145230206971,0.721208508070922,614,97
B0005,521,144,24,2847.437,41.22740227746052,2.668286095904868,0.0005365953630683,0.0577997146659989,1.0,1.3340066759761655,0.7185648881952921,614,93
B0005,525,145,24,2847.36,41.04619550953222,2.649019812683856,0.0005431398804103,0.0557752947285812,1.0,1.3286444309174914,0.7156765060826296,614,89
B0005,529,146,24,2837.328,40.85874389007758,2.664058512378051,0.0005398337608552,0.0565593913134022,1.0,1.323170899227622,0.7127281792431958,614,85
B0005,533,147,24,2837.281,40.79196924883506,2.6883611693898826,0.0005313209682373,0.0533442468786474,1.0,1.3181691588445197,0.7100339835664494,614,81
B0005,537,148,24,2838.515,41.14127834456325,2.6869753836302124,0.0005313948903844,0.0562624789782491,1.0,1.3184664436640334,0.7101941165230103,614,77
B0005,541,149,24,2828.328,41.14429319149828,2.6507536817766586,0.0005463694971383,0.0533942499874629,1.0,1.318293040102702,0.7101007124097442,614,73
B0005,545,150,24,2838.265,40.66184230912503,2.664632278910652,0.0005355040928527,0.0585452523507112,1.0,1.323872422244268,0.7131060557689289,614,69
B0005,548,151,24,2864.547,41.04669454497069,2.6400211837268666,0.0005450143749476,0.0578494172996275,2.0,1.3601216766554785,0.7326317762261326,614,66
B0005,552,152,24,2846.39,41.0462053156659,2.674198661305034,0.0005345384525514,0.0614238568689426,1.0,1.3395306867947354,0.721540405700353,614,62
B0005,556,153,24,2837.969,40.8683026432256,2.696427051131168,0.0005283064996199,0.0595233803017997,1.0,1.3290286565120697,0.7158834698305493,614,58
B0005,560,154,24,2838.156,40.85283588259973,2.692834029769684,0.0005297555950809,0.0592615908588067,1.0,1.3236741274998955,0.7129992439790138,614,54
B0005,564,155,24,2829.843,40.85270645265791,2.681747855329962,0.0005350279618081,0.0595237845894433,1.0,1.318633896753293,0.7102843154047166,614,50
B0005,568,156,24,2829.625,40.8263251809212,2.696791414385091,0.0005297542508628,0.0596766481170581,1.0,1.3134751321324272,0.7075055383642601,614,46
B0005,572,157,24,2819.437,40.90308836809665,2.664695973142795,0.000543247964482,0.0597598846304888,1.0,1.3132020634442203,0.7073584494666222,614,42
B0005,576,158,24,2819.579,40.84337405460518,2.679191623358613,0.0005378171026818,0.0595025916574528,1.0,1.3077959946944353,0.704446461650727,614,38
B0005,580,159,24,2810.672,40.81792110626284,2.699983457940659,0.000532028091252,0.0595559805528939,1.0,1.3030329186405918,0.7018808229071344,614,34
B0005,584,160,24,2811.485,40.94699384765951,2.666300786624286,0.0005438767307603,0.0594913647911852,1.0,1.3033573559038203,0.7020555815721221,614,30
B0005,588,161,24,2802.422,41.07493805830632,2.630850137384784,0.0005583866972383,0.0605211492470791,1.0,1.3034100438655642,0.7020839620292978,614,26
B0005,592,162,24,2801.625,41.02476444658572,2.673348140468748,0.000543332229432,0.0598267789972628,1.0,1.2978870806495706,0.699109008817086,614,22
B0005,596,163,24,2802.031,41.06214198725253,2.632763831012711,0.000557917857089,0.0579443936914469,1.0,1.2980735056918902,0.6992094269724848,614,18
B0005,600,164,24,2793.39,40.98366325567302,2.6687371180046218,0.0005469711692701,0.0617593122518427,1.0,1.293463613844243,0.6967263011532883,614,14
B0005,604,165,24,2793.39,40.98234242711097,2.696396337945361,0.0005367053068017,0.0589890803958647,1.0,1.288003392619118,0.6937851440175622,614,10
B0005,608,166,24,2792.485,41.06375085817118,2.6794834862925194,0.0005430211881381,0.0576302972016358,1.0,1.2874525221379407,0.6934884167276275,614,6
B0005,612,167,24,2802.016,41.047029587744966,2.6787137407179737,0.0005375105472739,0.0578237493933031,1.0,1.3090153642307354,0.705103277055252,614,2
B0005,614,168,24,2820.39,41.051007697556734,2.655378369801326,0.0005483604204166,0.0578237493933031,3.0,1.3250793286429356,0.7137561578838874,614,0
B0006,2,1,24,3690.234,39.16298653238707,2.4757677568281857,0.0004617743131817,0.0612335902100034,0.0,2.035337591005598,1.0,614,612
B0006,4,2,24,3672.344,39.2462026826329,2.35152551190002,0.0004971654960988,0.0612335902100034,0.0,2.025140246031412,0.9949898508143074,614,610
B0006,6,3,24,3651.641,38.999202460252846,2.440479715106544,0.0004758522559544,0.0612335902100034,0.0,2.013326371345464,0.9891854698908896,614,608
B0006,8,4,24,3631.563,38.84362777186652,2.479155853900392,0.000467954570564,0.0612335902100034,0.0,2.0132846655407413,0.9891649790372312,614,606
B0006,10,5,24,3629.172,38.97798888258284,2.280187848173442,0.0005230014183389,0.0612335902100034,0.0,2.000528337624771,0.9828975529491258,614,604
B0006,12,6,24,3652.281,38.83989920742278,2.4392842568466446,0.0004802292776499,0.0612335902100034,0.0,2.0138990759931645,0.989466850557287,614,602
B0006,14,7,24,3650.828,39.04610837498471,2.2812068449406446,0.0005238608223134,0.0612335902100034,0.0,2.013101105626967,0.98907479256665,614,600
B0006,16,8,24,3572.453,38.87507521022778,2.366410527029613,0.0005067711460684,0.0612335902100034,0.0,1.96878982627284,0.9673038197560736,614,598
B0006,18,9,24,3550.594,38.7260539826455,2.436020049578708,0.0004901571650802,0.0612335902100034,0.0,1.9681661764334244,0.966997408749776,614,596
B0006,20,10,24,3551.25,38.98629728904917,2.1864377487643725,0.0005604956680431,0.0612335902100034,0.0,1.9572307917560536,0.9616246466459876,614,594
B0006,22,11,24,3530.25,38.65978861919643,2.3406023605912454,0.0005203532750856,0.0612335902100034,0.0,1.9455991514129352,0.9559098009149796,614,592
B0006,25,12,24,3491.016,38.84979195732924,2.4263021374140443,0.0005017719693577,0.0612335902100034,0.0,1.934750504484113,0.9505796547137972,614,589
B0006,27,13,24,3470.281,38.75128344015104,2.475369770000704,0.0004901466594426,0.0612335902100034,0.0,1.9232799539368028,0.9449439554578114,614,587
B0006,29,14,24,3470.0,38.76853764058789,2.342364523655007,0.0005289994038487,0.0612335902100034,0.0,1.911889930948487,0.939347820920401,614,585
B0006,31,15,24,3450.297,38.84686112344348,2.188400081882664,0.000576483676546,0.0612335902100034,0.0,1.9010667141979305,0.9340301690486008,614,583
B0006,33,16,24,3429.407,38.8658897816528,2.1206980945954057,0.0005992049393825,0.0612335902100034,0.0,1.8891989948061456,0.9281993331989464,614,581
B0006,35,17,24,3409.484,38.647578733807656,2.369981457799298,0.0005301743790723,0.0612335902100034,0.0,1.878278372248849,0.922833824005014,614,579
B0006,37,18,24,3390.422,38.79218188173866,2.247991649924625,0.0005687678082021,0.0612335902100034,0.0,1.8675697161520208,0.9175724579573612,614,577
B0006,39,19,24,3390.281,38.77022223929529,2.4115317107898875,0.0005208767531864,0.0612335902100034,0.0,1.8675892574453767,0.9175820589657848,614,575
B0006,42,20,24,3591.734,37.54320599748628,2.203355846859377,0.0005488235852978,0.0612335902100034,1.0,1.979626548250818,0.9726281070025072,614,572
B0006,46,21,24,3552.297,37.90362577530197,2.35887751155593,0.0005113160607647,0.06062991544979,1.0,1.9575499080884025,0.9617814345585968,614,568
B0006,50,22,24,3531.578,37.6701605139887,2.218672914041916,0.0005545805265572,0.0608598716542857,1.0,1.9458150170787551,0.956015859814876,614,564
B0006,54,23,24,3492.907,37.34166959188387,2.339723057947995,0.000525911068664,0.0600645081818017,1.0,1.9242461121680092,0.945418647339628,614,560
B0006,58,24,24,3511.594,37.28979017254232,2.399750820894273,0.0005099204228464,0.0591313085340746,1.0,1.945981133142164,0.9560974757905958,614,556
B0006,62,25,24,3431.9370000000054,37.16794481484507,2.491410879472442,0.0004911402900615,0.0605969875451187,1.0,1.901407930553079,0.9341978151219876,614,552
B0006,66,26,24,3431.125,37.51577848501052,2.1387303309558976,0.0005930188565792,0.0604355089729667,1.0,1.878674213680085,0.923028308415357,614,548
B0006,70,27,24,3412.406,37.24165964092258,2.346064498302046,0.0005363939837507,0.0598822703747387,1.0,1.8683061328264217,0.917934273450602,614,544
B0006,74,28,24,3410.688,37.27233216178077,2.327337743316428,0.0005420968664809,0.0605872148226689,1.0,1.8560244070083,0.9119000283836428,614,540
B0006,78,29,24,3410.718,37.2071345030198,2.486311723336632,0.0004944835127155,0.0609083651903455,1.0,1.8451997961855775,0.9065816915777204,614,536
B0006,82,30,24,3392.719,37.49607769896255,2.292166351092089,0.0005588501289505,0.0603691524730691,1.0,1.857228890885317,0.9124918141799352,614,532
B0006,86,31,24,3470.672,37.25007396118109,2.434300686181212,0.0005058648391481,0.0620914468566786,3.0,1.9247760889090637,0.9456790349742868,614,528
B0006,90,32,24,3414.109,37.39699052067588,2.472619908000758,0.0005021405532747,0.0623200318333744,1.0,1.8822317526092551,0.9247761948322796,614,524
B0006,94,33,24,3395.219,37.2852066420257,2.403422072720937,0.0005251681949885,0.0618912233003596,1.0,1.855276687885587,0.9115326597829658,614,520
B0006,98,34,24,3386.0,37.080390421974414,2.4006679782182205,0.0005277773059018,0.0617164212906492,1.0,1.839250891718188,0.9036588818710266,614,516
B0006,102,35,24,3368.187,36.98024266357476,2.3194299432177345,0.0005536335760677,0.0619987848117648,1.0,1.8185396073994429,0.8934830346748316,614,512
B0006,106,36,24,3368.266,37.59874124546701,2.340173173498008,0.0005482365970047,0.0625040605488016,1.0,1.8134770059567056,0.8909956824708977,614,508
B0006,110,37,24,3358.719,37.33680914521836,2.382960351080877,0.000536967401715,0.0620138868647238,1.0,1.7971018450305436,0.8829502550201761,614,504
B0006,114,38,24,3339.5,37.39499820465976,2.351855540704836,0.0005488504675752,0.0618301921741058,1.0,1.7810046294120476,0.8750413873759919,614,500
B0006,118,39,24,3331.265,37.35233964342659,2.3535104841115886,0.0005501224102722,0.0628269465788076,1.0,1.7710130422682329,0.8701323309187394,614,496
B0006,122,40,24,3321.188,37.58677381866742,2.3948058223938364,0.0005394371749494,0.0634981757133398,1.0,1.7604712448170945,0.864952945691579,614,492
B0006,126,41,24,3321.844,38.20704456989348,2.4418858444380294,0.0005249665913234,0.0609451399361485,1.0,1.7502913788006589,0.859951384249673,614,488
B0006,130,42,24,3311.828,38.340431886092745,2.391848815367812,0.0005414371181619,0.0639175801612165,1.0,1.7394925037732578,0.8546456919285944,614,484
B0006,134,43,24,3327.391,38.521539672721865,2.3166154227865463,0.0005586981963243,0.0622366404518175,1.0,1.7546766553637203,0.8621059538809914,614,480
B0006,136,44,24,3312.078,38.03707160241571,2.4110989960643794,0.0005376099118648,0.0622366404518175,3.0,1.7659390941842177,0.867639403894526,614,478
B0006,140,45,24,3293.172,37.9342856877206,2.4510125175432287,0.0005266824362716,0.062031064463088,1.0,1.7337887419624838,0.8518433254632082,614,474
B0006,144,46,24,3275.328,37.88470784051604,2.471216186082459,0.0005229966900794,0.0625064903803401,1.0,1.713325912040734,0.8417895486292435,614,470
B0006,148,47,24,3265.016,38.065368726791895,2.470968641396993,0.0005252256635761,0.0626153327274759,1.0,1.7024077813673466,0.8364252637451849,614,466
B0006,150,48,24,3328.937,39.788440481350335,2.4288023941361625,0.0005239252553485,0.0626153327274759,3.0,1.82371946178183,0.8960279954741002,614,464
B0006,154,49,24,3329.266,39.21290317800791,2.3551430866643166,0.0005502230599053,0.0645724621588098,1.0,1.8081284050314708,0.8883678132914206,614,460
B0006,158,50,24,3301.579,38.66937823121345,2.365933525789291,0.0005514344052189,0.063686158466937,1.0,1.7757610945034283,0.8724651391251901,614,456
B0006,162,51,24,3283.563,38.5170065164806,2.3481961394586457,0.0005585658660419,0.062912097899097,1.0,1.7447409841836798,0.8572243699983239,614,452
B0006,166,52,24,3275.125,38.29250529949152,2.46945948630322,0.000524102845273,0.0636674117210705,1.0,1.729207034132373,0.8495922454210777,614,448
B0006,170,53,24,3265.656,38.52091685291118,2.4666715880697576,0.0005257703534152,0.0645458692805633,1.0,1.7081086552553244,0.8392262113192732,614,444
B0006,174,54,24,3266.093,38.95436345473558,2.448293126278513,0.0005315515749825,0.0644173077672933,1.0,1.6975954237461768,0.8340608610817466,614,440
B0006,178,55,24,3257.594,38.73136385469604,2.4745215382882586,0.0005249921170205,0.0651736293468639,1.0,1.6820634524029463,0.8264297086813447,614,436
B0006,182,56,24,3248.593,38.74827601131975,2.469127855241356,0.0005284466491442,0.0635951595633681,1.0,1.6714768322295086,0.821228301199745,614,432
B0006,186,57,24,3238.766,38.84227056628921,2.4177173347922416,0.0005458826155401,0.0652854750072916,1.0,1.6607591387047655,0.8159624948921792,614,428
B0006,190,58,24,3240.14,39.22138199620832,2.3775131079338427,0.0005578074803308,0.0665339625700584,1.0,1.651121015038069,0.8112271017518528,614,424
B0006,194,59,24,3230.109,39.46651089916252,2.443723814618984,0.0005389425923378,0.0663411253427209,1.0,1.640134925619093,0.8058294274458677,614,420
B0006,198,60,24,3229.7810000000027,39.352653481724175,2.4324278256917147,0.0005425020757464,0.0659099619111797,1.0,1.629199941616544,0.8004568622012265,614,416
B0006,202,61,24,3212.469,39.31890647034385,2.494085641889116,0.0005251853433215,0.0660562362669296,1.0,1.6088496302961666,0.7904583678923177,614,412
B0006,206,62,24,3213.219,39.47196886600465,2.382347172890769,0.0005602651100385,0.0659027425638274,1.0,1.6035244898969248,0.7878420253146665,614,408
B0006,210,63,24,3203.578,39.74009698783903,2.406668297987779,0.0005547930293418,0.0679117207009261,1.0,1.5989712144027983,0.7856049146190022,614,404
B0006,214,64,24,3195.125,39.03600072360686,2.4204142690378765,0.0005514684837211,0.0667437733378423,1.0,1.5876273123575604,0.780031440176547,614,400
B0006,216,65,24,3195.312999999994,39.16106395962828,2.4507845245525197,0.0005446103932922,0.0667437733378423,3.0,1.5829719744686166,0.7777441842886215,614,398
B0006,220,66,24,3186.297,39.20051799483514,2.393032881923072,0.0005614126988916,0.0664129751061175,1.0,1.567137636713563,0.7699644735295673,614,394
B0006,224,67,24,3176.438,39.15878418316098,2.3938995980718403,0.00056338255808,0.066868684715673,1.0,1.5613446139713882,0.7671182514739364,614,390
B0006,228,68,24,3167.593,39.18225956809825,2.4373294683003053,0.0005510854580106,0.0675638979208385,1.0,1.551171189279042,0.762119854776846,614,386
B0006,232,69,24,3167.719,39.38159156766375,2.3705330061374523,0.0005720393737702,0.0676791663350139,1.0,1.5406741606295171,0.7569624653118686,614,382
B0006,236,70,24,3159.077999999994,39.44712875501599,2.351294851260762,0.0005780995544387,0.0679726933427561,1.0,1.5253138744624433,0.7494156650980108,614,378
B0006,240,71,24,3148.829,39.40950590627068,2.436845595522602,0.0005546043106536,0.0683335474188773,1.0,1.5301570318067428,0.7517952002501654,614,374
B0006,244,72,24,3149.094,39.48443326993031,2.39030487147494,0.0005694592415181,0.0688513609338119,1.0,1.524656683447409,0.7490927746753414,614,370
B0006,248,73,24,3140.547,39.4416762582387,2.4892160721496315,0.0005393819257678,0.069066469068733,1.0,1.5145492986655429,0.744126824640059,614,366
B0006,252,74,24,3131.625,39.53866201326228,2.450611393803655,0.0005533517288086,0.068709147096015,1.0,1.509391504602082,0.7415927024943012,614,362
B0006,256,75,24,3121.907,39.5867547936938,2.4111946043456745,0.0005676172943173,0.0695259556668078,1.0,1.5039974333050703,0.7389424928579005,614,358
B0006,260,76,24,3122.125,39.49975288442087,2.4609139768640715,0.0005512668533604,0.0682523146604836,1.0,1.4935201918040188,0.7337948251946333,614,354
B0006,264,77,24,3121.672,39.9686395722832,2.378420264362521,0.0005779018596568,0.0696033038422311,1.0,1.4876323024497422,0.7309019933714036,614,350
B0006,266,78,24,3120.86,40.42668250871336,2.3844697219937414,0.0005785241824278,0.0696033038422311,3.0,1.5302876214401704,0.7518593614163546,614,348
B0006,270,79,24,3103.828,40.02451449021777,2.448639661640692,0.0005582058071524,0.0694438396726104,1.0,1.5040760088360112,0.7389810985080334,614,344
B0006,274,80,24,3095.094,40.02167483360719,2.362869757217078,0.0005877973905205,0.0692409257238966,1.0,1.4887593608730894,0.7314557385723608,614,340
B0006,278,81,24,3095.781,40.07821178158415,2.479712742728869,0.0005493077294704,0.0701802370421173,1.0,1.4782779285546637,0.7263060118809538,614,336
B0006,282,82,24,3094.328,40.56578932835109,2.460990256984241,0.0005564327033252,0.0703211250156869,1.0,1.478459982215684,0.7263954583009604,614,332
B0006,286,83,24,3086.531,40.75221353269305,2.4794507375590507,0.0005519205140511,0.069307809818978,1.0,1.473214844899973,0.7238184227571322,614,328
B0006,290,84,24,3085.625,40.71162611325717,2.421513989921717,0.0005707350698048,0.0706601248975322,1.0,1.4675164935067897,0.7210187145326269,614,324
B0006,294,85,24,3067.203,40.58721297402195,2.392798962354417,0.0005828076231541,0.0704879656326833,1.0,1.4516292657521337,0.7132130179126343,614,320
B0006,298,86,24,3058.157,40.37035790264624,2.410475236770924,0.00057943426871,0.071253157527167,1.0,1.4519237720967175,0.7133577144710262,614,316
B0006,302,87,24,3058.812,40.667923693760464,2.4915333699239977,0.0005528402675964,0.0729088165680429,1.0,1.4471484694777743,0.711011517633683,614,312
B0006,306,88,24,3058.578,40.99035688395247,2.444861994529003,0.0005681543361908,0.0725103674563298,1.0,1.4468538105659885,0.7108667461161282,614,308
B0006,310,89,24,3049.328,40.99774402817452,2.484075539808225,0.0005571627625402,0.0708879401072962,1.0,1.4416741930284678,0.708321901683239,614,304
B0006,313,90,24,3177.219,40.77265883698999,2.479017302613424,0.0005487499962144,0.0714147323806646,1.0,1.5935866593100128,0.7829593804744059,614,301
B0006,316,91,24,3082.937,40.52220493430463,2.4820670710190385,0.0005542994800276,0.0707515280509764,2.0,1.5463902376915637,0.759770882494014,614,298
B0006,320,92,24,3074.266,40.57746834859555,2.452449045714353,0.0005629244426654,0.0703041387332805,1.0,1.51470559175661,0.7442036144029749,614,294
B0006,324,93,24,3066.0,40.516963879873735,2.4198491932573414,0.0005753571694301,0.0715667181492847,1.0,1.4989786083335404,0.7364766488653811,614,290
B0006,328,94,24,3056.437,40.34325381638243,2.4706823501191706,0.0005605550353782,0.072350575651046,1.0,1.4831110745410492,0.7286806282628964,614,286
B0006,332,95,24,3048.219,40.39341126895154,2.413759774558071,0.0005806277155662,0.0703378826342638,1.0,1.4729664825468278,0.7236963976177928,614,282
B0006,336,96,24,3039.218,40.46341487442664,2.4562499847243027,0.0005682833752637,0.0714831606385723,1.0,1.4627604396099307,0.7186819749578868,614,278
B0006,340,97,24,3039.047,40.5818264138806,2.401794655879554,0.0005862919487611,0.0717787817997134,1.0,1.4518364681062514,0.7133148203630159,614,274
B0006,344,98,24,3030.375,40.61670777074496,2.4087687236133317,0.0005850575476976,0.0721765905201237,1.0,1.4468670644030392,0.7108732579778997,614,270
B0006,348,99,24,3021.0,40.63164766168104,2.4308118485818704,0.0005800845658353,0.0727577393214578,1.0,1.441380399427779,0.7081775553094546,614,266
B0006,352,100,24,3021.75,40.74323383889164,2.398886415333129,0.0005904404245872,0.0716119669647763,1.0,1.431210744960774,0.7031810109956533,614,262
B0006,356,101,24,3012.265,40.81715493531611,2.3814379490849835,0.0005981062585799,0.0723628565579787,1.0,1.4260247179525716,0.7006330174681323,614,258
B0006,360,102,24,3002.641,40.72877617289365,2.459885297095542,0.000573378996594,0.0721718794658254,1.0,1.420487649966195,0.6979125508434085,614,254
B0006,364,103,24,3012.0,41.45494452672042,2.4007285025453995,0.0005880829671595,0.0732751410566286,1.0,1.4207006230355006,0.6980171885557206,614,250
B0006,367,104,24,3020.11,41.39678877103747,2.472830716079143,0.0005680577308033,0.0725534440098424,2.0,1.452255804330839,0.7135208482113887,614,247
B0006,371,105,24,3002.172000000006,41.36669473718026,2.467318928642863,0.0005709800794347,0.0737422116355231,1.0,1.431557632772571,0.7033514435633659,614,243
B0006,375,106,24,2992.703,41.37787352037061,2.3692462667541,0.0006049046552229,0.0735118189600125,1.0,1.415015751158943,0.6952241030736463,614,239
B0006,379,107,24,2964.468,41.14095609169821,2.4482618595124874,0.0005845074808493,0.0736309507218721,1.0,1.4097311506517451,0.6926276785146194,614,235
B0006,383,108,24,2983.375,41.2168813199875,2.4598632768748825,0.0005774682892649,0.0748372029552812,1.0,1.404917318129309,0.6902625512041874,614,231
B0006,387,109,24,2975.297,41.40391881889191,2.497869764845928,0.0005653478597108,0.0742288068586881,1.0,1.395164296571563,0.6854707065486149,614,227
B0006,391,110,24,2974.9850000000006,41.58657133119858,2.472236707252471,0.0005748194963128,0.0735926288328927,1.0,1.3945343832614077,0.6851612181802287,614,223
B0006,395,111,24,2966.25,41.43504077863728,2.427874990476308,0.0005917002390318,0.074289615413661,1.0,1.3893171179312644,0.6825978766720686,614,219
B0006,399,112,24,2956.359,41.37436880579148,2.427590520023505,0.0005936065565983,0.0743624728927986,1.0,1.3838379472327809,0.6799058560840853,614,215
B0006,403,113,24,2956.344,41.66477948989921,2.37337869163978,0.0006109418717538,0.0730881915550062,1.0,1.3736814238195123,0.674915763306282,614,211
B0006,407,114,24,2956.406,41.81816829502593,2.4248604132549767,0.0005945207495082,0.0739056595619962,1.0,1.3786059891863676,0.6773352957654757,614,207
B0006,411,115,24,2947.266,41.68664700078119,2.426962848243194,0.0005957588867565,0.0740648635028462,1.0,1.3737600299108574,0.6749543839713218,614,203
B0006,415,116,24,2937.984,41.565382893773936,2.417287750352038,0.0006007950415167,0.0743406664800701,1.0,1.3682580583942712,0.6722511609085237,614,199
B0006,419,117,24,2929.125,41.46394809540406,2.4185087281747166,0.0006022079777311,0.0749835856113319,1.0,1.3633024037317505,0.6698163536881292,614,195
B0006,423,118,24,2928.454,41.6123634180086,2.480937393224248,0.0005806368096287,0.0736342258024834,1.0,1.35809661401726,0.6672586503678076,614,191
B0006,427,119,24,2929.375,42.0075404495327,2.4078214169511205,0.0006051344108,0.074956546385791,1.0,1.353269090999531,0.6648867966571198,614,187
B0006,431,120,24,2946.031,41.61679232360952,2.433234589649132,0.0005873446923752,0.075132937700244,1.0,1.3841605738237488,0.6800643686533974,614,183
B0006,433,121,24,2955.438,41.80245062827161,2.440822893388958,0.0005918547353646,0.075132937700244,3.0,1.4051467790651473,0.6903752897183545,614,181
B0006,437,122,24,2937.625,41.653004783464006,2.396078253891397,0.0006080897859906,0.07592804413673,1.0,1.378719022627353,0.6773908312410081,614,177
B0006,441,123,24,2929.078,41.36061809844917,2.449306948268824,0.000591573147163,0.0755087178512928,1.0,1.3682657783199066,0.6722549538545536,614,173
B0006,445,124,24,2918.375,41.42815616511055,2.384185417166802,0.000616273263469,0.074609599632536,1.0,1.3573151296618016,0.6668746922672389,614,169
B0006,449,125,24,2919.812,41.343265645039,2.4440756213040964,0.0005953104871756,0.0748796033565115,1.0,1.3524934638801596,0.6645057163278422,614,165
B0006,453,126,24,2900.422,41.38118673567723,2.4296014294774677,0.0006043234763124,0.0752806088000432,1.0,1.3474099151661236,0.6620080723318286,614,161
B0006,457,127,24,2901.375,41.378450473707446,2.41022288115442,0.0006106894373589,0.0749955637416601,1.0,1.3370075130842318,0.656897174696045,614,157
B0006,461,128,24,2901.187,41.306600641009794,2.4098927032454966,0.0006109210760492,0.076358571154978,1.0,1.3312352966718526,0.6540611751852576,614,153
B0006,465,129,24,2891.64,41.20408103671912,2.453938411405305,0.0005967975723561,0.0747768653278466,1.0,1.3259303781727645,0.6514547680110712,614,149
B0006,469,130,24,2882.906,41.32955629442644,2.3940396792395253,0.0006199830851206,0.0760112912097401,1.0,1.321578743867529,0.6493167274597319,614,145
B0006,473,131,24,2883.265,41.300370296451625,2.45134737470238,0.0006002752058975,0.0763233749345986,1.0,1.321225074066109,0.6491429627717592,614,141
B0006,477,132,24,2882.969,41.2436462295636,2.475014603796582,0.000592111699129,0.0749954456773232,1.0,1.3156485301862682,0.6464031008911139,614,137
B0006,481,133,24,2891.656,41.36464929786556,2.4569179775419294,0.0005920130433071,0.0765591070024926,1.0,1.3209025697502388,0.648984510278524,614,133
B0006,483,134,24,2901.25,40.89285784811417,2.438240626221148,0.0006038461398825,0.0765591070024926,3.0,1.3474328767273906,0.6620193537828117,614,131
B0006,485,135,24,2891.703,40.652964511118334,2.4946397780995584,0.0005853149856799,0.0765591070024926,5.0,1.3260128072353616,0.6514952669744675,614,129
B0006,489,136,24,2883.016,40.58410707337388,2.4367455144223555,0.0006054692206828,0.0762781646871569,1.0,1.3101186784831065,0.6436861797633369,614,125
B0006,493,137,24,2873.453,40.322783635307104,2.485868996808533,0.0005903742785762,0.0762810507777764,1.0,1.30521620229393,0.6412775001365069,614,121
B0006,497,138,24,2874.031,40.78032921971219,2.395755020190792,0.0006213012916424,0.0755914955823986,1.0,1.3004061951355774,0.6389142523000749,614,117
B0006,501,139,24,2874.234,40.85731522464202,2.4504684570147006,0.0006024704252213,0.0743692695675501,1.0,1.300235735841116,0.6388305024124815,614,113
B0006,505,140,24,2864.984,40.74860220857894,2.3942028718004007,0.0006237408862841,0.0755494638326417,1.0,1.2895066722480757,0.6335591097744968,614,109
B0006,509,141,24,2855.093,40.47227623020844,2.4303844034459368,0.000612869479111,0.0754378091325998,1.0,1.279253057384795,0.6285213141239901,614,105
B0006,513,142,24,2855.625,40.28187574900838,2.4755630989048205,0.0005974449973965,0.0752830478385875,1.0,1.2792078171714618,0.6284990867482796,614,101
B0006,517,143,24,2855.594,40.637565231244686,2.446712151873903,0.0006076276942299,0.0750426584630513,1.0,1.274036760902923,0.6259584486293798,614,97
B0006,521,144,24,2847.437,40.64243349478575,2.4607112018206894,0.0006044023910212,0.0749308327002681,1.0,1.2741273923001468,0.6260029775555019,614,93
B0006,525,145,24,2847.36,40.38713367022122,2.46197885229738,0.0006029259116211,0.0755591813837829,1.0,1.263763942644078,0.6209112179860495,614,89
B0006,529,146,24,2837.328,40.15316398972329,2.4999079970509284,0.0005925437233155,0.07529135855581,1.0,1.2581373688955233,0.618146775481072,614,85
B0006,533,147,24,2837.281,40.26211669866818,2.4061574188511727,0.0006256303940589,0.0769588874531759,1.0,1.253259864055301,0.6157503647520722,614,81
B0006,537,148,24,2838.515,40.65437976632703,2.40921365026611,0.0006245911063365,0.0758245422515517,1.0,1.2532313315493426,0.6157363461901961,614,77
B0006,541,149,24,2828.328,40.41021687551566,2.4705399687343235,0.0006042457057574,0.0759119158447739,1.0,1.2480874960313575,0.613209082142838,614,73
B0006,545,150,24,2838.265,40.49521984011741,2.4996841687041944,0.0005864701215383,0.0762929715531933,1.0,1.2534354284944844,0.6158366228941904,614,69
B0006,548,151,24,2864.547,41.357879741754175,2.4839695531514434,0.0005953015049167,0.0744494476629702,2.0,1.28980487732669,0.6337056235911395,614,66
B0006,552,152,24,2846.39,41.37902988743146,2.4675402264113453,0.0006019212747853,0.0752876188558989,1.0,1.2635402021758837,0.620801290046241,614,62
B0006,556,153,24,2837.969,41.20920760771975,2.4946438160388325,0.0005942962781861,0.0752509146509656,1.0,1.2479761706842851,0.6131543858862738,614,58
B0006,560,154,24,2838.156,41.20630554355683,2.4577382116375843,0.0006067635104072,0.0757955584221838,1.0,1.2321202877943334,0.6053640895934027,614,54
B0006,564,155,24,2829.843,41.28239317323536,2.40986495422137,0.0006258042886854,0.0763431463339071,1.0,1.2271137666213534,0.6029042906907026,614,50
B0006,568,156,24,2829.625,41.1595683576961,2.479418189447868,0.0006014744005577,0.0754857475272783,1.0,1.2217397581377356,0.6002639382954212,614,46
B0006,572,157,24,2819.437,41.230427315370186,2.434585389303289,0.0006192758629497,0.075678173941146,1.0,1.211102678915174,0.5950377393250057,614,42
B0006,576,158,24,2819.579,41.21487873613708,2.425682710641569,0.0006226963047989,0.0763973061822181,1.0,1.2056159765131735,0.5923420182680926,614,38
B0006,580,159,24,2810.672,41.27439823262361,2.417924401749313,0.0006276070609456,0.0755408955239052,1.0,1.2008936262717274,0.5900218379391315,614,34
B0006,584,160,24,2811.485,41.237668013317766,2.4541577949851603,0.000613709766818,0.0775855591124683,1.0,1.1905903985558337,0.5849596665522201,614,30
B0006,588,161,24,2802.422,41.24068073261839,2.463616101176541,0.0006126634372193,0.0791409953998212,1.0,1.185179251041941,0.5823010670462684,614,26
B0006,592,162,24,2801.625,41.28133907077437,2.470375229475307,0.0006107308902646,0.0770348037702638,1.0,1.1796706818144624,0.5795946024028492,614,22
B0006,596,163,24,2802.031,41.28338645880181,2.4357634426689945,0.0006227809866741,0.0755865731223018,1.0,1.1745952836753917,0.5771009629390571,614,18
B0006,600,164,24,2793.39,41.14919304328959,2.481190011798763,0.0006044676083148,0.0768002402725307,1.0,1.15381833159625,0.5668928519254556,614,14
B0006,604,165,24,2793.39,41.26268252018065,2.491537251958465,0.0006045509132465,0.0777337947396853,1.0,1.1644009557372264,0.5720922960804411,614,10
B0006,608,166,24,2792.485,41.45791806300034,2.40904100737121,0.0006346064554955,0.0764975846096731,1.0,1.1587974947916069,0.5693392093343496,614,6
B0006,612,167,24,2802.016,41.11666214070682,2.475767645530351,0.0006002053001108,0.076934450861607,1.0,1.1749748834769171,0.5772874675283711,614,2
B0006,614,168,24,2820.39,41.36263766174168,2.4160441724133666,0.0006284476102293,0.076934450861607,3.0,1.1856752327929356,0.582544752296905,614,0
B0007,2,1,24,3690.234,40.59042914535701,2.145975766935391,0.0005564746481851,0.0381681360994608,0.0,1.89105229539079,1.0,614,612
B0007,4,2,24,3672.344,40.26023408628707,2.111016698785212,0.0005684363041885,0.0381681360994608,0.0,1.880637027686859,0.9944923428456648,614,610
B0007,6,3,24,3651.641,40.27558633997852,2.025108512818265,0.0005951219085595,0.0381681360994608,0.0,1.8806626717011388,0.9945059035569906,614,608
B0007,8,4,24,3631.563,40.29314715799111,1.922542180649595,0.0006266517441927,0.0381681360994608,0.0,1.8807709009833444,0.9945631358622364,614,606
B0007,10,5,24,3629.172,40.2688726302198,1.871159045064988,0.0006412771781227,0.0381681360994608,0.0,1.8794508728285055,0.9938650969142624,614,604
B0007,12,6,24,3652.281,39.67620802332074,2.175686706590344,0.0005537036406906,0.0381681360994608,0.0,1.8807003517117404,0.9945258289766596,614,602
B0007,14,7,24,3650.828,39.80381766292616,2.111788715601944,0.0005714415321955,0.0381681360994608,0.0,1.8799352523566075,0.9941212397661984,614,600
B0007,16,8,24,3572.453,39.88810476942348,2.026250619894166,0.0006082996969709,0.0381681360994608,0.0,1.88150881240388,0.9949533479268812,614,598
B0007,18,9,24,3550.594,39.95162250671474,1.950589433290604,0.0006333087891649,0.0381681360994608,0.0,1.8696907870385844,0.9887039039563996,614,596
B0007,20,10,24,3551.25,40.05202185471829,1.868824706765806,0.0006561444481485,0.0381681360994608,0.0,1.870052380139199,0.9888951165957832,614,594
B0007,22,11,24,3530.25,40.1213838436794,1.7896213776724978,0.0006824476273216,0.0381681360994608,0.0,1.8700442394188577,0.988890811733162,614,592
B0007,25,12,24,3491.016,40.174657039770814,1.910336108594535,0.0006555710769359,0.0381681360994608,0.0,1.8596518987766364,0.9833952785490448,614,589
B0007,27,13,24,3470.281,40.016434730174936,1.9086884059809104,0.0006599934981708,0.0381681360994608,0.0,1.8590746560862208,0.9830900290898824,614,587
B0007,29,14,24,3470.0,40.16569230743226,1.7868782934275431,0.0006948787758942,0.0381681360994608,0.0,1.8590084577709232,0.983055023016566,614,585
B0007,31,15,24,3450.297,39.46139677634257,2.1361343961784502,0.0005979548966501,0.0381681360994608,0.0,1.8593622586957048,0.9832421151057928,614,583
B0007,33,16,24,3429.407,39.5636595172155,2.0133501283179167,0.0006373513720093,0.0381681360994608,0.0,1.8587355450601035,0.9829107051087616,614,581
B0007,35,17,24,3409.484,39.628948319501816,1.8575547668336485,0.0006867476735751,0.0381681360994608,0.0,1.847817291322145,0.977137065868551,614,579
B0007,37,18,24,3390.422,39.22534721491488,2.165755612420893,0.0005995600591913,0.0381681360994608,0.0,1.8485252916137047,0.9775114607455648,614,577
B0007,39,19,24,3390.281,39.4126321606434,2.0270686341513207,0.0006404121388337,0.0381681360994608,0.0,1.848378951850034,0.9774340753850292,614,575
B0007,42,20,24,3591.734,39.95874037686836,1.905311669649934,0.0006378397712771,0.0381681360994608,1.0,1.8807805437609768,0.9945682350219244,614,572
B0007,46,21,24,3552.297,40.31302300333008,1.7951975189442124,0.0006761149917764,0.0397131229201359,1.0,1.88147215974436,0.9949339657767368,614,568
B0007,50,22,24,3531.578,39.359447242364645,2.1058524852518143,0.0005921486754302,0.0384014639910651,1.0,1.8810954313244783,0.994734749488113,614,564
B0007,54,23,24,3492.907,39.454159451189874,1.846021007590992,0.0006730444298755,0.0371051772037323,1.0,1.8710089649779995,0.9894009644991608,614,560
B0007,58,24,24,3511.594,39.64174827400944,1.7370300333706354,0.0007004259713792,0.0378339460339389,1.0,1.8701995151941373,0.9889729225111972,614,556
B0007,62,25,24,3431.9370000000054,38.86906912217273,2.0506492642329937,0.0006254430054395,0.0375204254053658,1.0,1.8706715362800983,0.9892225301434724,614,552
B0007,66,26,24,3431.125,39.11839966443177,1.8254369744762284,0.0006910525371742,0.0373972713715067,1.0,1.8596124644020169,0.9833744254109716,614,548
B0007,70,27,24,3412.406,38.68010761281634,2.134879000684994,0.0006042397381864,0.0359196800988642,1.0,1.860033909718346,0.9835972882674648,614,544
B0007,74,28,24,3410.688,38.863045678198645,1.970455493406623,0.0006527238947951,0.0373857989211497,1.0,1.8591653109160768,0.9831379679174216,614,540
B0007,78,29,24,3410.718,39.14531169811219,1.813269430976001,0.0006989172052271,0.0378905884196738,1.0,1.8481398178778288,0.9773076198804468,614,536
B0007,82,30,24,3392.719,38.8380564174779,2.048365732409564,0.0006330310500141,0.0371572295753325,1.0,1.849201702126164,0.9778691507545128,614,532
B0007,86,31,24,3470.672,38.95965174080089,2.181560983985832,0.000583451878483,0.0411920195586732,3.0,1.8834677437950849,0.9959892428071968,614,528
B0007,90,32,24,3414.109,39.05387577229197,2.1177799354077496,0.0006108205075567,0.0417594054145559,1.0,1.8628211117905844,0.9850711777410832,614,524
B0007,94,33,24,3395.219,38.699551697978606,2.1637448793153697,0.0006006246277473,0.0423270479862688,1.0,1.852085039652352,0.979393877243154,614,520
B0007,98,34,24,3386.0,38.6052414906155,2.045656147205805,0.0006370627019095,0.0396728639829912,1.0,1.8469504648208708,0.9766786827220948,614,516
B0007,102,35,24,3368.187,38.42604747702835,2.1356202266992863,0.00061369657953,0.0404653672528573,1.0,1.836828431169018,0.9713260895248976,614,512
B0007,106,36,24,3368.266,39.0468968949422,2.042987153745025,0.00064111681813,0.0408309954459878,1.0,1.8371619619672277,0.97150246264743,614,508
B0007,110,37,24,3358.719,38.83676495861389,1.978616239411895,0.0006622103035375,0.0407870122998766,1.0,1.8316722583718852,0.9685994738677316,614,504
B0007,114,38,24,3339.5,38.49981470604549,2.15845357648832,0.0006122718220693,0.0398173593963539,1.0,1.8211470951317783,0.9630337032828774,614,500
B0007,118,39,24,3331.265,38.582340147970775,2.092603698932653,0.0006334630726093,0.0387909877017732,1.0,1.816506091511515,0.960579512231908,614,496
B0007,122,40,24,3321.188,38.787499833494046,2.152888643167804,0.0006172059795365,0.0413584990216644,1.0,1.8113815601504557,0.9578696287593303,614,492
B0007,126,41,24,3321.844,39.31221126031847,2.0537418826405966,0.0006470673860538,0.0419881321640878,1.0,1.8116056333939583,0.9579881200586186,614,488
B0007,130,42,24,3311.828,39.40567993360536,2.079330058633996,0.0006412083025136,0.0410635565050997,1.0,1.8060548955557405,0.9550528559986308,614,484
B0007,134,43,24,3327.391,39.32802757827611,2.075979330452076,0.0006371884073362,0.0397095688006817,1.0,1.8132041826994056,0.9588334426916012,614,480
B0007,136,44,24,3312.078,38.6112528181758,2.0674349483094465,0.0006452270375809,0.0397095688006817,3.0,1.8062641938283532,0.955163534203101,614,478
B0007,140,45,24,3293.172,38.56972695128688,2.037264031192436,0.0006573760896672,0.0465886984598843,1.0,1.7958310249900458,0.9496464108196084,614,474
B0007,144,46,24,3275.328,38.34572083526661,2.1632674190148338,0.0006227265713355,0.0450589668472443,1.0,1.7858852600390451,0.9443870295876656,614,470
B0007,148,47,24,3265.016,38.48254063494672,2.106631526845483,0.0006416995109328,0.0458138476522787,1.0,1.780326860450275,0.9414477139472056,614,466
B0007,150,48,24,3328.937,41.0499421893331,2.1809272860788376,0.0006040934593701,0.0458138476522787,3.0,1.8150756899575575,0.959823107156573,614,464
B0007,154,49,24,3329.266,40.361944885615415,2.1773498094527195,0.0006085642039431,0.0488865538215203,1.0,1.815702515484584,0.9601545763224728,614,460
B0007,158,50,24,3301.579,39.6676965288026,2.180136101967249,0.0006126375719032,0.0480552218263486,1.0,1.800243217805667,0.9519796053200332,614,456
B0007,162,51,24,3283.563,39.481181404811096,2.128629519907685,0.0006318279929154,0.047509200748586,1.0,1.7904476205609308,0.946799633688042,614,452
B0007,166,52,24,3275.125,39.4190511430692,2.155901281560187,0.0006249164807002,0.0481799142983664,1.0,1.780343032300132,0.9414562657201504,614,448
B0007,170,53,24,3265.656,39.72196117128354,2.067103728219671,0.0006541229214887,0.0485324073582465,1.0,1.775328769596812,0.9388046929870528,614,444
B0007,174,54,24,3266.093,40.041366724781085,2.061983186454309,0.0006554357258699,0.0497462553640585,1.0,1.770262973473285,0.936125869066702,614,440
B0007,178,55,24,3257.594,39.66314441864834,2.143037413381466,0.0006322285736598,0.0498936282124914,1.0,1.760081061854204,0.9307416120348376,614,436
B0007,182,56,24,3248.593,39.84751541049116,1.992905798820928,0.0006797925708125,0.0476209330618886,1.0,1.749647593537689,0.9252243302854406,614,432
B0007,186,57,24,3238.766,39.74335777163101,2.0335961968180234,0.0006696725080719,0.0464799621281034,1.0,1.749650075059311,0.9252256425292258,614,428
B0007,190,58,24,3240.14,40.07246786936068,2.0213017345171265,0.0006731287832251,0.047969250311316,1.0,1.745028739214683,0.922781851918098,614,424
B0007,194,59,24,3230.109,40.24771611400392,2.0789964919635966,0.000657406364674,0.048225418155885,1.0,1.739645745528673,0.9199352919899928,614,420
B0007,198,60,24,3229.7810000000027,40.27220819224188,1.9925354808829656,0.0006841810873553,0.0490895503628693,1.0,1.7285642277717963,0.9140753177397376,614,416
B0007,202,61,24,3212.469,39.89848456781458,2.14041602578448,0.0006420987168316,0.0488174139240195,1.0,1.723900324588418,0.9116090172599748,614,412
B0007,206,62,24,3213.219,40.0571305311587,2.006753861515003,0.0006834110522523,0.0488921950725171,1.0,1.7139788776485192,0.9063624955407812,614,408
B0007,210,63,24,3203.578,40.240711749549135,2.121868132176415,0.000649598346078,0.0474232187307728,1.0,1.7139701997004613,0.9063579065888634,614,404
B0007,214,64,24,3195.125,40.12941739090177,2.011964875882845,0.0006852602652238,0.0484604377549353,1.0,1.7036521173638766,0.9009016416501656,614,400
B0007,216,65,24,3195.312999999994,40.3959693732437,2.0744390946376323,0.0006665591161254,0.0484604377549353,3.0,1.7040137474382486,0.9010928738414982,614,398
B0007,220,66,24,3186.297,40.18751058333668,2.188793384556236,0.0006318961779154,0.0489092204596219,1.0,1.6935716157343033,0.8955710108399318,614,394
B0007,224,67,24,3176.438,40.14605167557969,2.1739523632140685,0.0006384664581906,0.0504934152804281,1.0,1.6876577363877656,0.8924437153331117,614,390
B0007,228,68,24,3167.593,40.18846095484838,2.1783847786257136,0.0006390391172437,0.049653807534869,1.0,1.6830744356583152,0.8900200379231206,614,386
B0007,232,69,24,3167.719,40.2789498830108,2.191481814157953,0.000634793270805,0.0498046985694802,1.0,1.6779270142025482,0.8872980500287017,614,382
B0007,236,70,24,3159.077999999994,40.310727434969614,2.1753473356526807,0.0006418038915233,0.0496014214354859,1.0,1.6732060275966172,0.884801563486559,614,378
B0007,240,71,24,3148.829,40.31733812871393,2.1832922624558813,0.0006411654449748,0.0493328695126367,1.0,1.6674367208253988,0.8817507188402843,614,374
B0007,244,72,24,3149.094,40.332563430145015,2.192864020990023,0.0006381110643769,0.0482451502855609,1.0,1.6622662630667526,0.8790165492082501,614,370
B0007,248,73,24,3140.547,40.431258866851486,2.156097212664392,0.0006514470443255,0.0500151286165607,1.0,1.6574243065763063,0.87645609305257,614,366
B0007,252,74,24,3131.625,40.46247985933005,2.138540138129487,0.0006587823847994,0.047456705587096,1.0,1.652538684928734,0.8738725464951953,614,362
B0007,256,75,24,3121.907,40.40103455658551,2.1646493163558524,0.0006525860494049,0.048886406569936,1.0,1.6472174627573322,0.8710586517211737,614,358
B0007,260,76,24,3122.125,40.4426971996319,2.1187211383693167,0.000667277714002,0.0490424047891537,1.0,1.6364136810898071,0.8653455460107404,614,354
B0007,264,77,24,3121.672,40.26214977673693,2.1377868706438155,0.0006621163816024,0.0486198173689242,1.0,1.6362554312048496,0.8652618625053486,614,350
B0007,266,78,24,3120.86,40.64566836195685,2.103155697792567,0.0006731505404074,0.0486198173689242,3.0,1.641119179218384,0.8678338421514901,614,348
B0007,270,79,24,3103.828,39.95209030011925,2.186737546753024,0.0006492781974556,0.0483073918075697,1.0,1.6315700789656966,0.8627842196339309,614,344
B0007,274,80,24,3095.094,40.16503458324407,2.100774791159369,0.0006788179552329,0.0480771408936205,1.0,1.621213282987236,0.8573074826850354,614,340
B0007,278,81,24,3095.781,40.36674175781141,2.1417010068719846,0.0006655895656393,0.0488972024305583,1.0,1.6164273214762122,0.8547766370163623,614,336
B0007,282,82,24,3094.328,40.88269125311642,2.0912297625621297,0.0006819441839289,0.0506051927379808,1.0,1.615823510161921,0.8544573379066747,614,332
B0007,286,83,24,3086.531,40.85633220225456,2.166300950520593,0.0006594197896032,0.0551322750889738,1.0,1.61672418029789,0.8549336177737964,614,328
B0007,290,84,24,3085.625,40.7780246115985,2.1843637809529235,0.0006537751344749,0.0521223870633006,1.0,1.6108655863730026,0.851835557535501,614,324
B0007,294,85,24,3067.203,40.5829305350897,2.113995772639173,0.0006809367970351,0.0507757180756749,1.0,1.6006603374309376,0.8464389595847521,614,320
B0007,298,86,24,3058.157,40.6345689985191,2.0287779476202195,0.0007104587495316,0.0512672493033793,1.0,1.5959174487005665,0.8439308910654777,614,316
B0007,302,87,24,3058.812,40.75070125010339,2.1948906641943635,0.0006559547189987,0.0513556785028954,1.0,1.5962179519462243,0.8440897990165642,614,312
B0007,306,88,24,3058.578,41.0672419235651,2.1621122251410005,0.0006667839287409,0.0519489574586029,1.0,1.5958065114633972,0.8438722267771133,614,308
B0007,310,89,24,3049.328,41.40590880756584,2.0092802451741245,0.0007188817494464,0.0512866747765454,1.0,1.5906507821480704,0.8411458456358337,614,304
B0007,313,90,24,3177.219,41.01558674901627,2.144268362237989,0.0006575111987754,0.0550281379445186,1.0,1.6888211161855506,0.893058917673428,614,301
B0007,316,91,24,3082.937,41.31851435911838,2.0962813773920197,0.0006836456084707,0.0552726615718286,2.0,1.6259938279733204,0.8598354640622486,614,298
B0007,320,92,24,3074.266,41.4002950560853,2.037656085248936,0.000704034822687,0.0532410231168491,1.0,1.6157433862812898,0.8544149679093845,614,294
B0007,324,93,24,3066.0,41.2508092329952,2.050265845971926,0.0007016722205204,0.0527346999149458,1.0,1.6056626764846538,0.8490842270191371,614,290
B0007,328,94,24,3056.437,40.95362783962595,2.1421639870693685,0.0006736766972515,0.0541016697661152,1.0,1.5949746921524348,0.8434323556466374,614,286
B0007,332,95,24,3048.219,40.989022190981714,2.093098662464846,0.0006917357138293,0.0533794376190377,1.0,1.5904102438871943,0.8410186475348281,614,282
B0007,336,96,24,3039.218,41.02622774121347,2.109503853325003,0.0006884160183771,0.0552376704500517,1.0,1.5853517062988178,0.8383436619721834,614,278
B0007,340,97,24,3039.047,41.01371342582121,2.1295447836320704,0.0006816878231197,0.0544393382809305,1.0,1.5799737147242376,0.8354997471911441,614,274
B0007,344,98,24,3030.375,41.04923314430273,2.138556110583413,0.0006808533146075,0.0540548756909633,1.0,1.5752185465278068,0.8329851852152426,614,270
B0007,348,99,24,3021.0,41.05277512550887,2.143779366990932,0.0006810397562154,0.0533532265941854,1.0,1.569798484648868,0.8301190234003898,614,266
B0007,352,100,24,3021.75,41.02092182377061,2.199196544880164,0.000662560618747,0.0535477968915447,1.0,1.5702565375950357,0.830361244595057,614,262
B0007,356,101,24,3012.265,41.34840278359994,2.0252901014990434,0.0007222948116704,0.0542963108919572,1.0,1.565249873909438,0.8277136902689282,614,258
B0007,360,102,24,3002.641,41.23753665797544,2.0874226328484515,0.0007040668746789,0.0541405078463834,1.0,1.559633933561147,0.8247439467235069,614,254
B0007,364,103,24,3012.0,41.21700308433066,2.0863200514042264,0.0007004800449331,0.0549773618536978,1.0,1.5649820533392105,0.8275720651161599,614,250
B0007,367,104,24,3020.11,41.89753189273277,2.0588247910323827,0.0007107097444287,0.0542761639397116,2.0,1.57497949984227,0.8328587758683834,614,247
B0007,371,105,24,3002.172000000006,41.90270996402953,2.007722684403967,0.0007307333339109,0.0545239781573175,1.0,1.5652811168780458,0.8277302117414882,614,243
B0007,375,106,24,2992.703,41.48233804274523,2.190682586389996,0.0006720436137463,0.054412387703306,1.0,1.559755497470126,0.8248082304608076,614,239
B0007,379,107,24,2964.468,41.6411622659972,2.008435320437976,0.0007392321983446,0.0545121920585528,1.0,1.549897685670499,0.8195953593923267,614,235
B0007,383,108,24,2983.375,41.433877603827945,2.164636064139996,0.0006825235411292,0.0523519115520944,1.0,1.543877153134502,0.8164116650277282,614,231
B0007,387,109,24,2975.297,41.8543569979417,2.064742753691984,0.0007182066965719,0.0555827698471621,1.0,1.5450187488690073,0.8170153478223752,614,227
B0007,391,110,24,2974.9850000000006,41.78271326384125,2.170172617792397,0.0006826845991332,0.0547408930047106,1.0,1.5445940154102908,0.816790746176111,614,223
B0007,395,111,24,2966.25,41.62744766181303,2.120750718982474,0.0007012423170172,0.0552372334380582,1.0,1.5343086721758876,0.8113517938745419,614,219
B0007,399,112,24,2956.359,41.552128441464966,2.13627215665258,0.0006981905166215,0.0572653476857599,1.0,1.5287603942958483,0.8084178306554588,614,215
B0007,403,113,24,2956.344,41.839167194182565,2.093857236476905,0.0007130206221301,0.0510706479505143,1.0,1.5289260249179843,0.8085054171397351,614,211
B0007,407,114,24,2956.406,42.23998716092915,1.9959465760122976,0.0007457445488381,0.0550885787313233,1.0,1.529091650133123,0.8085930007647584,614,207
B0007,411,115,24,2947.266,42.04090238497712,2.0305769860653866,0.0007361538901823,0.0557785741854704,1.0,1.5239059324661248,0.8058507616000151,614,203
B0007,415,116,24,2937.984,41.803429062834496,2.0758803797636745,0.000723215167703,0.0584547930925319,1.0,1.5186675419100617,0.8030806686899293,614,199
B0007,419,117,24,2929.125,41.6886924602386,2.079354904824249,0.0007241125964922,0.0548728983507364,1.0,1.5136482266426952,0.8004264241301146,614,195
B0007,423,118,24,2928.454,41.98817160118213,2.0585109366080414,0.0007315992358476,0.0568991758337347,1.0,1.5136050185229033,0.8004035754125528,614,191
B0007,427,119,24,2929.375,42.33252236723314,2.0253107306977376,0.0007428827114673,0.0557428509591016,1.0,1.5139470614867965,0.8005844498202711,614,187
B0007,431,120,24,2946.031,41.63553796804361,2.0069579017420067,0.0007419508842828,0.0544643480227725,1.0,1.5339599193158786,0.8111673712327889,614,183
B0007,433,121,24,2955.438,41.470498076928735,2.19792648712031,0.0006789773797976,0.0544643480227725,3.0,1.5391372798653098,0.8139051911027366,614,181
B0007,437,122,24,2937.625,41.54038193238441,2.0299415196572554,0.0007390507542933,0.0560425836713211,1.0,1.5236247972838737,0.8057020955991137,614,177
B0007,441,123,24,2929.078,41.13947017697289,2.117150391576778,0.0007114476794794,0.0571969796717012,1.0,1.5135813035589147,0.8003910347947992,614,173
B0007,445,124,24,2918.375,41.09041922644824,2.130989905274772,0.0007092208590888,0.0553395402900145,1.0,1.5077850749847914,0.797325953734772,614,169
B0007,449,125,24,2919.812,41.10034021580957,2.129431831748565,0.000709491517063,0.057050602535577,1.0,1.5031960676037333,0.7948992586125676,614,165
B0007,453,126,24,2900.422,41.03075447325996,2.164511453629433,0.0007019418878459,0.0577616170406075,1.0,1.497822059699588,0.7920574504207775,614,161
B0007,457,127,24,2901.375,40.99688397371006,2.1743012710834013,0.0006982770291252,0.0575854885358439,1.0,1.492848534633516,0.7894274199989884,614,157
B0007,461,128,24,2901.187,40.88481342461614,2.1928976284966537,0.0006918733718951,0.0567066634864918,1.0,1.492414389867026,0.7891978415957107,614,153
B0007,465,129,24,2891.64,41.09400879501426,2.029849589914729,0.0007506479239281,0.0587157190858806,1.0,1.487482776538081,0.7865899743564149,614,149
B0007,469,130,24,2882.906,41.01377835587309,2.095949224783681,0.0007299377425654,0.0571097513991468,1.0,1.482535148640411,0.783973638515397,614,145
B0007,473,131,24,2883.265,40.90635248178393,2.177723491219515,0.0007013417608689,0.057017768907922,1.0,1.4827874322228984,0.7841070476141841,614,141
B0007,477,132,24,2882.969,41.06596192416311,2.056251340337525,0.0007437421164734,0.0577146867420723,1.0,1.476971179775059,0.7810313778074761,614,137
B0007,481,133,24,2891.656,40.84520330629611,2.1512510632923165,0.0007061097044376,0.0568683507839505,1.0,1.4819015554137276,0.7836385905485969,614,133
B0007,483,134,24,2901.25,41.12807910254104,2.1693699073642034,0.000701077873011,0.0568683507839505,3.0,1.4981366198874824,0.792223791768746,614,131
B0007,485,135,24,2891.703,41.094988453128494,2.116759239247948,0.0007211342073812,0.0568683507839505,5.0,1.4820775214392872,0.7837316424573085,614,129
B0007,489,136,24,2883.016,41.11877573165318,2.009424225590032,0.000759850939874,0.0546567857524269,1.0,1.4771155312812152,0.7811077117652985,614,125
B0007,493,137,24,2873.453,40.98003499062696,2.0034792344341588,0.0007643345563071,0.0585539628869158,1.0,1.4720772783056488,0.7784434528297595,614,121
B0007,497,138,24,2874.031,41.017509953482886,2.172988732474185,0.0007052305380842,0.0582798533828209,1.0,1.472248013656454,0.778533738725724,614,117
B0007,501,139,24,2874.234,41.299420742573055,2.087464676179042,0.0007351132164107,0.0655433340131684,1.0,1.4670106672274663,0.7757641979564112,614,113
B0007,505,140,24,2864.984,41.105738037939375,2.110564313669325,0.000729360195553,0.0634370910506511,1.0,1.461767249533538,0.7729914466651281,614,109
B0007,509,141,24,2855.093,40.87704013237699,2.0724687293779813,0.0007451395973796,0.064090710272644,1.0,1.4566952670489708,0.7703093513592872,614,105
B0007,513,142,24,2855.625,40.73021986226824,2.1253826973270518,0.0007263493332444,0.0649449108692077,1.0,1.451354972758956,0.7674853711324945,614,101
B0007,517,143,24,2855.594,41.03226257370644,2.1147331324879475,0.0007302221188069,0.0630912231503855,1.0,1.451615926257375,0.7676233649357621,614,97
B0007,521,144,24,2847.437,40.89527781087817,2.1738445330859366,0.0007115575651024,0.0635675339735441,1.0,1.4468161332173683,0.7650852050701119,614,93
B0007,525,145,24,2847.36,41.02491521192672,1.9947266977360072,0.0007746431797975,0.0635429724086598,1.0,1.4467570607768785,0.7650539672029023,614,89
B0007,529,146,24,2837.328,40.81596834579472,2.0033802121225017,0.0007740285060472,0.0636275782678698,1.0,1.4413797481446793,0.7622104114507394,614,85
B0007,533,147,24,2837.281,40.65138669632271,2.116470909151213,0.0007342367785386,0.0659014874038333,1.0,1.4362456252208178,0.7594954559011889,614,81
B0007,537,148,24,2838.515,40.965385542419945,2.051877342511651,0.0007565304408319,0.0643487177606421,1.0,1.4368154153924828,0.759796764422933,614,77
B0007,541,149,24,2828.328,41.11319128215138,2.003221375307111,0.0007767362966566,0.0647690231569202,1.0,1.4362945145860049,0.7595213088960034,614,73
B0007,545,150,24,2838.265,40.78738321989129,1.9865974995249176,0.0007763164348117,0.0635306909323588,1.0,1.4418575315878015,0.7624630662526647,614,69
B0007,548,151,24,2864.547,40.73001188190229,2.1908121182442706,0.0007023304211491,0.0642248117674788,2.0,1.4672063484781797,0.7758676753965592,614,66
B0007,552,152,24,2846.39,40.990354594470126,2.033261415031626,0.0007609375685503,0.0664364247968927,1.0,1.4518640367848883,0.7677545672975996,614,62
B0007,556,153,24,2837.969,40.62521315513875,2.19135439601875,0.0007076484513938,0.0632981159900529,1.0,1.44713797527485,0.7652553971151791,614,58
B0007,560,154,24,2838.156,40.58944296824891,2.1840705012733683,0.0007103055255198,0.0614560121489692,1.0,1.441790586562399,0.7624276653144856,614,54
B0007,564,155,24,2829.843,40.584393586876246,2.1664368343684446,0.000718382703136,0.0638237541245271,1.0,1.431630947911111,0.7570551863639823,614,50
B0007,568,156,24,2829.625,40.884444140401214,1.987193667465448,0.0007817132139814,0.0645467994623144,1.0,1.4318084249673686,0.7571490373149529,614,46
B0007,572,157,24,2819.437,40.65159637790841,2.1314172797434523,0.0007335616109854,0.062496919860526,1.0,1.4262562585106868,0.7542130177927987,614,42
B0007,576,158,24,2819.579,40.53138082339522,2.188995882590831,0.0007129423552763,0.0633478734450752,1.0,1.4260877528924911,0.7541239109930523,614,38
B0007,580,159,24,2810.672,40.821433488540606,2.032246494641712,0.0007709213588725,0.0672937953995353,1.0,1.4212633510031694,0.7515727378176299,614,34
B0007,584,160,24,2811.485,40.643362943412974,2.1695130053947387,0.0007221687966758,0.0657954604671003,1.0,1.4163272748795108,0.7489625106252409,614,30
B0007,588,161,24,2802.422,40.97063567014205,1.9917978280585305,0.0007874910885588,0.067069037133108,1.0,1.4165781829175994,0.7490951923277513,614,26
B0007,592,162,24,2801.625,40.74888323397497,2.1534486462617077,0.0007302142003015,0.0649094288936879,1.0,1.4108401729425175,0.7460608976183626,614,22
B0007,596,163,24,2802.031,40.93461596721165,2.0101572712330453,0.0007811454352385,0.0646846710686828,1.0,1.4109949628347804,0.7461427514584917,614,18
B0007,600,164,24,2793.39,40.74175890345818,2.132718741006573,0.0007398447621236,0.0647660744068118,1.0,1.40617142903988,0.7435920373366998,614,14
B0007,604,165,24,2793.39,41.00964443691023,2.0114763339798887,0.0007831053458335,0.064686462874031,1.0,1.4063358479692922,0.7436789830704655,614,10
B0007,608,166,24,2792.485,40.80558697887537,2.1610456063312298,0.0007295924930063,0.0649252658383731,1.0,1.4004552399066514,0.7405692816217144,614,6
B0007,612,167,24,2802.016,40.92586026351328,2.0143553387267827,0.0007760597853674,0.0624252821602371,1.0,1.4217865046055154,0.7518493846367692,614,2
B0007,614,168,24,2820.39,40.57390100608222,2.1732119934933296,0.0007204179596299,0.0624252821602371,3.0,1.4324552720625434,0.7574910940083355,614,0
B0018,3,1,24,3434.891,38.10180309676608,2.472160843460044,0.000499589389936,0.0651581515845521,1.0,1.8550045207910817,1.0,319,316
B0018,7,2,24,3425.485,38.14987995994155,2.4114381994148304,0.0005182522647011,0.0626964471850834,1.0,1.8431955317089987,0.993633983664338,319,312
B0018,11,3,24,3410.375,37.5266914843442,2.394395968141027,0.0005261636160223,0.0613784305860476,1.0,1.8396018424355425,0.9916966895859796,319,308
B0018,15,4,24,3404.719,37.06279237079503,2.3999481734774424,0.000525425794852,0.0613372486144971,1.0,1.8306736044962053,0.9868836350412232,319,304
B0018,18,5,24,3417.641,38.2110354381278,2.3851461229395867,0.0005280726367743,0.0614340330056652,2.0,1.8327002069419656,0.9879761404357094,319,301
B0018,20,6,24,3411.766,38.17496505957075,2.371677070838912,0.0005331058786617,0.0614340330056652,4.0,1.8285288846046388,0.9857274546289774,319,299
B0018,22,7,24,3399.516,37.64038685475582,2.4964491577040797,0.0004982694441502,0.0614340330056652,6.0,1.8212011895697924,0.9817772243450524,319,297
B0018,24,8,24,3388.75,37.37602884738843,2.4374506721131883,0.0005172561642898,0.0614340330056652,8.0,1.815170010643328,0.9785259228744274,319,295
B0018,27,9,24,3380.406,37.28928029078695,2.4152206992194847,0.0005245810266605,0.062464075366672,1.0,1.8042980520967649,0.9726650430627024,319,292
B0018,30,10,24,3404.141,37.52377766578506,2.377432309524995,0.0005329866870725,0.0591122614191441,2.0,1.8231002302844224,0.9828009634752516,319,289
B0018,32,11,24,3396.141,37.72420412562674,2.3887487262583647,0.0005305877121131,0.0591122614191441,4.0,1.8121253520255491,0.976884601474046,319,287
B0018,34,12,24,3384.094,37.41366095304306,2.432289857016922,0.0005194812715777,0.0591122614191441,6.0,1.8046916382117768,0.972877218348854,319,285
B0018,36,13,24,3370.656,36.94724908852665,2.497495633221204,0.0005020416655823,0.0591122614191441,8.0,1.790844349786295,0.9654123910288772,319,283
B0018,39,14,24,3357.797,36.70709131205994,2.478768686108376,0.0005091391006679,0.0610548889224548,1.0,1.783470722841926,0.9614373996680884,319,280
B0018,42,15,24,3363.015,37.13061214416645,2.385849407868021,0.0005375217775427,0.0610092981213067,2.0,1.7809386125310702,0.9600723839592448,319,277
B0018,44,16,24,3357.734,37.686600065941576,2.372854084449551,0.0005412531062554,0.0610092981213067,4.0,1.771209039672698,0.9548273439880092,319,275
B0018,46,17,24,3344.187,37.633580732302406,2.4086912736769084,0.0005328845866453,0.0610092981213067,6.0,1.7686303996707076,0.9534372449488484,319,273
B0018,48,18,24,3339.969,37.15252578645951,2.496331992137246,0.0005070057196376,0.0610092981213067,8.0,1.7536304801917124,0.945351054693852,319,271
B0018,51,19,24,3327.641,36.78829001793698,2.4199896352919668,0.0005312009347979,0.0606490457336047,1.0,1.7462197416415093,0.9413560571253056,319,268
B0018,54,20,24,3312.844,36.541146197392216,2.3587321881999297,0.0005530814322196,0.0621948186826762,2.0,1.7376647337053737,0.9367442042482638,319,265
B0018,56,21,24,3302.031,36.372087786130464,2.4458096660548825,0.0005284286017807,0.0621948186826762,4.0,1.7315166735475835,0.933429894181155,319,263
B0018,58,22,24,3305.547,36.52608510498833,2.3808537751929744,0.0005460591552738,0.0621948186826762,6.0,1.7085949894470602,0.9210732212762566,319,261
B0018,60,23,24,3289.562,36.476252762052624,2.436955746154759,0.0005323363418579,0.0621948186826762,8.0,1.711469957068211,0.9226230652733616,319,259
B0018,63,24,24,3283.797,36.37720890237669,2.4671365731790718,0.0005241389290127,0.0610647915313547,1.0,1.7075021373272627,0.9204840841029782,319,256
B0018,66,25,24,3325.235,36.64000948247426,2.4129371999368505,0.000534304464494,0.0595969662678692,2.0,1.7492382064360228,0.9429832579006578,319,253
B0018,68,26,24,3317.547,37.38165499248184,2.3497771039810256,0.0005547392836266,0.0595969662678692,4.0,1.7327697147429957,0.934105386440806,319,251
B0018,70,27,24,3311.766,37.59824760372582,2.4904700018477026,0.000512923019651,0.0595969662678692,6.0,1.7222313328292376,0.9284243318688938,319,249
B0018,72,28,24,3305.218,37.56055515516341,2.4650908929255406,0.0005217629878464,0.0595969662678692,8.0,1.711846298984729,0.9228259445182906,319,247
B0018,75,29,24,3295.453,37.52114200586718,2.363133281953362,0.0005536589590882,0.0628710617847731,1.0,1.699267835126687,0.916045117993578,319,244
B0018,78,30,24,3287.0,37.21887096740918,2.4790616361836206,0.0005205822092196,0.0609507504152175,2.0,1.6940366439243106,0.9132250757005568,319,241
B0018,80,31,24,3276.922,37.33441415744885,2.491905723274248,0.0005181296294821,0.0609507504152175,4.0,1.6819027078768087,0.9066838862255427,319,239
B0018,82,32,24,3268.687,37.7331798444306,2.4337177596826547,0.0005372581318772,0.0609507504152175,6.0,1.6769770618433686,0.9040285579078848,319,237
B0018,84,33,24,3260.594,37.84649344841882,2.4424506461535755,0.0005353806409898,0.0609507504152175,8.0,1.6655229306478936,0.8978538391580942,319,235
B0018,87,34,24,3258.812,37.6701649416618,2.4383419399858552,0.0005363999851494,0.0627903797735489,1.0,1.6571924575832084,0.8933630290434469,319,232
B0018,90,35,24,3243.422,37.53185198546868,2.4157245398944123,0.0005470892115206,0.0620543276699188,2.0,1.6482241555294048,0.8885283766459535,319,229
B0018,92,36,24,3236.515,37.593333753421376,2.323395712524894,0.0005767223281675,0.0620543276699188,4.0,1.6387701497987262,0.8834318900203323,319,227
B0018,94,37,24,3230.734,37.36141011067826,2.4985039496028567,0.0005230253152189,0.0620543276699188,6.0,1.6276486907262062,0.8774365089051547,319,225
B0018,96,38,24,3222.093,37.89980324671546,2.350237238739749,0.0005709030803384,0.0620543276699188,8.0,1.62215370227252,0.8744742581978935,319,223
B0018,99,39,24,3220.344,38.03149707759718,2.3337740352348813,0.0005752372688446,0.0612687404694232,1.0,1.6140066510467586,0.8700823275398015,319,220
B0018,102,40,24,3250.75,37.42220155418978,2.317647291087635,0.0005758603311047,0.0627057717757101,2.0,1.6760516154424625,0.903529666185232,319,217
B0018,104,41,24,3239.344,37.32511174435206,2.492394514304757,0.0005230045742924,0.0627057717757101,4.0,1.649300642552199,0.8891086916860135,319,215
B0018,106,42,24,3222.25,37.31088262198154,2.372828310153791,0.0005637483658592,0.0627057717757101,6.0,1.63238299185809,0.8799886865838726,319,213
B0018,108,43,24,3206.157,37.23234655688736,2.3560703177076867,0.0005715513890652,0.0627057717757101,8.0,1.6164159719025777,0.8713811496336645,319,211
B0018,111,44,24,3197.969,36.94850857727268,2.4644431530094417,0.0005391927048655,0.0602301101735637,1.0,1.6109028378249377,0.8684091169427205,319,208
B0018,114,45,24,3181.625,37.002663545357386,2.4195167274486726,0.000556042978266,0.0618017944104421,2.0,1.5954638693695655,0.8600862431802415,319,205
B0018,117,46,24,3302.36,36.71025442949399,2.3422406504312434,0.0005590624732958,0.0618017944104421,5.0,1.726707440085764,0.930837321813855,319,202
B0018,119,47,24,3285.812,36.72807623650589,2.3755467142668496,0.0005520779040553,0.0618017944104421,7.0,1.7165673917429751,0.9253710017973062,319,200
B0018,121,48,24,3260.016,36.72959308355185,2.414629137532592,0.0005444623124933,0.0618017944104421,9.0,1.6958235570934848,0.914188368861919,319,198
B0018,123,49,24,3240.031,36.787462351640364,2.3844645496129964,0.0005570646505458,0.0618017944104421,11.0,1.6777783190792557,0.9044605014567584,319,196
B0018,125,50,24,3232.265,36.75689163314213,2.398646371281655,0.0005534694616754,0.0618017944104421,13.0,1.6606586897774192,0.895231613273491,319,194
B0018,128,51,24,3232.031,37.35015763097096,2.4557130111721626,0.0005362313467763,0.0633599857416457,2.0,1.6664109274827466,0.8983325424846361,319,191
B0018,130,52,24,3209.5149999999994,37.48126030855565,2.323665882820083,0.00058125175706,0.0633599857416457,4.0,1.6468336174407805,0.8877787622525443,319,189
B0018,132,53,24,3196.125,37.12544389762631,2.488054079510012,0.0005314951081693,0.0633599857416457,6.0,1.6257639928779952,0.8764205017595725,319,187
B0018,134,54,24,3172.562,37.19112571388883,2.3306937114568003,0.0005853927797264,0.0633599857416457,8.0,1.6121577411874597,0.8690856130635961,319,185
B0018,136,55,24,3172.735,37.17642722353301,2.389399831578687,0.000567257488748,0.0633599857416457,10.0,1.6057366823755344,0.8656241342693628,319,183
B0018,141,56,24,3238.109,37.11936678632194,2.4864200723178747,0.0005265016041624,0.0608839675600462,2.0,1.673645314879889,0.90223247227783,319,178
B0018,143,57,24,3191.063,37.2702464066457,2.4673631110639858,0.0005400285492864,0.0608839675600462,4.0,1.6404348572349936,0.8843293042409497,319,176
B0018,145,58,24,3165.828,37.39550861947664,2.375173080957567,0.0005729891827261,0.0608839675600462,6.0,1.6132653317422077,0.8696826954654632,319,174
B0018,147,59,24,3140.407,37.378956702246384,2.371626022111289,0.0005777092524491,0.0608839675600462,8.0,1.5920964324686278,0.8582709177386076,319,172
B0018,150,60,24,3131.922,37.245718322158105,2.463955873060647,0.0005501258010204,0.0623189427460542,1.0,1.5866011820698824,0.855308525821416,319,169
B0018,153,61,24,3121.109,37.21755583353321,2.475545296633258,0.0005491737029339,0.0619094323498869,2.0,1.580076649033625,0.851791265910117,319,166
B0018,155,62,24,3105.265,37.56150979821064,2.3791563087604626,0.0005830911065195,0.0619094323498869,4.0,1.5641732953289167,0.8432180503052695,319,164
B0018,157,63,24,3091.25,37.4174791317661,2.4776158338943337,0.0005535862399176,0.0619094323498869,6.0,1.555618272193922,0.8386061892347928,319,162
B0018,159,64,24,3076.703,37.55101533655474,2.4205549690097223,0.0005745325009425,0.0619094323498869,8.0,1.5402045278637395,0.8302969133503282,319,160
B0018,162,65,24,3062.328,37.59895044072871,2.415388497112405,0.0005783396053146,0.0632884153578242,1.0,1.5321613015959863,0.8259609528835993,319,157
B0018,165,66,24,3050.563,37.48923978216981,2.3974205597873093,0.0005874806432537,0.0624424564129125,2.0,1.5316232403693415,0.8256708936300426,319,154
B0018,167,67,24,3034.672,37.37911114363861,2.497752653580319,0.0005574062404521,0.0624424564129125,4.0,1.5222595950771978,0.8206231187124103,319,152
B0018,169,68,24,3031.25,37.559604168615785,2.3726090777895896,0.000598493694028,0.0624424564129125,6.0,1.5065267126851285,0.8121418011653458,319,150
B0018,171,69,24,3011.343,37.61805450748922,2.36844257542991,0.0006044319626485,0.0624424564129125,8.0,1.5014219556532926,0.8093899172887186,319,148
B0018,174,70,24,3003.0,37.71101994346608,2.331968556073514,0.0006174914872744,0.0627245995271744,1.0,1.4963534117486457,0.8066575552659644,319,145
B0018,177,71,24,3045.187,37.767989299214086,2.4057755306304176,0.0005850572854669,0.0631972345620259,2.0,1.5334262000312422,0.826642837170715,319,142
B0018,179,72,24,3028.469,37.91919394450186,2.4720838848798987,0.0005669020814153,0.0631972345620259,4.0,1.523845267514426,0.8214779265683784,319,140
B0018,181,73,24,3012.937,37.99328509003338,2.342731326096539,0.0006115423034852,0.0631972345620259,6.0,1.501192099426124,0.8092660058779416,319,138
B0018,183,74,24,2998.875,37.984838024989045,2.4198650452188226,0.0005895986560451,0.0631972345620259,8.0,1.492417671450291,0.8045358675534857,319,136
B0018,185,75,24,2983.547,37.8288851383529,2.438879997223475,0.0005862214815782,0.0631972345620259,10.0,1.483323851940123,0.799633550923934,319,134
B0018,188,76,24,2966.86,37.844837975501,2.430465824271706,0.000592486935214,0.0633286451454753,2.0,1.4807376792294196,0.7982393911352555,319,131
B0018,190,77,24,2954.797,37.8984610468502,2.4907267597860656,0.0005742129738843,0.0633286451454753,4.0,1.4735077809902477,0.7943418813674149,319,129
B0018,192,78,24,2945.735,38.27784043980244,2.367832802864477,0.0006181221802597,0.0633286451454753,6.0,1.46801928526661,0.7913831307756389,319,127
B0018,194,79,24,2941.375,38.24434303919528,2.3532703553328904,0.0006238335182191,0.0633286451454753,8.0,1.458092355711902,0.7860316993136419,319,125
B0018,197,80,24,2923.953,38.06956259266949,2.362897904778893,0.0006230025883537,0.0643827606982796,1.0,1.44786609888914,0.7805189058362433,319,122
B0018,200,81,24,2921.031,37.81744565252647,2.420200016704328,0.0006068294432839,0.0632262185222777,2.0,1.4527808777541982,0.7831683758563823,319,119
B0018,202,82,24,2902.75,37.90256777035479,2.472605886588914,0.0005909112922884,0.0632262185222777,4.0,1.4425356364492432,0.7776453481817188,319,117
B0018,204,83,24,2897.875,38.16628336469349,2.483165462226557,0.0005883243638828,0.0632262185222777,6.0,1.4392712877203313,0.7758855957432074,319,115
B0018,206,84,24,2892.094,38.36789486715962,2.434198683008624,0.0006064340967207,0.0632262185222777,8.0,1.4286475681888218,0.7701585371768062,319,113
B0018,209,85,24,2886.921,38.19823604401131,2.497859027600416,0.0005847248518149,0.0627596460234384,1.0,1.4249026750004896,0.7681397317526905,319,110
B0018,212,86,24,2942.531,38.09998280757164,2.374740845794832,0.0006159726758397,0.0630642320115214,2.0,1.4698115324524124,0.7923492994106556,319,107
B0018,214,87,24,2912.469,38.21452378284136,2.3589340839760866,0.0006278991634897,0.0630642320115214,4.0,1.4525819651050202,0.7830611455790711,319,105
B0018,216,88,24,2895.594,37.93969653616424,2.4413266342198545,0.0006031610335337,0.0630642320115214,6.0,1.442834198908794,0.7778062979024363,319,103
B0018,218,89,24,2884.406,38.06666733482501,2.311419659807122,0.0006503160498004,0.0630642320115214,8.0,1.428376058807949,0.7700121712904541,319,101
B0018,220,90,24,2873.766,37.63260475617888,2.495315923820125,0.0005873909062219,0.0630642320115214,10.0,1.4154547844370715,0.7630465417051595,319,99
B0018,223,91,24,2893.375,38.18223603956323,2.4398479869382084,0.0006056462497655,0.0654312939216661,2.0,1.454576670077708,0.7841364556121901,319,96
B0018,225,92,24,2884.9839999999967,38.3907466519188,2.376538319699514,0.0006274156585363,0.0654312939216661,4.0,1.4283179548274056,0.7699808484662279,319,94
B0018,227,93,24,2870.234,38.51622654624205,2.3722299202290382,0.0006322536903861,0.0654312939216661,6.0,1.4197026883204058,0.7653365112635747,319,92
B0018,229,94,24,2864.11,38.56612180540248,2.361475505115684,0.0006375329598725,0.0654312939216661,8.0,1.4155606630306516,0.7631036189749955,319,90
B0018,232,95,24,2846.64,38.5606541602861,2.317937855025735,0.0006557415581019,0.0640350502034096,1.0,1.405680035419228,0.7577771480684934,319,87
B0018,235,96,24,2839.532,38.53842073636507,2.3372859753156225,0.000651324249847,0.0643168361931131,2.0,1.4084461071166137,0.759268288206635,319,84
B0018,237,97,24,2832.703,38.548873480234754,2.35288102649522,0.0006475338456403,0.0643168361931131,4.0,1.3968547782872414,0.7530196086484692,319,82
B0018,239,98,24,2827.077999999994,38.45838357496903,2.4646122144537173,0.0006092807055378,0.0643168361931131,6.0,1.3935670371440676,0.751247245774781,319,80
B0018,241,99,24,2821.531,38.54382874673793,2.4684655225527004,0.0006092088976566,0.0643168361931131,8.0,1.3893644292809475,0.7489816944965945,319,78
B0018,244,100,24,2805.156,38.650883957434026,2.409292353940073,0.0006331389700187,0.0654644342393943,1.0,1.378565141566671,0.7431599902402238,319,75
B0018,247,101,24,2814.906,38.45654834997334,2.477625480372779,0.0006071325450476,0.0654529706546391,2.0,1.384901110085747,0.7465755983684312,319,72
B0018,249,102,24,2801.156,38.6564130442344,2.335608852853518,0.0006601281689345,0.0654529706546391,4.0,1.3703251814242443,0.7387179740348331,319,70
B0018,251,103,24,2794.187,38.655587491253975,2.441999086782534,0.0006245741210245,0.0654529706546391,6.0,1.3733464385229082,0.7403466800917733,319,68
B0018,253,104,24,2785.391,38.6997087046862,2.465168783147216,0.0006178448998898,0.0654529706546391,8.0,1.3679487285504814,0.7374368704864981,319,66
B0018,256,105,24,2779.5,38.87481687744787,2.370892032033162,0.0006521202969703,0.0660567598197252,1.0,1.3567141087089647,0.7313804864100185,319,63
B0018,259,106,24,2899.234,37.36397452607736,2.461879783248223,0.0005950577836698,0.0655091497890936,2.0,1.4604310209194575,0.7872924322020762,319,60
B0018,261,107,24,2894.922,37.88258787662229,2.424706636890725,0.0006088808521883,0.0655091497890936,4.0,1.4500998937104097,0.7817231049614924,319,58
B0018,263,108,24,2888.25,38.15898073660424,2.444722297403138,0.0006034364531298,0.0655091497890936,6.0,1.4381406901824496,0.7752761106852413,319,56
B0018,265,109,24,2873.906,38.05243159675446,2.443569395327192,0.0006068533849649,0.0655091497890936,8.0,1.4283681980964316,0.7700079337204485,319,54
B0018,267,110,24,2847.406,37.89096376444466,2.4666000274194886,0.0006039160178438,0.0655091497890936,10.0,1.4147874517552432,0.7626867945054364,319,52
B0018,270,111,24,2849.281,37.81203585126145,2.4272514813701016,0.0006176084051814,0.0660246141591635,2.0,1.413889163393182,0.7622025431993112,319,49
B0018,272,112,24,2833.688,37.9591954678784,2.4762628371779,0.0006031646795502,0.0660246141591635,4.0,1.3989331662177225,0.7541400306782735,319,47
B0018,274,113,24,2826.453,38.52104349883516,2.3607989727330003,0.0006458658399541,0.0660246141591635,6.0,1.3953322584033976,0.7521988452127043,319,45
B0018,276,114,24,2818.312,38.87868799770175,2.377011586588198,0.0006422879407902,0.0660246141591635,8.0,1.390046129540245,0.7493491870022229,319,43
B0018,279,115,24,2812.7189999999973,38.65118899876309,2.456756319667845,0.0006145973898472,0.0652892568851771,1.0,1.3860271454209647,0.747182624023947,319,40
B0018,282,116,24,2803.5,38.434235278537344,2.3277314025979847,0.0006653543662627,0.0629732782106259,2.0,1.388215260193751,0.7483621978461461,319,37
B0018,284,117,24,2783.25,38.10387572433,2.4537913827403948,0.0006224559672677,0.0629732782106259,4.0,1.3761826562394497,0.7418756347033405,319,35
B0018,286,118,24,2776.391,38.12742842632319,2.3475608877759067,0.0006621726257387,0.0629732782106259,6.0,1.3647168898640163,0.7356946436346268,319,33
B0018,288,119,24,2766.516,38.03962943213698,2.3558347560196564,0.0006618148907539,0.0629732782106259,8.0,1.3589854739373584,0.7326049390746541,319,31
B0018,291,120,24,2751.516,37.85657903247749,2.379110236294476,0.0006556549504961,0.0651685236241181,1.0,1.34623087640088,0.7257291620112974,319,28
B0018,294,121,24,2848.859,37.43017193410286,2.444740635238248,0.0006133154781985,0.0637387678424481,2.0,1.4268427818454643,0.7691856089045949,319,25
B0018,296,122,24,2840.016,37.8264149292754,2.431867772331712,0.0006175179672724,0.0637387678424481,4.0,1.4064481483279665,0.7581912240991063,319,23
B0018,298,123,24,2817.375,38.08307173716899,2.344037291947413,0.0006540830335982,0.0637387678424481,6.0,1.3934907492075153,0.7512061203027418,319,21
B0018,300,124,24,2809.234,37.88279649093536,2.456436863057259,0.0006158889675989,0.0637387678424481,8.0,1.3882493512249316,0.7483805757157408,319,19
B0018,302,125,24,2791.187,37.96027066990377,2.395547668334432,0.0006407164736433,0.0637387678424481,10.0,1.3701878338420928,0.7386439323920165,319,17
B0018,305,126,24,2794.016,37.880513353762176,2.453674917297921,0.0006197759467709,0.0652185637943141,2.0,1.379695166560862,0.743769166650052,319,14
B0018,307,127,24,2774.719,38.43416278222213,2.3062728144586413,0.0006771883817997,0.0652185637943141,4.0,1.3686586323935683,0.7378195670433692,319,12
B0018,309,128,24,2777.844,38.847489737859576,2.3471092023857154,0.000662086271733,0.0652185637943141,6.0,1.3627371779096438,0.7346274160714679,319,10
B0018,311,129,24,2781.125,38.80283421497622,2.4884289104730986,0.0006101585589282,0.0652185637943141,8.0,1.3634051133928071,0.7349874882306875,319,8
B0018,314,130,24,2760.906,38.72699121838442,2.3992178234155577,0.0006455086553806,0.0659045596348677,1.0,1.3518646035305233,0.7287662042753458,319,5
B0018,317,131,24,2753.25,38.67191958148309,2.278633888650029,0.0006924974182123,0.0660685027151648,2.0,1.3547969729652622,0.7303469925709389,319,2
B0018,319,132,24,2742.843,38.371813640118894,2.365584676338373,0.0006636102346556,0.0660685027151648,4.0,1.341051440640485,0.7229370201580871,319,0
B0025,4,1,24,6515.422000000006,41.81748104839704,1.9182683747066007,0.0003497389658962,0.0504980686897653,1.0,1.847011162956716,1.0,78,74
B0025,6,2,24,6516.219,41.50441060959557,1.8939610306669548,0.0003542845016149,0.0504980686897653,3.0,1.8485654344528384,1.0008415062817673,78,72
B0025,8,3,24,6489.5,41.67077619357013,1.82462740970999,0.0003664512994078,0.0504980686897653,5.0,1.847111177186175,1.0000541492284751,78,70
B0025,10,4,24,6471.25,41.58349706133725,1.9612044915457985,0.0003464369464243,0.0504980686897653,7.0,1.8489837601535537,1.0010679941932132,78,68
B0025,12,5,24,6466.672,41.82908827830225,1.7869386268841287,0.0003731626154357,0.0504980686897653,9.0,1.837012071856044,0.994586339649044,78,66
B0025,16,6,24,6410.672,41.15307253815554,1.9399607811955053,0.0003491306563872,0.0487078560405399,1.0,1.817549211247137,0.9840488502178752,78,62
B0025,20,7,24,6474.156,41.167510218490015,1.7632585904014149,0.0003761060640987,0.0482804259796978,1.0,1.839863822522073,0.9961303209325484,78,58
B0025,23,8,24,6460.75,41.40744159178738,1.7411634552856723,0.0003807436121914,0.0482804259796978,4.0,1.8430595619731431,0.9978605429881392,78,55
B0025,25,9,24,6448.907,41.089112912518665,1.990361763373611,0.0003428673810271,0.0482804259796978,6.0,1.8401871729536057,0.9963053877854282,78,53
B0025,27,10,24,6447.125,41.56081694228564,1.8524105657072527,0.000364356307256,0.0482804259796978,8.0,1.8281265632888255,0.9897755898574756,78,51
B0025,31,11,24,6431.219,41.027186904575295,1.7970500760271888,0.0003721504114238,0.0487839475735373,1.0,1.8253563336445804,0.988275745297895,78,47
B0025,35,12,24,6442.203,41.20659187421087,1.9099130781506344,0.0003551157957107,0.0476113403897874,1.0,1.8214180552626156,0.9861435013456384,78,43
B0025,37,13,24,6427.079,41.45812420664237,1.934448897147264,0.0003526373824385,0.0476113403897874,3.0,1.830315627968932,0.9909607828460236,78,41
B0025,39,14,24,6417.156,41.50830652935,1.8425883947903756,0.0003676557693034,0.0476113403897874,5.0,1.8175491643824844,0.9840488248446378,78,39
B0025,41,15,24,6398.907,41.36968179986157,1.828585254411004,0.0003707269409247,0.0476113403897874,7.0,1.810901200296979,0.9804495157452476,78,37
B0025,43,16,24,6384.75,41.46226760798129,1.8355395996102943,0.0003704364005185,0.0476113403897874,9.0,1.8083032603084237,0.979042951431691,78,35
B0025,47,17,24,6284.063,41.32045149274522,1.949278391612896,0.0003544887656011,0.0478278314357151,1.0,1.7928016149381063,0.970650124316612,78,31
B0025,51,18,24,6370.937000000005,41.29100352861782,1.7363301713780446,0.000386458130827,0.0487151021823557,1.0,1.812563150045885,0.9813493206745506,78,27
B0025,53,19,24,6359.812,41.08913600776219,1.7105280581137303,0.000391654696537,0.0487151021823557,3.0,1.807772607491239,0.9787556479070416,78,25
B0025,55,20,24,6346.156,41.02067280816404,1.6755342791432477,0.0003979941637299,0.0487151021823557,5.0,1.8048055175003967,0.9771492201548172,78,23
B0025,57,21,24,6328.172,40.73588950026045,1.6704419000715314,0.000399888901698,0.0487151021823557,7.0,1.800538555899242,0.9748390220971485,78,21
B0025,59,22,24,6326.062,40.76227622359968,1.7016507714607274,0.0003950308323097,0.0487151021823557,9.0,1.7942356098033032,0.9714265109968642,78,19
B0025,66,23,24,6352.843,39.71112605386658,1.8891035060983297,0.0003636049824014,0.048428360930816,1.0,1.807409052434889,0.9785588136573946,78,12
B0025,68,24,24,6309.172000000006,39.797043058510575,1.756482386846181,0.0003874056992227,0.048428360930816,3.0,1.7902504816962077,0.9692689018892308,78,10
B0025,70,25,24,6284.297,39.64019141128942,1.8323981556137667,0.0003767433893941,0.048428360930816,5.0,1.7961223845359495,0.9724480395996616,78,8
B0025,72,26,24,6265.969,39.75344188854835,1.89712686584404,0.0003676209804989,0.048428360930816,7.0,1.7912236690350776,0.969795800350046,78,6
B0025,74,27,24,6266.641,39.57317189988566,1.9934958310371556,0.0003521066355792,0.048428360930816,9.0,1.7854822365303245,0.966687301267906,78,4
B0025,78,28,24,6198.75,39.45687787991913,1.9679550948765452,0.0003568341704439,0.047853306064257,1.0,1.7677890780323615,0.957107955537456,78,0
B0026,4,1,24,6515.422000000006,40.711455499237935,1.98069037313681,0.000338391511339,0.0912075811726714,1.0,1.8132504303869896,1.0,78,74
B0026,6,2,24,6516.219,40.56984371986605,1.9296821070764223,0.0003471805494983,0.0912075811726714,3.0,1.8149760087078304,1.0009516491996486,78,72
B0026,8,3,24,6489.5,40.42073541309615,2.169258771295841,0.0003116041280475,0.0912075811726714,5.0,1.8135354175561995,1.0001571692273905,78,70
B0026,10,4,24,6471.25,40.839359753382105,1.898741105703338,0.0003538360925352,0.0912075811726714,7.0,1.815149273310334,1.001047203900533,78,68
B0026,12,5,24,6466.672,40.762597974826,1.9095478812878095,0.0003528679717315,0.0912075811726714,9.0,1.81429130140682,1.0005740359976685,78,66
B0026,16,6,24,6410.672,39.78739652537364,2.044256084427152,0.0003029778122822,0.0901691939902538,1.0,1.3863373424430123,0.7645592242584693,78,62
B0026,20,7,24,6474.156,40.12859054534907,1.8584184081271529,0.0003592413585284,0.0907301345515442,1.0,1.8165277958816064,1.0018074533112986,78,58
B0026,23,8,24,6460.75,40.39287009990307,1.9288388497995343,0.0003498687651458,0.0907301345515442,4.0,1.8085638576011065,0.9974153747836788,78,55
B0026,25,9,24,6448.907,40.37811271633581,1.935441772448038,0.000349665920971,0.0907301345515442,6.0,1.804936077644182,0.9954146693675218,78,53
B0026,27,10,24,6447.125,40.6345527951007,2.084244057146889,0.0003263198198946,0.0907301345515442,8.0,1.8049315924982108,0.995412195828348,78,51
B0026,31,11,24,6431.219,40.0980220096873,1.896444377630184,0.0003485285405554,0.0902485480590142,1.0,1.717679232699393,0.947292885700736,78,47
B0026,35,12,24,6442.203,40.34748376711444,2.039907733440496,0.0003331494087992,0.0896150617063206,1.0,1.809804813280106,0.9980997566308872,78,43
B0026,37,13,24,6427.079,40.65512551876581,2.1312634408664395,0.0003203375353131,0.0896150617063206,3.0,1.806556213274488,0.9963081673660084,78,41
B0026,39,14,24,6417.156,40.78648924035223,1.8782785619868927,0.000359938742969,0.0896150617063206,5.0,1.7938155707698509,0.9892817565122588,78,39
B0026,41,15,24,6398.907,40.64545029611132,1.9640553148703688,0.0003476051677377,0.0896150617063206,7.0,1.799304949381792,0.9923091257713248,78,37
B0026,43,16,24,6384.75,40.753548433947245,1.9028600928182504,0.0003577857524776,0.0896150617063206,9.0,1.7842197448470132,0.983989698800854,78,35
B0026,47,17,24,6284.063,40.90407080657346,2.066791178782658,0.0003261469295661,0.0894381163858258,1.0,1.6818819918515189,0.9275508576565268,78,31
B0026,51,18,24,6370.937000000005,40.76016987388447,2.1735697218309302,0.0003154021831874,0.0898555538406385,1.0,1.8007519383961936,0.9931071341380414,78,27
B0026,53,19,24,6359.812,40.86760057065783,1.869998135001252,0.0003645834031927,0.0898555538406385,3.0,1.795972684272296,0.9904713955528988,78,25
B0026,55,20,24,6346.156,40.8457724786952,1.834360851438286,0.0003711231367227,0.0898555538406385,5.0,1.7931026940553298,0.988888607996988,78,23
B0026,57,21,24,6328.172,40.61328442378913,1.8588013920189888,0.0003685742715358,0.0898555538406385,7.0,1.8010267542068712,0.9932586939039028,78,21
B0026,59,22,24,6326.062,40.55411444614823,2.1656553710973343,0.0003195873919771,0.0898555538406385,9.0,1.7824572301269948,0.9830176793321244,78,19
B0026,66,23,24,6352.843,39.89740047610024,2.161441726851442,0.0003189021312144,0.0894500574420642,1.0,1.7959303030608789,0.9904480224927262,78,12
B0026,68,24,24,6309.172000000006,40.148009555945954,1.8357784756785411,0.0003727813156592,0.0894500574420642,3.0,1.7783142127341005,0.9807328226330914,78,10
B0026,70,25,24,6284.297,40.16428171644192,1.7730752055194368,0.0003842337914298,0.0894500574420642,5.0,1.771719092984802,0.9770956417788776,78,8
B0026,72,26,24,6265.969,40.34822918896084,1.803496921850417,0.0003806494996567,0.0894500574420642,7.0,1.7790749489536772,0.9811523654644776,78,6
B0026,74,27,24,6266.641,40.155136061235744,1.8019162984387032,0.0003808762701036,0.0894500574420642,9.0,1.7733229782464677,0.9779801777672812,78,4
B0026,78,28,24,6198.75,40.01460073648428,2.094755756018166,0.0003344835362113,0.0894079114965533,1.0,1.768754111010884,0.975460466667801,78,0
B0027,4,1,24,6515.422000000006,42.07194057268294,2.4407952016086623,0.0002703044836937,0.0854833449623134,1.0,1.8233077742149364,1.0,78,74
B0027,6,2,24,6516.219,42.526459613766654,2.4193060956450503,0.0002743387955511,0.0854833449623134,3.0,1.814238465116796,0.9950259033464356,78,72
B0027,8,3,24,6489.5,42.65704114936764,2.4982363525248754,0.0002631714579088,0.0854833449623134,5.0,1.812859679313087,0.994269703091488,78,70
B0027,10,4,24,6471.25,43.07456793109374,2.47983581845354,0.0002668358865774,0.0854833449623134,7.0,1.814424244673997,0.995127794842665,78,68
B0027,12,5,24,6466.672,43.12836631992577,2.4669313816061296,0.0002690374814169,0.0854833449623134,9.0,1.812800333853042,0.994237154850931,78,66
B0027,16,6,24,6410.672,42.9279467397339,2.492471012096456,0.0002636548012753,0.1072214354338359,1.0,1.7946038703195293,0.9842572360512388,78,62
B0027,20,7,24,6474.156,42.34490965860999,2.4232193266263646,0.0002748197301162,0.1027691804948317,1.0,1.816519171293833,0.9962767652191762,78,58
B0027,23,8,24,6460.75,42.50145921854708,2.4791120561344835,0.0002674671328391,0.1027691804948317,4.0,1.819833556519024,0.9980945522500128,78,55
B0027,25,9,24,6448.907,42.75456095698592,2.428102703648056,0.0002757881556146,0.1027691804948317,6.0,1.816980986440728,0.9965300494718,78,53
B0027,27,10,24,6447.125,43.20868549225104,2.4202095510772232,0.0002770864285203,0.1027691804948317,8.0,1.8047602710768988,0.9898275522101452,78,51
B0027,31,11,24,6431.219,42.59572185384836,2.3998890148152445,0.0002791231656076,0.1038115798890318,1.0,1.802177888140868,0.9884112345853586,78,47
B0027,35,12,24,6442.203,42.63365730314649,2.483742346997907,0.0002667748205148,0.0998035553382258,1.0,1.810054375611175,0.9927311237350108,78,43
B0027,37,13,24,6427.079,42.89197473994752,2.382935984422233,0.0002837685300892,0.0998035553382258,3.0,1.8191618703574552,0.9977261634507832,78,41
B0027,39,14,24,6417.156,42.73670303920533,2.4903839742860163,0.0002672342979315,0.0998035553382258,5.0,1.806344581230731,0.9906964730671928,78,39
B0027,41,15,24,6398.907,42.71819238433457,2.39789040439265,0.000282557084555,0.0998035553382258,7.0,1.8120006378747944,0.9937985585867364,78,37
B0027,43,16,24,6384.75,42.87852551010068,2.41937557251393,0.0002796785684594,0.0998035553382258,9.0,1.809238569578753,0.9922836918510692,78,35
B0027,47,17,24,6284.063,42.99196482622249,2.444119634453687,0.0002765306470801,0.099506803416659,1.0,1.7820717716005336,0.977383959418394,78,31
B0027,51,18,24,6370.937000000005,42.920147884014575,2.395925863485738,0.0002836152239803,0.1001854567709701,1.0,1.8145504562341048,0.9951970160470563,78,27
B0027,53,19,24,6359.812,42.77821015998406,2.408349641748691,0.0002827264391308,0.1001854567709701,3.0,1.809153485164282,0.9922370269842408,78,25
B0027,55,20,24,6346.156,42.71393681070588,2.399239705167686,0.0002847618483333,0.1001854567709701,5.0,1.806555150809371,0.9908119607438306,78,23
B0027,57,21,24,6328.172,42.66066961608101,2.378335964879865,0.0002887294945546,0.1001854567709701,7.0,1.802401655959492,0.9885339608863096,78,21
B0027,59,22,24,6326.062,42.64239690775237,2.437999478526856,0.0002795713127161,0.1001854567709701,9.0,1.7964331683322998,0.9852605214200834,78,19
B0027,66,23,24,6352.843,41.86831727976231,2.484818012933219,0.000270425076831,0.0975561228144068,1.0,1.8088036930508289,0.9920451821852444,78,12
B0027,68,24,24,6309.172000000006,41.97207960495628,2.456168013420922,0.0002773951645749,0.0975561228144068,3.0,1.7915527748749651,0.9825838512899208,78,10
B0027,70,25,24,6284.297,41.92250461031742,2.4697995830050976,0.000276236310121,0.0975561228144068,5.0,1.7853375192239571,0.9791750709737812,78,8
B0027,72,26,24,6265.969,42.14300769699952,2.491582666091738,0.0002735904590515,0.0975561228144068,7.0,1.793209210325309,0.9834923295368568,78,6
B0027,74,27,24,6266.641,42.43039551713637,2.394485973926669,0.0002890024846076,0.0975561228144068,9.0,1.7873097711102113,0.9802567599316988,78,4
B0027,78,28,24,6198.75,42.033372446715575,2.4249816079125552,0.0002841247957144,0.0999652631237503,1.0,1.7700926253324452,0.9708139516350144,78,0
B0028,4,1,24,6515.422000000006,31.679728237853865,2.6151397684307285,0.0002404705967272,0.0817645867355929,1.0,1.8046847720100736,1.0,78,74
B0028,6,2,24,6516.219,31.42728999177483,2.578716047628789,0.0002467815031893,0.0817645867355929,3.0,1.804783321452588,1.0000546075658436,78,72
B0028,8,3,24,6489.5,31.694210133469813,2.679890873914289,0.000232223554248,0.0817645867355929,5.0,1.797618668222458,0.9960845772640142,78,70
B0028,10,4,24,6471.25,31.849947051821637,2.674600586599544,0.0002334843806283,0.0817645867355929,7.0,1.7929913687761174,0.9935205286733084,78,68
B0028,12,5,24,6466.672,31.89197660091397,2.655983638577288,0.0002366749790265,0.0817645867355929,9.0,1.7919180081592216,0.992925765181344,78,66
B0028,16,6,24,6410.672,31.647839531181656,2.5587601304544574,0.0002509617614871,0.0804975526258245,1.0,1.775026135903797,0.9835657525534266,78,62
B0028,20,7,24,6474.156,31.66717160096336,2.684075980505414,0.0002315523606313,0.0792139906449247,1.0,1.7920487852223417,0.9929982305033482,78,58
B0028,23,8,24,6460.75,31.543075306784417,2.692955180725203,0.0002307322363036,0.0792139906449247,4.0,1.790475801581265,0.9921266192028748,78,55
B0028,25,9,24,6448.907,31.63889282611546,2.664091579679959,0.0002360154074505,0.0792139906449247,6.0,1.7868365091987264,0.9901100385573334,78,53
B0028,27,10,24,6447.125,32.06283964981591,2.599501054239839,0.0002460897535615,0.0792139906449247,8.0,1.7871529619962183,0.9902853892902704,78,51
B0028,31,11,24,6431.219,31.17821904490572,2.5987712023407274,0.000245497138129,0.0788664279499819,1.0,1.7816340617009505,0.9872272927291068,78,47
B0028,35,12,24,6442.203,31.830430244172504,2.568337342317612,0.0002507267974324,0.0780268437186383,1.0,1.7850235136604733,0.9891054334504626,78,43
B0028,37,13,24,6427.079,32.176676996947776,2.571655326217227,0.0002513164591243,0.0780268437186383,3.0,1.7803865429693038,0.9865360258934828,78,41
B0028,39,14,24,6417.156,32.101579055970326,2.5464403411304843,0.0002555635165294,0.0780268437186383,5.0,1.7789060856417256,0.9857156846624048,78,39
B0028,41,15,24,6398.907,31.92722580084625,2.5488905698718844,0.0002559366352224,0.0780268437186383,7.0,1.7738387518973049,0.9829078071743176,78,37
B0028,43,16,24,6384.75,32.17577171129977,2.592227961453642,0.0002496860941579,0.0780268437186383,9.0,1.769682881523146,0.9806049837457528,78,35
B0028,47,17,24,6284.063,32.50607956309833,2.598546956085325,0.0002491683359645,0.0787549150756163,1.0,1.7408787283206992,0.9646442167191854,78,31
B0028,51,18,24,6370.937000000005,32.36361154404582,2.6924907199800523,0.0002339984235363,0.0801951045701426,1.0,1.7648189744011906,0.9779098276734056,78,27
B0028,53,19,24,6359.812,32.23987480909281,2.6173421756941537,0.0002465295996989,0.0801951045701426,3.0,1.7617857390844025,0.976229071364142,78,25
B0028,55,20,24,6346.156,32.1209393902127,2.6240203066915697,0.000246094122969,0.0801951045701426,5.0,1.75770610357021,0.9739684906924004,78,23
B0028,57,21,24,6328.172,31.876773372691297,2.63525875804135,0.0002450486719553,0.0801951045701426,7.0,1.7519375960601256,0.9707720834308378,78,21
B0028,59,22,24,6326.062,32.13891568195097,2.540126038881981,0.0002601324459497,0.0801951045701426,9.0,1.7521244035832175,0.9708755959810568,78,19
B0028,66,23,24,6352.843,31.30995086456362,2.578459071114453,0.0002527019865202,0.0794991533995328,1.0,1.759771413398964,0.9751129065265596,78,12
B0028,68,24,24,6309.172000000006,31.44390039724308,2.6156681128542663,0.0002488353773482,0.0794991533995328,3.0,1.7483011320324189,0.9687570700145852,78,10
B0028,70,25,24,6284.297,31.383820135357173,2.6736673087239398,0.0002406641838031,0.0794991533995328,5.0,1.7411482627836237,0.9647935693746214,78,8
B0028,72,26,24,6265.969,31.360116664622662,2.6531966228276134,0.0002446361645185,0.0794991533995328,7.0,1.7363833316311177,0.9621532572124044,78,6
B0028,74,27,24,6266.641,31.44534438395542,2.5306280538039845,0.0002641145308681,0.0794991533995328,9.0,1.736559066269527,0.9622506341289356,78,4
B0028,78,28,24,6198.75,31.550251048213177,2.651385292787423,0.0002445985316699,0.0803103780522931,1.0,1.7172335652295243,0.9515421152010136,78,0
B0029,2,1,43,1572.359,58.72626885895911,1.999936473158621,0.0013500874251133,0.0283404555299767,1.0,1.697507332205763,1.0,94,92
B0029,4,2,43,1723.281,59.76796387174703,1.852059092593436,0.0013632638411381,0.0283404555299767,3.0,1.844701206961174,1.086711775532743,94,90
B0029,6,3,43,1705.906,59.844347317645614,1.8857258246963948,0.0013570651366094,0.0283404555299767,5.0,1.8254376674722927,1.0753636422296309,94,88
B0029,8,4,43,1697.688,59.9199472840752,1.8534777499421091,0.0013829052492977,0.0283404555299767,7.0,1.815750429913437,1.0696568995398843,94,86
B0029,10,5,43,1686.094,59.89475354681757,1.913443763136564,0.0013570261105382,0.0283404555299767,9.0,1.8132993337127028,1.0682129610341524,94,84
B0029,14,6,43,1678.563,59.58813236464061,1.9392366668780088,0.0013411443414076,0.0281413211997284,1.0,1.8151647619660576,1.0693118830935529,94,80
B0029,16,7,43,1677.469,59.81336613073259,1.926680416628282,0.0013561123556801,0.0281413211997284,3.0,1.8143317955190057,1.0688211833297,94,78
B0029,18,8,43,1666.093,59.75433532594285,1.89070792341858,0.001386959654054,0.0281413211997284,5.0,1.801343601809866,1.0611698504236662,94,76
B0029,20,9,43,1654.328,59.7737242563152,1.93249158993614,0.0013717434448969,0.0281413211997284,7.0,1.7881558802945825,1.053400975871503,94,74
B0029,22,10,43,1643.812,59.80010734859943,1.9713665258317916,0.0013566467743901,0.0281413211997284,9.0,1.7760714604539518,1.0462820553158387,94,72
B0029,26,11,43,1652.266,59.92418745751934,1.852379628685352,0.0014170276906658,0.0288621768903095,1.0,1.7852807447597443,1.051707236186089,94,68
B0029,28,12,43,1648.672,60.120904895462246,1.8385968486453488,0.0014324581048739,0.0288621768903095,3.0,1.7698116401111978,1.042594400939336,94,66
B0029,30,13,43,1636.969,60.15908336784943,1.8332269197665616,0.0014460500545087,0.0288621768903095,5.0,1.7565231680521758,1.0347661743350038,94,64
B0029,32,14,43,1625.187,60.0330623550184,1.8809955356138472,0.0014268720081627,0.0288621768903095,7.0,1.7543413277348154,1.0334808542212313,94,62
B0029,34,15,43,1622.016,60.155675284547456,1.800038174333754,0.001479488735085,0.0288621768903095,9.0,1.7392875506998715,1.0246126880876671,94,60
B0029,38,16,43,1638.422,59.70826330240836,1.9415928705254093,0.0013700966436061,0.0282937539623187,1.0,1.7797845109331345,1.0484694099202856,94,56
B0029,40,17,43,1646.438,59.826072535975634,1.972461938837724,0.001353417376717,0.0282937539623187,3.0,1.7657088508465202,1.0401774515766806,94,54
B0029,42,18,43,1634.765,59.97193555147316,1.9166086737918733,0.001397421297131,0.0282937539623187,5.0,1.7523941408724169,1.0323337682408318,94,52
B0029,44,19,43,1622.016,59.90509096707212,1.941628602033569,0.001392565645591,0.0282937539623187,7.0,1.7380191225603103,1.0238654582433562,94,50
B0029,46,20,43,1616.25,60.003884509148,1.8754484122099284,0.0014385943027773,0.0282937539623187,9.0,1.7312214443143976,1.01986095227337,94,48
B0029,50,21,43,1622.218,60.25771781052726,1.8380927294124036,0.001452712782424,0.0279994846267451,1.0,1.7379128985265808,1.0238028817632936,94,44
B0029,52,22,43,1619.656,59.90492726798961,1.999771637867575,0.0013588607436632,0.0279994846267451,3.0,1.7224270683625882,1.0146801935308545,94,42
B0029,54,23,43,1605.484,60.33243416075105,1.8317514112942035,0.0014755929278597,0.0279994846267451,5.0,1.7184213765608034,1.0123204441938194,94,40
B0029,56,24,43,1600.75,59.98669670538192,1.9739559216587697,0.0013906902211896,0.0279994846267451,7.0,1.7010220930648232,1.0020705423725582,94,38
B0029,58,25,43,1595.0,59.99528714045464,1.9069490533352145,0.0014378958285803,0.0279994846267451,9.0,1.693698739563104,0.9977563615953812,94,36
B0029,62,26,43,1612.422,59.98821696841703,1.9996278665665836,0.0013605770762732,0.0281542783809788,1.0,1.713072721286705,1.009169556316859,94,32
B0029,64,27,43,1598.969,60.01985635641876,1.9297361391600047,0.0014200962809791,0.0281542783809788,3.0,1.6976972688567131,1.000111891505472,94,30
B0029,66,28,43,1592.187,60.26410091872941,1.811689567857529,0.0015002390223029,0.0281542783809788,5.0,1.6899314034061208,0.9955370273483308,94,28
B0029,68,29,43,1577.484,59.92046248220958,1.9610731754377528,0.0014194766621634,0.0281542783809788,7.0,1.685023551367069,0.9926458162495992,94,26
B0029,70,30,43,1571.547,59.887692512983016,1.9482718394124845,0.0014330327884991,0.0281542783809788,9.0,1.678389965463405,0.988737976926723,94,24
B0029,74,31,43,1578.484,60.158935395611046,1.867494399191276,0.0014750515732316,0.0276450150366069,1.0,1.6737947494868326,0.9860309394433556,94,20
B0029,76,32,43,1574.469,60.04748235788095,1.926783206032701,0.0014438748999632,0.0276450150366069,3.0,1.6687898927884717,0.9830825829895088,94,18
B0029,78,33,43,1568.281,60.167863371476415,1.869562035017659,0.001486112189483,0.0276450150366069,5.0,1.6492566306631429,0.9715755563306328,94,16
B0029,80,34,43,1561.422,60.09738415148209,1.8881277069953315,0.0014806337803087,0.0276450150366069,7.0,1.6409676757039668,0.966692540627599,94,14
B0029,82,35,43,1554.234,60.02940147619038,1.9264548202409049,0.0014631579962698,0.0276450150366069,9.0,1.6456360229757092,0.969442659689339,94,12
B0029,86,36,43,1573.734,60.33090148423857,1.8497742851139864,0.0014895922723786,0.0282563620387149,1.0,1.654547743574037,0.9746925460546296,94,8
B0029,88,37,43,1566.578,59.88870262903497,1.988399313722457,0.0014116170714321,0.0282563620387149,3.0,1.6461201520877546,0.9697278597016512,94,6
B0029,90,38,43,1550.047,60.13011665786984,1.8822716064606957,0.001495047291809,0.0282563620387149,5.0,1.6275119188151763,0.9587657666847108,94,4
B0029,92,39,43,1543.64,60.20528139553767,1.8693019781355495,0.0015099357979067,0.0282563620387149,7.0,1.6200530533464497,0.9543717559330548,94,2
B0029,94,40,43,1536.781,60.24494659507955,1.8433554303146655,0.0015335465508255,0.0282563620387149,9.0,1.612079811711934,0.9496747266576908,94,0
B0030,2,1,43,1572.359,61.11438949471705,2.1274170450668684,0.0012680381639593,0.0634181796172026,1.0,1.6560706096175404,1.0,94,92
B0030,4,2,43,1723.281,61.9990871891876,2.1401060472348874,0.0011904416644579,0.0634181796172026,3.0,1.7815548749509116,1.0757722917154788,94,90
B0030,6,3,43,1705.906,61.89071493502735,2.1657237815883463,0.0011873990292335,0.0634181796172026,5.0,1.761969227822918,1.0639457143858342,94,88
B0030,8,4,43,1697.688,62.214205409958005,2.095376108282347,0.001234699309932,0.0634181796172026,7.0,1.751755031874225,1.0577779846469122,94,86
B0030,10,5,43,1686.094,62.31179793095802,2.12524665517798,0.0012254118582074,0.0634181796172026,9.0,1.7381688070362076,1.0495740923979249,94,84
B0030,14,6,43,1678.563,62.29994268441351,2.0759632130565406,0.0012540329225247,0.0642756638388581,1.0,1.750674529346134,1.0571255350944495,94,80
B0030,16,7,43,1677.469,62.48134926186261,2.0440070679316857,0.0012801487927635,0.0642756638388581,3.0,1.7491047649061158,1.0561776501245084,94,78
B0030,18,8,43,1666.093,62.158212651524295,2.173948548947525,0.0012110551081744,0.0642756638388581,5.0,1.7252544028765475,1.041775871667081,94,76
B0030,20,9,43,1654.328,62.11029841216025,2.1712631392036204,0.0012212799403671,0.0642756638388581,7.0,1.7112621367644252,1.033326795866289,94,74
B0030,22,10,43,1643.812,62.21537292970592,2.1722790601698723,0.0012277797937945,0.0642756638388581,9.0,1.6990418392711273,1.0259477038020202,94,72
B0030,26,11,43,1652.266,62.42078136779365,2.1399140868464497,0.0012377144404287,0.0644534678186044,1.0,1.7185770039532977,1.0377437978626969,94,68
B0030,28,12,43,1648.672,62.42541404009337,2.112329336316492,0.001261049879796,0.0644534678186044,3.0,1.70324722921867,1.0284870822096317,94,66
B0030,30,13,43,1636.969,62.43136471336018,2.1141726056716275,0.0012690755257119,0.0644534678186044,5.0,1.689458044662304,1.0201606349698302,94,64
B0030,32,14,43,1625.187,62.27459158639179,2.1697054636702,0.0012438153687233,0.0644534678186044,7.0,1.6756136292719177,1.01180083719914,94,62
B0030,34,15,43,1622.016,62.57843700986901,2.0502203248956845,0.0013199815932355,0.0644534678186044,9.0,1.6718407140871654,1.0095226039143748,94,60
B0030,38,16,43,1638.422,62.47198799326229,2.056845844411806,0.0012950407874269,0.0637694177887419,1.0,1.7233056681204446,1.0405991496452145,94,56
B0030,40,17,43,1646.438,62.67828739920007,2.002654873353824,0.0013287030941975,0.0637694177887419,3.0,1.709207290507283,1.032085999583082,94,54
B0030,42,18,43,1634.765,62.48426799373123,2.098247338071892,0.0012791191722786,0.0637694177887419,5.0,1.684001734344571,1.0168659020725457,94,52
B0030,44,19,43,1622.016,62.520660259063135,2.095250035916422,0.0012910393269304,0.0637694177887419,7.0,1.66898698813004,1.0077994129220629,94,50
B0030,46,20,43,1616.25,62.83792318174592,1.965222517702767,0.0013752446424124,0.0637694177887419,9.0,1.6620689362837142,1.0036220235002895,94,48
B0030,50,21,43,1622.218,62.47596510401283,2.1649300939348857,0.0012443108135899,0.0652991544909577,1.0,1.6687049625248174,1.00762911486618,94,44
B0030,52,22,43,1619.656,62.54340291733675,2.1107101939003567,0.0012831805747993,0.0652991544909577,3.0,1.652762183550463,0.9980022433537168,94,42
B0030,54,23,43,1605.484,62.54253781933885,2.154272422860638,0.0012668677284224,0.0652991544909577,5.0,1.648481366235244,0.9954173189607844,94,40
B0030,56,24,43,1600.75,62.63316972633199,2.056878607135279,0.0013319169071671,0.0652991544909577,7.0,1.6307406443132095,0.9847047793993636,94,38
B0030,58,25,43,1595.0,62.63885708285674,2.0619330487714467,0.0013340369528316,0.0652991544909577,9.0,1.62323023017929,0.9801696985336666,94,36
B0030,62,26,43,1612.422,62.50972828784737,2.182829076635093,0.0012399313077362,0.0643292793710963,1.0,1.654190654039439,0.9988648095273334,94,32
B0030,64,27,43,1598.969,62.41430430344205,2.152270345667462,0.0012741138024921,0.0643292793710963,3.0,1.638514396616985,0.9893988741188942,94,30
B0030,66,28,43,1592.187,62.71706660837061,1.98536642488698,0.0013838870798971,0.0643292793710963,5.0,1.618847673357618,0.9775233398601774,94,28
B0030,68,29,43,1577.484,62.554566036297686,2.085108474542319,0.0013326637695795,0.0643292793710963,7.0,1.6134212267751404,0.9742466398505498,94,26
B0030,70,30,43,1571.547,62.48691429447336,2.1156809695843,0.0013191860997477,0.0643292793710963,9.0,1.6066443601761986,0.970154503585595,94,24
B0030,74,31,43,1578.484,62.59235284434121,2.08588060415804,0.0013295389761471,0.0650592507691955,1.0,1.6138387876938998,0.9744987794129176,94,20
B0030,76,32,43,1574.469,62.84622214879507,1.9452863886536,0.0014247623019126,0.0650592507691955,3.0,1.596329501327274,0.9639259896629268,94,18
B0030,78,33,43,1568.281,63.0242156686281,1.916660490161616,0.0014484266781502,0.0650592507691955,5.0,1.589078586740699,0.9595476047411328,94,16
B0030,80,34,43,1561.422,63.00027240816272,1.927250989755404,0.0014477142653748,0.0650592507691955,7.0,1.5805481432309574,0.9543965903700058,94,14
B0030,82,35,43,1554.234,62.80130766887856,2.051939170845275,0.0013755250356257,0.0650592507691955,9.0,1.584613105427081,0.9568511730263952,94,12
B0030,86,36,43,1573.734,62.737405296482684,2.0447593292567268,0.0013588524921904,0.0646845036378087,1.0,1.5936651221220737,0.9623171336215676,94,8
B0030,88,37,43,1566.578,62.57852749153667,2.1123670299751245,0.0013244229398264,0.0646845036378087,3.0,1.5849874126960888,0.9570771943486952,94,6
B0030,90,38,43,1550.047,62.84908045214772,2.029028311417829,0.0013929130514559,0.0646845036378087,5.0,1.5787064969416462,0.9532845325394906,94,4
B0030,92,39,43,1543.64,62.7284644620379,2.0574175231777425,0.001380683245754,0.0646845036378087,7.0,1.570705516096967,0.9484532283679088,94,2
B0030,94,40,43,1536.781,62.69299470731855,2.068863283525511,0.0013794291850328,0.0646845036378087,9.0,1.562780404428482,0.9436677369628562,94,0
B0031,2,1,43,1572.359,60.84632469517393,2.4944372580491163,0.0010316502089585,0.0401245199497282,1.0,1.6666751942525773,1.0,94,92
B0031,4,2,43,1723.281,61.81769411336386,2.470379105199965,0.0010074502777939,0.0401245199497282,3.0,1.8328583629543171,1.099709391052805,94,90
B0031,6,3,43,1705.906,61.82805706187581,2.432998201540817,0.0010396495769438,0.0401245199497282,5.0,1.8139835002945135,1.088384531401151,94,88
B0031,8,4,43,1697.688,61.95644236061217,2.455290559392926,0.0010316065977472,0.0401245199497282,7.0,1.8044387333514835,1.0826577005369582,94,86
B0031,10,5,43,1686.094,62.099570509363424,2.379788594335936,0.0010835498359626,0.0401245199497282,9.0,1.802147684291295,1.0812830781341716,94,84
B0031,14,6,43,1678.563,62.03750729435005,2.3704531055353044,0.0010735403998862,0.0407187291433026,1.0,1.7715647509798835,1.062933412034337,94,80
B0031,16,7,43,1677.469,61.84294867967338,2.479852487101495,0.0010294607660415,0.0407187291433026,3.0,1.8139928165779544,1.0883901211426152,94,78
B0031,18,8,43,1666.093,61.8379476525885,2.4765516954388933,0.0010385124781002,0.0407187291433026,5.0,1.8013261041198854,1.0807901325535072,94,76
B0031,20,9,43,1654.328,61.84646585876763,2.359674470455269,0.0011166335518815,0.0407187291433026,7.0,1.7883722583933568,1.0730178648847983,94,74
B0031,22,10,43,1643.812,61.76013798618494,2.4195090802038206,0.0010873040723854,0.0407187291433026,9.0,1.776540165737316,1.065918645614695,94,72
B0031,26,11,43,1652.266,61.91960614794014,2.3489668209281325,0.0011166362654737,0.0406992188064198,1.0,1.7856209131823229,1.0713670662045744,94,68
B0031,28,12,43,1648.672,61.86471031425517,2.399709439291441,0.0010960009739375,0.0406992188064198,3.0,1.781363403668594,1.0688125735665304,94,66
B0031,30,13,43,1636.969,61.77393480386064,2.4168059304515817,0.0010937242017792,0.0406992188064198,5.0,1.768489838397124,1.0610884739244024,94,64
B0031,32,14,43,1625.187,61.64539051089847,2.471072287476068,0.0010681272165676,0.0406992188064198,7.0,1.766505238291406,1.0598977199535256,94,62
B0031,34,15,43,1622.016,61.88870329111738,2.404447263605832,0.0011111511960093,0.0406992188064198,9.0,1.751740527921767,1.0510389390581514,94,60
B0031,38,16,43,1638.422,61.98674236534618,2.405938768821008,0.0010760609995019,0.0405054986733422,1.0,1.7352349314055016,1.041135631819174,94,56
B0031,40,17,43,1646.438,61.73655452780071,2.386904670931757,0.00110561259979,0.0405054986733422,3.0,1.7782778274549178,1.066961237310782,94,54
B0031,42,18,43,1634.765,61.82230520583519,2.365034266156857,0.0011269320008153,0.0405054986733422,5.0,1.7649894859707391,1.0589882732143567,94,52
B0031,44,19,43,1622.016,61.70265737807168,2.4186775515647607,0.001102748835074,0.0405054986733422,7.0,1.762591283533551,1.057549359114322,94,50
B0031,46,20,43,1616.25,61.83339482415222,2.360775838409723,0.0011420827324549,0.0405054986733422,9.0,1.744314576121582,1.0465833907750828,94,48
B0031,50,21,43,1622.218,61.71886225058171,2.4505597087782616,0.0010775934500578,0.0406114182602961,1.0,1.7628373753518478,1.057697013449819,94,44
B0031,52,22,43,1619.656,61.9456150656118,2.3428829070219703,0.0011511492008868,0.0406114182602961,3.0,1.747857930947971,1.0487093927931173,94,42
B0031,54,23,43,1605.484,61.68681561807962,2.411955819284382,0.0011182249889793,0.0406114182602961,5.0,1.7441167338864991,1.046464686041392,94,40
B0031,56,24,43,1600.75,61.72142337926525,2.3413222526109294,0.0011655956496293,0.0406114182602961,7.0,1.7268422932817389,1.036100074709604,94,38
B0031,58,25,43,1595.0,61.922368397426354,2.328244465576847,0.0011780394319522,0.0406114182602961,9.0,1.7203093493042263,1.0321803283786806,94,36
B0031,62,26,43,1612.422,61.87504931919781,2.318164845471509,0.0011646953420751,0.0417265396435138,1.0,1.7394245516699778,1.043649391116081,94,32
B0031,64,27,43,1598.969,61.49120341342234,2.4548236850102603,0.0010957827054189,0.0417265396435138,3.0,1.7367384416372014,1.042037733342545,94,30
B0031,66,28,43,1592.187,61.70751319442212,2.3584309858697914,0.0011612589399978,0.0417265396435138,5.0,1.716963468448543,1.030172810136841,94,28
B0031,68,29,43,1577.484,61.49432037699378,2.4660401403368404,0.0011035302794045,0.0417265396435138,7.0,1.7127773558366357,1.0276611554207076,94,26
B0031,70,30,43,1571.547,61.505904797603456,2.442554361335084,0.0011227914079076,0.0417265396435138,9.0,1.7061083466554066,1.0236597703852628,94,24
B0031,74,31,43,1578.484,61.58650298757853,2.455972935605985,0.0011063243660218,0.0407109362186436,1.0,1.713732696207521,1.0282343567104248,94,20
B0031,76,32,43,1574.469,61.66803036509911,2.3451886335989784,0.0011823803783791,0.0407109362186436,3.0,1.7093475797926974,1.025603300323466,94,18
B0031,78,33,43,1568.281,61.83745125268187,2.3048157078228537,0.0012129951133136,0.0407109362186436,5.0,1.690100045411559,1.0140548387830817,94,16
B0031,80,34,43,1561.422,61.7791359328034,2.327904771892418,0.0012034628517673,0.0407109362186436,7.0,1.6946883343387664,1.0168077980537484,94,14
B0031,82,35,43,1554.234,61.63755727730526,2.3672431402232186,0.0011836858891012,0.0407109362186436,9.0,1.687010991299212,1.012201415798808,94,12
B0031,86,36,43,1573.734,61.76541153453152,2.32931910043758,0.0011878900589764,0.0407936340944221,1.0,1.6957069027070075,1.0174189359477743,94,8
B0031,88,37,43,1566.578,61.71412204720752,2.313616978242905,0.001208551265363,0.0407936340944221,3.0,1.687696889615565,1.01261295268297,94,6
B0031,90,38,43,1550.047,61.46370523914892,2.464103908062826,0.0011241872484818,0.0407936340944221,5.0,1.6819617127259294,1.0091718641556957,94,4
B0031,92,39,43,1543.64,61.45868723262231,2.450218643464606,0.0011380353024001,0.0407936340944221,7.0,1.6750033888978846,1.0049968912203329,94,2
B0031,94,40,43,1536.781,61.44540062417477,2.4650879684691613,0.0011335440973025,0.0407936340944221,9.0,1.6672987794846676,1.0003741492249003,94,0
B0032,2,1,43,1572.359,59.47600707924567,2.62709691854036,0.0009284897555369,0.0706645161013223,1.0,1.704864107351214,1.0,94,92
B0032,4,2,43,1723.281,60.121290886265,2.6672646952717707,0.0008823750692128,0.0706645161013223,3.0,1.8940319526948568,1.1109577265002937,94,90
B0032,6,3,43,1705.906,60.28987126771494,2.653980741191812,0.0008990651976567,0.0706645161013223,5.0,1.8747686491853093,1.0996587007149037,94,88
B0032,8,4,43,1697.688,60.57061862772471,2.614778884516638,0.0009266589309882,0.0706645161013223,7.0,1.8654947184112376,1.0942190115724764,94,86
B0032,10,5,43,1686.094,60.44487262242978,2.611753951946988,0.0009347541231823,0.0706645161013223,9.0,1.8527398169018068,1.0867375346298669,94,84
B0032,14,6,43,1678.563,60.80514996345169,2.6899647104301128,0.0008856478744762,0.0697605949327327,1.0,1.844174397003866,1.081713427511295,94,80
B0032,16,7,43,1677.469,60.79131486140098,2.6352220172441965,0.0009254988392142,0.0697605949327327,3.0,1.8430238477512757,1.081038564777292,94,78
B0032,18,8,43,1666.093,60.82453443905106,2.616116680441599,0.0009431896083203,0.0697605949327327,5.0,1.8302818174911863,1.0735646375562622,94,76
B0032,20,9,43,1654.328,60.93844327722512,2.637757551280405,0.0009369710455842,0.0697605949327327,7.0,1.8173838456081812,1.065999241682544,94,74
B0032,22,10,43,1643.812,61.056928797496845,2.6425811435343314,0.0009400712102588,0.0697605949327327,9.0,1.805799298110468,1.059204244094313,94,72
B0032,26,11,43,1652.266,61.26264235870029,2.6868552360676885,0.0009039552200158,0.0708764987737107,1.0,1.8149829605049184,1.0645909856855351,94,68
B0032,28,12,43,1648.672,61.30909593373104,2.6740516269543457,0.0009179410280615,0.0708764987737107,3.0,1.7995150369321795,1.0555181666226885,94,66
B0032,30,13,43,1636.969,61.35860964032413,2.6712280977184064,0.0009262483500802,0.0708764987737107,5.0,1.7866516942518147,1.0479730827506664,94,64
B0032,32,14,43,1625.187,61.48218876912336,2.6834486699239664,0.000925458160247,0.0708764987737107,7.0,1.7735550719416031,1.040291167075546,94,62
B0032,34,15,43,1622.016,61.55806089309812,2.670098200587867,0.0009354618427996,0.0708764987737107,9.0,1.769995333364443,1.0382031774452811,94,60
B0032,38,16,43,1638.422,61.75555924618304,2.6512994484308834,0.0009295390581666,0.0707455120034817,1.0,1.799526080374287,1.0555246442311148,94,56
B0032,40,17,43,1646.438,61.788148736083365,2.625703438629486,0.0009482027229682,0.0707455120034817,3.0,1.7968530684449833,1.0539567703356072,94,54
B0032,42,18,43,1634.765,62.026796878552666,2.6363985091733704,0.0009486645321935,0.0707455120034817,5.0,1.7838265504081745,1.0463159748137592,94,52
B0032,44,19,43,1622.016,62.05922080379437,2.6091385279000474,0.0009729929735115,0.0707455120034817,7.0,1.7696444491040102,1.0379973638212392,94,50
B0032,46,20,43,1616.25,61.81678431928173,2.6928273258727597,0.0009247523482268,0.0707455120034817,9.0,1.7512940457049684,1.0272338059987027,94,48
B0032,50,21,43,1622.218,62.13034562682843,2.6580053475407666,0.0009384183762481,0.0713326264254028,1.0,1.7697554297961993,1.0380624603246558,94,44
B0032,52,22,43,1619.656,62.20855323363066,2.622656733898926,0.0009660213096929,0.0713326264254028,3.0,1.7547726933914918,1.0292742311982972,94,42
B0032,54,23,43,1605.484,62.27936068413306,2.6579673401898325,0.0009523010771736,0.0713326264254028,5.0,1.7389166355812984,1.0199737492761172,94,40
B0032,56,24,43,1600.75,62.40536913200032,2.62449780009349,0.0009763368086518,0.0713326264254028,7.0,1.7337200518764075,1.0169256566554306,94,38
B0032,58,25,43,1595.0,62.21600779378832,2.6693549937573904,0.0009516089871711,0.0713326264254028,9.0,1.7150972597500092,1.006002327314342,94,36
B0032,62,26,43,1612.422,62.6157960112704,2.6245992054256915,0.0009643159646495,0.0717615198628267,1.0,1.7462926148815636,1.0243001816694444,94,32
B0032,64,27,43,1598.969,62.26360588854172,2.682984874071112,0.0009406512132274,0.0717615198628267,3.0,1.719149261914565,1.0083790576045064,94,30
B0032,66,28,43,1592.187,62.42580063958537,2.6671246169170018,0.0009545812152179,0.0717615198628267,5.0,1.711582246191498,1.0039405714574647,94,28
B0032,68,29,43,1577.484,62.5594040849182,2.6334454972272856,0.0009849333746586,0.0717615198628267,7.0,1.69510511952259,0.9942757972400592,94,26
B0032,70,30,43,1571.547,62.582629376324434,2.6133538721871226,0.0010014149137162,0.0717615198628267,9.0,1.7005124371100973,0.9974474972976716,94,24
B0032,74,31,43,1578.484,62.57090441669303,2.647938106735209,0.000971766560674,0.0713737958044209,1.0,1.7080989351250158,1.0018974109196468,94,20
B0032,76,32,43,1574.469,62.42898686923908,2.6715941703662405,0.0009624289241045,0.0713737958044209,3.0,1.691435430587127,0.9921233154559452,94,18
B0032,78,33,43,1568.281,62.43152363917722,2.646261496806368,0.0009823651213987,0.0713737958044209,5.0,1.6844494328889932,0.98802562950666,94,16
B0032,80,34,43,1561.422,62.5729328576623,2.6718636231921065,0.0009703319537609,0.0713737958044209,7.0,1.664037581688075,0.9760529150170394,94,14
B0032,82,35,43,1554.234,62.57967644827836,2.6372752376377897,0.0009969684734848,0.0713737958044209,9.0,1.6686372014231974,0.9787508542341824,94,12
B0032,86,36,43,1573.734,62.96996562520999,2.6027515790201994,0.0010027871488506,0.0721461617558402,1.0,1.6899344075625968,0.9912428798728052,94,8
B0032,88,37,43,1566.578,62.75574288944966,2.634449644633184,0.000990967060914,0.0721461617558402,3.0,1.669431712846442,0.9792168804821506,94,6
B0032,90,38,43,1550.047,62.70443033939053,2.612265282912701,0.0010156890569643,0.0721461617558402,5.0,1.6634226761839213,0.975692237880661,94,4
B0032,92,39,43,1543.64,62.46020747529598,2.6874948249577777,0.0009713256481247,0.0721461617558402,7.0,1.643615219594737,0.9640740352897472,94,2
B0032,94,40,43,1536.781,62.78975435716677,2.6076358711453813,0.0010275521368331,0.0721461617558402,9.0,1.6358000873538243,0.9594900146588858,94,0
B0033,1,1,24,1819.406,34.973341925251844,1.9848598462488805,0.0009301712893222,0.1029842008945974,0.0,0.0684257224060181,1.0,483,482
B0033,5,2,24,3260.531,47.876225604831575,1.9816234331870684,0.0006776449972949,0.1029842008945974,1.0,0.6895699007862814,10.077641514613122,483,478
B0033,7,3,24,3265.75,53.521374145800095,1.287217552704193,0.0008911924271304,0.1029842008945974,3.0,1.1610848192311252,16.968543091757063,483,476
B0033,9,4,24,3264.109,53.59969491765948,1.92499373482904,0.0006969199485392,0.1029842008945974,5.0,1.2529393053824995,18.310940116173363,483,474
B0033,11,5,24,3253.531,53.81770081109488,1.948018740022197,0.0006923393857972,0.1029842008945974,7.0,1.302918002447558,19.04134814560562,483,472
B0033,13,6,24,3242.578,53.57104302015468,1.891347070952385,0.0007122100792276,0.1029842008945974,9.0,1.3218773211472523,19.318426969665317,483,470
B0033,17,7,24,3234.625,54.60856796915766,1.1932458808760276,0.0009288035099189,0.1127111810781862,1.0,1.2884694418301417,18.83019128661504,483,466
B0033,19,8,24,3235.36,54.19146373008866,1.91705151743623,0.0007057795571462,0.1127111810781862,3.0,1.713169326386719,25.036919832885005,483,464
B0033,21,9,24,3236.125,52.93433121063188,1.9084502918482384,0.0007078869398507,0.1127111810781862,5.0,1.6560966776720512,24.20283804744158,483,462
B0033,23,10,24,3230.25,52.5032036116964,1.9529802665635712,0.0006957582117455,0.1127111810781862,7.0,1.6197297341990775,23.67135745514059,483,460
B0033,25,11,24,3226.078,52.17652816361563,1.9889951350881316,0.0006855618146719,0.1127111810781862,9.0,1.604655812282729,23.45106132400288,483,458
B0033,29,12,24,3224.5,52.04937847239831,1.9634548720089504,0.0006924126342197,0.0886034476771538,1.0,1.6255699769029337,23.756709023213222,483,454
B0033,31,13,24,3222.188,51.73549267436528,1.9596564991730565,0.0006955148552126,0.0886034476771538,3.0,1.5900967306245992,23.238289267732284,483,452
B0033,33,14,24,3216.546000000002,51.66117418178819,1.9224375381620544,0.0007080718823,0.0886034476771538,5.0,1.5739402299623984,23.0021719116548,483,450
B0033,35,15,24,3211.859,51.20270858784091,1.9701535031712945,0.0006939421841903,0.0886034476771538,7.0,1.5711303351557309,22.96110702102793,483,448
B0033,37,16,24,3215.859,51.54633126076106,1.9056198246248632,0.0007135794376416,0.0886034476771538,9.0,1.5897706153457416,23.23352329278324,483,446
B0033,41,17,24,3225.125,51.68734548388082,1.9194841380159544,0.0007047675438794,0.0781380080118915,1.0,1.6257378771074,23.75916278180813,483,442
B0033,43,18,24,3234.343,51.806645557310055,1.8976584375642789,0.0007123915699699,0.0781380080118915,3.0,1.6523506333962537,24.148091906018777,483,440
B0033,45,19,24,3218.25,51.0135246257672,1.9491950772703672,0.0006997495306069,0.0781380080118915,5.0,1.6143816761595386,23.593198864314104,483,438
B0033,47,20,24,3203.5,50.612625791907234,1.984512151427813,0.000692057353363,0.0781380080118915,7.0,1.58697453394504,23.192660276619367,483,436
B0033,49,21,24,3194.39,50.4762319652216,1.9563552671465751,0.0007029296404807,0.0781380080118915,9.0,1.5818355572787333,23.11755728193246,483,434
B0033,53,22,24,3225.219,52.80944186421341,1.9541530671990093,0.0006895066636912,0.0767471487132981,1.0,1.6919769406371152,24.727206102369248,483,430
B0033,57,23,24,3252.985,52.001298745862094,1.9044972660711088,0.0007047301162493,0.0779538361922111,1.0,1.6879483800354476,24.668331157976795,483,426
B0033,59,24,24,3245.25,51.65598739515965,1.874834635726596,0.0007166055791686,0.0779538361922111,3.0,1.6586223007531458,24.239748481007897,483,424
B0033,61,25,24,3235.031,51.50939532095622,1.897981208291145,0.0007116271293537,0.0779538361922111,5.0,1.6420179032789863,23.997085387505813,483,422
B0033,63,26,24,3228.141,51.25839715822789,1.991339490634848,0.000684095679346,0.0779538361922111,7.0,1.6381810791118745,23.941012553603592,483,420
B0033,65,27,24,3217.875,51.77188968997154,1.8710207024150525,0.0007235979997867,0.0779538361922111,9.0,1.6422892507912386,24.00105096510896,483,418
B0033,69,28,24,3220.219,51.73759469619592,1.9449657495126544,0.0006992661614842,0.0778722131432379,1.0,1.651270876264092,24.13231191723393,483,414
B0033,71,29,24,3210.234,51.61243426951156,1.907571146047148,0.0007139679036926,0.0778722131432379,3.0,1.6326559297917211,23.860265882236813,483,412
B0033,73,30,24,3210.546,51.546238399221565,1.853794752061886,0.0007306390502998,0.0778722131432379,5.0,1.6260888111680731,23.764291468043847,483,410
B0033,75,31,24,3200.969,51.03143629880169,1.973807027309784,0.0006953202433637,0.0778722131432379,7.0,1.6079292963823688,23.49890128804763,483,408
B0033,77,32,24,3188.625,51.41437811978397,1.8729343749213587,0.0007295643006631,0.0778722131432379,9.0,1.6125361114907395,23.566227067686977,483,406
B0033,81,33,24,3191.735,51.44638168113912,1.973162822681108,0.0006964875144335,0.0761301560017276,1.0,1.6218384168987892,23.702174560544307,483,402
B0033,83,34,24,3190.313,51.30248392082844,1.9801558945564504,0.0006956163849768,0.0761301560017276,3.0,1.6145443029101134,23.595575554612083,483,400
B0033,85,35,24,3182.156,51.29496206472584,1.8983018980313588,0.0007231074190731,0.0761301560017276,5.0,1.5953958917107596,23.3157332595504,483,398
B0033,87,36,24,3180.156,51.186634675664926,1.943860439855496,0.0007092454278996,0.0761301560017276,7.0,1.5877243027113055,23.203617687661616,483,396
B0033,89,37,24,3171.953,51.18261676158976,1.9632916036547936,0.000704754562959,0.0761301560017276,9.0,1.5811840578305605,23.108036016752287,483,394
B0033,93,38,24,3192.172,52.16803502599322,1.966790843925578,0.0006985424424924,0.0770653853843182,1.0,1.6128422608267754,23.570701252617308,483,390
B0033,95,39,24,3194.735,52.74767841756611,1.9197120509411163,0.0007135076285836,0.0770653853843182,3.0,1.61998606328022,23.67510354757673,483,388
B0033,97,40,24,3178.75,52.43795613968632,1.90479520665137,0.0007218474484868,0.0770653853843182,5.0,1.6099381853611876,23.528259969376546,483,386
B0033,99,41,24,3165.359,51.81197793605918,1.9002006601986487,0.0007263159117494,0.0770653853843182,7.0,1.577097753956516,23.04831718982054,483,384
B0033,101,42,24,3155.25,51.73653410504897,1.851172103937757,0.0007442234423186,0.0770653853843182,9.0,1.5708599066554392,22.9571548742214,483,382
B0033,105,43,24,3173.766,52.54160752520686,1.9532771236637267,0.0007035844298874,0.0751833989430717,1.0,1.6261581345348248,23.76530458656586,483,378
B0033,109,44,24,3199.485,53.32326193954195,1.8536215036991408,0.0007322646990484,0.0781355937086987,1.0,1.6348129972245726,23.89179010086401,483,374
B0033,111,45,24,3196.015,52.66626648084271,1.8889976705304932,0.000722871006892,0.0781355937086987,3.0,1.611705363734261,23.554086198328687,483,372
B0033,113,46,24,3595.281,55.391416850220025,1.9693514891283213,0.0006474903995462,0.0781355937086987,5.0,1.8851401699720665,27.550168323926474,483,370
B0033,117,47,24,3198.0,52.73529025292928,1.9935504677327176,0.0006888332910472,0.077553713664608,1.0,1.6584957887780232,24.23789958602113,483,366
B0033,119,48,24,3183.516,52.530629852108135,1.9102322543360104,0.0007188809959151,0.077553713664608,3.0,1.62418934644937,23.73653195521865,483,364
B0033,121,49,24,3183.797,52.2186933985822,1.9518631378335147,0.0007058932027489,0.077553713664608,5.0,1.604172098856364,23.443992148708038,483,362
B0033,123,50,24,3191.516,52.72731536294026,1.8963514295309496,0.0007214356170021,0.077553713664608,7.0,1.6080016740907346,23.49995904390056,483,360
B0033,125,51,24,3189.985,53.20573413452146,1.8979233738345112,0.0007214000342125,0.077553713664608,9.0,1.6256752138435595,23.758246996608683,483,358
B0033,129,52,24,3189.734,53.164414772235126,1.9266531976002357,0.0007115545081999,0.0787984673128961,1.0,1.617632765910718,23.640711548679903,483,354
B0033,131,53,24,3176.016,52.600411784093296,1.939997570224548,0.0007112730642903,0.0787984673128961,3.0,1.5973191489094265,23.343840484889647,483,352
B0033,133,54,24,3171.36,52.46865748904612,1.9585672641473333,0.0007062879779711,0.0787984673128961,5.0,1.5875852250170606,23.20158515239045,483,350
B0033,135,55,24,3170.843,52.40979732740365,1.9572832344435456,0.0007069160690875,0.0787984673128961,7.0,1.5802530015403684,23.0944291996453,483,348
B0033,137,56,24,3164.672,52.83404254463567,1.916168037790613,0.0007212451516085,0.0787984673128961,9.0,1.583036530487776,23.13510876939673,483,346
B0033,141,57,24,3177.453,53.60145197534956,1.9463675093023411,0.0007077676068385,0.0801135907027095,1.0,1.6027138832797037,23.42268122168548,483,342
B0033,143,58,24,3172.375,53.25152711755672,1.978054954648292,0.0006999937901578,0.0801135907027095,3.0,1.5930709154513834,23.281755156322195,483,340
B0033,145,59,24,3158.406,52.64070518740206,1.905966283713238,0.000725725728628,0.0801135907027095,5.0,1.5448888685020246,22.57760406729955,483,338
B0033,147,60,24,3141.578,52.51312011499367,1.90750106961619,0.000729244292983,0.0801135907027095,7.0,1.5352188565640517,22.43628276884699,483,336
B0033,149,61,24,3138.187,52.3982280962388,1.9292976600569,0.0007230756920735,0.0801135907027095,9.0,1.5252677314227332,22.290853173200613,483,334
B0033,153,62,24,3157.969,53.455944890050766,1.8981581536679577,0.0007274244610882,0.0802157241761475,1.0,1.5559492005453626,22.7392440420697,483,330
B0033,155,63,24,3159.281,54.15574298880717,1.888436111770808,0.000731215965688,0.0802157241761475,3.0,1.564802943842715,22.868636074569064,483,328
B0033,157,64,24,3150.375,53.69393683990001,1.8935389971250935,0.000731644114355,0.0802157241761475,5.0,1.5518620461881203,22.67951278584722,483,326
B0033,159,65,24,3134.078,52.91956948214362,1.904031637069275,0.0007320176791594,0.0802157241761475,7.0,1.5144550545105004,22.132832526402417,483,324
B0033,161,66,24,3129.797,52.77330169161603,1.9196175823544368,0.000727934208989,0.0802157241761475,9.0,1.5051936202146428,21.997482339802957,483,322
B0033,165,67,24,3161.89,53.75237854927132,1.852348915398631,0.0007365155952891,0.078896432714675,1.0,1.605823969917045,23.46813323195271,483,318
B0033,169,68,24,3196.859,54.49882525049124,1.8154710749647816,0.0007444866586601,0.0824408213552602,1.0,1.6249005195877049,23.746925314811044,483,314
B0033,171,69,24,3171.906,53.48032268666943,1.9709912361310515,0.0007020335739764,0.0824408213552602,3.0,1.589785130036615,23.233735416095392,483,312
B0033,173,70,24,3160.842999999993,53.19212326974819,1.8937050882323647,0.0007288926407542,0.0824408213552602,5.0,1.5552386152299904,22.72885927314968,483,310
B0033,175,71,24,3147.141,52.91631108720558,1.936708367530743,0.0007184253023793,0.0824408213552602,7.0,1.539756404636803,22.5025962532093,483,308
B0033,177,72,24,3141.203,52.95164787724483,1.898472277042985,0.0007318866229074,0.0824408213552602,9.0,1.5293174002138357,22.35003660084604,483,306
B0033,181,73,24,3151.047,54.15703950174405,1.8471266740226868,0.0007454579218159,0.0839073124416653,1.0,1.547680553576876,22.618402833855296,483,302
B0033,183,74,24,3159.172,54.90254753232506,1.8671703949444944,0.0007373392925909,0.0839073124416653,3.0,1.5659920939439786,22.88601477455864,483,300
B0033,185,75,24,3141.047,53.80008363828377,1.937874589200696,0.0007192913199346,0.0839073124416653,5.0,1.5416252851780503,22.52990879702372,483,298
B0033,187,76,24,3135.0310000000027,53.54505652293522,1.8429746742692776,0.0007508991583536,0.0839073124416653,7.0,1.517590655990168,22.17865742045413,483,296
B0033,189,77,24,3117.984,53.29577183051126,1.8767034375876257,0.0007441415697786,0.0839073124416653,9.0,1.5075202042593092,22.031483939827886,483,294
B0033,193,78,24,3125.328,53.69065218748237,1.823408615215652,0.000759233679988,0.0865552274379426,1.0,1.49549282626034,21.85571118104571,483,290
B0033,195,79,24,3120.172,53.4617189956508,1.914352330463475,0.0007315105311148,0.0865552274379426,3.0,1.4997618811573148,21.91810080218326,483,288
B0033,197,80,24,3116.641,53.31089209854774,1.9242052922699,0.000729082761178,0.0865552274379426,5.0,1.4906966807803954,21.785618454052116,483,286
B0033,199,81,24,3110.844,53.6277468644108,1.846946703906843,0.0007553793006992,0.0865552274379426,7.0,1.4800999425051866,21.63075361810152,483,284
B0033,201,82,24,3101.406,53.311289666668536,1.912127707319289,0.0007366609450076,0.0865552274379426,9.0,1.4676091496100632,21.44820833460408,483,282
B0033,205,83,24,3099.563,53.24781973161767,1.9981993087869525,0.0007084339157573,0.0864069259894296,1.0,1.4729818491920503,21.526727046472512,483,278
B0033,207,84,24,3104.64,53.32567282742489,1.9676969517091,0.0007179793701884,0.0864069259894296,3.0,1.4742872137206404,21.5458041490984,483,276
B0033,209,85,24,3099.875,53.67135316275077,1.8011165493797343,0.0007727509075196,0.0864069259894296,5.0,1.4635162808346138,21.38839356566144,483,274
B0033,211,86,24,3093.25,53.425915759836265,1.935722285136851,0.0007307283342411,0.0864069259894296,7.0,1.4527095680488362,21.230460080916423,483,272
B0033,213,87,24,3086.688,53.80241246385534,1.8530896744385117,0.0007591270663174,0.0864069259894296,9.0,1.4557303847230247,21.27460746537901,483,270
B0033,217,88,24,3094.281,53.538703332548565,1.9965159983729224,0.0007107824826814,0.0887050669767017,1.0,1.459740099618568,21.333206991325564,483,266
B0033,219,89,24,3088.328,53.85443523479271,1.817348554391127,0.000770185661593,0.0887050669767017,3.0,1.448711504158192,21.172030827266447,483,264
B0033,221,90,24,3095.687,54.31271092311757,1.840119681149193,0.000761059178782,0.0887050669767017,5.0,1.4666759762884336,21.434570578380008,483,262
B0033,223,91,24,3102.062,54.71724968436856,1.8717606752777656,0.000749245074125,0.0887050669767017,7.0,1.4689502109504418,21.46780712425838,483,260
B0033,225,92,24,3107.141,55.03279239327084,1.9004154638642283,0.0007388161935587,0.0887050669767017,9.0,1.471116588522042,21.49946740485791,483,258
B0033,229,93,24,3090.719,54.39303449657184,1.795323655635375,0.0007767389160313,0.0898923542583947,1.0,1.4473012364654927,21.15142062918434,483,254
B0033,231,94,24,3069.812,54.05963088053671,1.7802670666869505,0.0007868150285476,0.0898923542583947,3.0,1.4205315547561643,20.760198136121208,483,252
B0033,233,95,24,3064.437,53.59788130809244,1.921681538108464,0.0007437597752476,0.0898923542583947,5.0,1.4241466094817417,20.81302994554116,483,250
B0033,235,96,24,3083.25,54.608136974659445,1.77881535602872,0.0007855955138896,0.0898923542583947,7.0,1.4412820083364295,21.063453298808977,483,248
B0033,237,97,24,3076.484,54.5574027155619,1.9534408897799111,0.000728761991356,0.0898923542583947,9.0,1.4448965388921615,21.116277447807864,483,246
B0033,241,98,24,3081.297,54.99418815591436,1.8222744588584343,0.0007696215539861,0.0921631077559332,1.0,1.4540256354795746,21.249693599898208,483,242
B0033,243,99,24,3065.953,54.16320225337546,1.8129227899512983,0.0007770691610722,0.0921631077559332,3.0,1.4226030447542912,20.79047169298386,483,240
B0033,245,100,24,3055.828,53.87733726225828,1.9001242255219517,0.0007510058361187,0.0921631077559332,5.0,1.410196954589097,20.60916428797643,483,238
B0033,247,101,24,3051.468,54.00540892482746,1.861826807558021,0.0007665058339874,0.0921631077559332,7.0,1.4144881298999457,20.671877185406814,483,236
B0033,249,102,24,3069.0,55.01715436055076,1.7571531937270366,0.0007963753663912,0.0921631077559332,9.0,1.431360032946153,20.918449708910394,483,234
B0033,253,103,24,3079.235,55.56824997306065,1.8292747932433169,0.0007684316835485,0.090109642803023,1.0,1.4515133236517528,21.21297770214101,483,230
B0033,255,104,24,3070.344,54.92871435196593,1.7807877780971682,0.0007863369885053,0.090109642803023,3.0,1.4230376757726733,20.79682355896495,483,228
B0033,257,105,24,3051.4839999999967,53.80101502575858,1.93715684685712,0.0007398101384072,0.090109642803023,5.0,1.396298696255913,20.406049759631134,483,226
B0033,259,106,24,3054.812,53.90914216170243,1.8780478013995328,0.0007603886761979,0.090109642803023,7.0,1.3979060730399124,20.429540586289303,483,224
B0033,261,107,24,3046.532,54.23260277977909,1.8094020919691347,0.0007849750909681,0.090109642803023,9.0,1.4011347560096767,20.476725809276157,483,222
B0033,265,108,24,3071.782,55.63045478699343,1.8197773356081155,0.0007731113751587,0.092436093949676,1.0,1.436782528945267,20.99769616489866,483,218
B0033,267,109,24,3074.532,56.16713312985831,1.836381881007388,0.0007670650976051,0.092436093949676,3.0,1.4370006879546382,21.00088442512742,483,216
B0033,269,110,24,3053.656,55.53601912262827,1.75385880069876,0.0007994466193266,0.092436093949676,5.0,1.410355528453481,20.61148174782644,483,214
B0033,271,111,24,3031.953,54.42859597766174,1.977912246538546,0.0007309628115367,0.092436093949676,7.0,1.382633397996189,20.20633979999581,483,212
B0033,273,112,24,3023.5,54.60293074972065,1.8406238091435183,0.000778500978914,0.092436093949676,9.0,1.3699403583067564,20.020838803541352,483,210
B0033,277,113,24,3042.703,55.29175004355109,1.793591568720353,0.0007888621861973,0.0920475173169191,1.0,1.3786129327882322,20.147583164821388,483,206
B0033,279,114,24,4424.203,57.637403832441095,1.880422567759453,0.0005849495323307,0.0920475173169191,3.0,1.8035959863147195,26.358450052053687,483,204
B0033,283,115,24,3066.766,54.65393012817871,1.92608696846512,0.0007391492174178,0.0863916411128797,1.0,1.4234424290662009,20.80273878030709,483,200
B0033,285,116,24,3046.125,54.152949724280695,1.9774094380313447,0.0007278385383049,0.0863916411128797,3.0,1.3946003892958665,20.381230044174288,483,198
B0033,287,117,24,3033.625,54.53515875704883,1.8428005555738187,0.000775122337129,0.0863916411128797,5.0,1.3961613987822286,20.404043241192507,483,196
B0033,289,118,24,3028.562,54.77734925210607,1.7746653306163975,0.0008009975579854,0.0863916411128797,7.0,1.384968608315797,20.240467467742626,483,194
B0033,291,119,24,3020.984,54.64702813763124,1.8460476497404992,0.0007771684576368,0.0863916411128797,9.0,1.3715114742475478,20.043799700197567,483,192
B0033,295,120,24,3017.391,54.505104228610136,1.95995016678396,0.0007394953685715,0.0906674979688245,1.0,1.3616865084879255,19.90021384660111,483,188
B0033,297,121,24,3022.14,54.4213321925581,1.9111619475065968,0.0007552875327114,0.0906674979688245,3.0,1.3796301360966086,20.162448967806128,483,186
B0033,299,122,24,3009.016,54.599932749715,1.7914848144741025,0.0007983676773698,0.0906674979688245,5.0,1.364231776003204,19.937411371534434,483,184
B0033,301,123,24,3014.672,54.621715057959925,1.8461845656811997,0.0007810022971193,0.0906674979688245,7.0,1.3418414512081456,19.610190495995838,483,182
B0033,303,124,24,3010.703,54.55731341596549,1.8424801617142232,0.0007832536609674,0.0906674979688245,9.0,1.355221569579225,19.805732726323857,483,180
B0033,307,125,24,3011.75,55.041315475822266,1.8293764049247,0.0007850322842528,0.0909557798656722,1.0,1.3403860264029774,19.58892035438838,483,176
B0033,309,126,24,3005.734,54.87421915377841,1.7818288008009142,0.000804700410969,0.0909557798656722,3.0,1.3594078914195438,19.86691325453924,483,174
B0033,311,127,24,2993.75,54.605029117345865,1.8799745135000576,0.0007727354990051,0.0909557798656722,5.0,1.3457100861355502,19.666728224665317,483,172
B0033,313,128,24,2998.125,54.77196645266215,1.8632410129416257,0.0007795240956815,0.0909557798656722,7.0,1.3477611420854358,19.69670315043541,483,170
B0033,315,129,24,2990.859,55.081324460303485,1.7604885282268967,0.0008157488145862,0.0909557798656722,9.0,1.335482103134067,19.517252521057927,483,168
B0033,319,130,24,3024.453,56.28817834549751,1.8980864731881968,0.000758726340889,0.095356774650343,1.0,1.353154941842234,19.775530228427996,483,164
B0033,321,131,24,3030.765,57.27354368026744,1.765463647928582,0.0008011682695739,0.095356774650343,3.0,1.3709677706044292,20.03585380464834,483,162
B0033,323,132,24,3020.813,57.2291922074886,1.7789329307031558,0.0008015133642287,0.095356774650343,5.0,1.357426672491866,19.837958954050865,483,160
B0033,325,133,24,2998.156,57.19704022437858,1.9751406850610131,0.0007419831060785,0.095356774650343,7.0,1.3443678821106904,19.647112735377597,483,158
B0033,327,134,24,2986.766,57.01987269382395,1.7718580087129037,0.0008125813714057,0.095356774650343,9.0,1.33005823859453,19.43798606469005,483,156
B0033,331,135,24,3032.328,55.93330356332492,1.9154948072138345,0.0007459211004063,0.1119074154631581,1.0,1.4033641858066626,20.509307559509743,483,152
B0033,335,136,24,3047.703,56.299084505467846,1.9395710043147305,0.0007388759967802,0.0884963349105808,1.0,1.3865570950229378,20.2636822275038,483,148
B0033,337,137,24,3034.968,56.50951504855041,1.9213252989145688,0.0007486288428158,0.0884963349105808,3.0,1.3704138176872631,20.02775812223992,483,146
B0033,339,138,24,3011.7339999999967,56.69165778744567,1.99784512954192,0.0007313180652163,0.0884963349105808,5.0,1.325319393635713,19.36873074969757,483,144
B0033,341,139,24,3002.922,55.51714083426434,1.4425192802033469,0.0009184663392423,0.0884963349105808,7.0,0.8439684993200656,12.334082412929522,483,142
B0033,343,140,24,2986.718,45.807200259053744,1.5585045696383768,0.0008820939935371,0.0884963349105808,9.0,0.298661803715835,4.364759234015298,483,140
B0033,347,141,24,3006.203,46.03459549176176,1.203791745361808,0.0009932195701165,0.1456294596992112,1.0,0.2344867974702557,3.4268808457568047,483,136
B0033,349,142,24,3011.609,44.981619190674095,1.5484910888494308,0.0008775438030532,0.1456294596992112,3.0,0.2025633038072582,2.9603385493733945,483,134
B0033,351,143,24,2985.953,44.437719613927904,1.9233358352697387,0.0007594792188468,0.1456294596992112,5.0,0.2353199565407024,3.4390569549910346,483,132
B0033,353,144,24,2976.312999999994,46.16094346830902,1.477441018016571,0.000911713284621,0.1456294596992112,7.0,0.2355042783748287,3.441750705639841,483,130
B0033,355,145,24,2964.75,51.875290776017344,1.7051348869638063,0.0008386303833672,0.1456294596992112,9.0,0.4304242256752923,6.290386283703101,483,128
B0033,359,146,24,2969.953,51.767777887259,0.9861339962587278,0.0010784800903792,0.1382996517013786,1.0,0.4643633320269643,6.786385524314509,483,124
B0033,361,147,24,2988.453,51.02675215928651,1.3263821081867295,0.0009588331667695,0.1382996517013786,3.0,0.3994839380247729,5.838212940659255,483,122
B0033,363,148,24,3001.235,61.13715999731606,1.8345225826317897,0.0007850838880966,0.1382996517013786,5.0,1.461469789426299,21.358485347869134,483,120
B0033,365,149,24,2976.234,56.348749401178914,1.9860807469381487,0.0007432403424428,0.1382996517013786,7.0,1.4150999545382532,20.680818627554505,483,118
B0033,367,150,24,2950.39,55.51777727453801,1.8841219743920603,0.0007847979105524,0.1382996517013786,9.0,1.383632373873956,20.22093922025241,483,116
B0033,371,151,24,2941.719,54.98845662264607,1.8129527074235323,0.0008089566019898,0.0995331061490151,1.0,1.3705402893609833,20.029606428246385,483,112
B0033,373,152,24,2946.969,54.53862414235327,1.964418985321,0.0007586176147311,0.0995331061490151,3.0,1.3557042566115398,19.81278690149867,483,110
B0033,375,153,24,2936.171,54.72686731387149,1.854641378834996,0.0007987001458945,0.0995331061490151,5.0,1.3578385793919765,19.843978720969307,483,108
B0033,377,154,24,2927.281,55.0046224518596,1.7877573640818558,0.0008240088020323,0.0995331061490151,7.0,1.3609083979571397,19.88884223803892,483,106
B0033,379,155,24,2924.422,54.71731449617404,1.9183209167927544,0.0007801415670269,0.0995331061490151,9.0,1.3495626547684758,19.7230311542868,483,104
B0033,383,156,24,3023.859,54.428778601713,1.8528656809384136,0.0007248196240853,0.0990146912411192,1.0,1.1888877132486642,17.374865349526807,483,100
B0033,387,157,24,3056.172,54.890003781719805,1.948475871638004,0.0007347604931158,0.093091725109756,1.0,1.5041493934608643,21.98222160572429,483,96
B0033,389,158,24,3045.078,54.47368119654309,1.8283531317172368,0.0007765341855302,0.093091725109756,3.0,1.4899088638712767,21.774104992718904,483,94
B0033,391,159,24,3034.25,54.12307476528604,1.888528315752074,0.000761762976446,0.093091725109756,5.0,1.475330178643193,21.561046442286973,483,92
B0033,393,160,24,3022.609,53.77302966651148,1.924025874710363,0.0007529264034271,0.093091725109756,7.0,1.459830765413703,21.33453201635924,483,90
B0033,395,161,24,3028.828,54.609405212648525,1.800492506386291,0.0007922254379817,0.093091725109756,9.0,1.4474169057725728,21.153111065222323,483,88
B0033,399,162,24,3037.875,55.29324534393817,1.793120582655924,0.0007900508622085,0.094182061637456,1.0,1.4676323674647154,21.448547649321355,483,84
B0033,401,163,24,3023.187,54.26200652741747,1.8969132609228212,0.000759155594604,0.094182061637456,3.0,1.441552493165527,21.067406268826485,483,82
B0033,403,164,24,2996.922,54.01880189925328,1.8056023837774515,0.0007990091986227,0.094182061637456,5.0,1.418392873584403,20.728942621432285,483,80
B0033,405,165,24,2986.469,53.57147874982123,1.862859289057269,0.0007826014344504,0.094182061637456,7.0,1.4031824838852518,20.506652097279726,483,78
B0033,407,166,24,2979.219,53.4828168564585,1.9520601805312336,0.0007545708636696,0.094182061637456,9.0,1.3911104661211642,20.33022695568669,483,76
B0033,411,167,24,2995.047,53.87014040301519,1.9878541604164133,0.0007362533797079,0.0909525815740188,1.0,1.4086019958134537,20.58585494290033,483,72
B0033,413,168,24,2989.828,54.16164128030712,1.9566455890224008,0.0007505166462432,0.0909525815740188,3.0,1.413770890394895,20.661395169582484,483,70
B0033,415,169,24,2989.391,54.16534435153781,1.8936715311451315,0.0007716349269521,0.0909525815740188,5.0,1.412472234540845,20.64241611012376,483,68
B0033,417,170,24,2967.2810000000027,53.79228026466776,1.828763483963188,0.0007993353461274,0.0909525815740188,7.0,1.3831900026575588,20.21447423602072,483,66
B0033,419,171,24,2962.609,53.22509160340434,1.9584399411299585,0.0007566295480145,0.0909525815740188,9.0,1.3646098107432565,19.942936117591323,483,64
B0033,423,172,24,2957.016,53.57857958784029,1.8220675972367208,0.0008016302241202,0.0892837984693767,1.0,1.369751365782437,20.018076793617684,483,60
B0033,425,173,24,2973.281,54.49825501084428,1.7715995765672343,0.0008167736065455,0.0892837984693767,3.0,1.3867946911071662,20.26715454867008,483,58
B0033,427,174,24,2968.016,54.46813289210952,1.8584436263684132,0.0007860478100291,0.0892837984693767,5.0,1.3918615875742792,20.341204135418284,483,56
B0033,429,175,24,2959.281,53.89419947351141,1.9792800716788903,0.0007477397782831,0.0892837984693767,7.0,1.377162352180965,20.126383818197617,483,54
B0033,431,176,24,2942.797000000006,53.782251370205934,1.846857607499265,0.0007997170411982,0.0892837984693767,9.0,1.3599525359390852,19.87487290042079,483,52
B0033,435,177,24,2978.89,54.80009542618075,1.9297681149166703,0.0007522125028581,0.0864847755878061,1.0,1.379779043170725,20.164625153440426,483,48
B0033,439,178,24,2948.891,53.59426450012642,1.9404476337602208,0.000763965542096,0.0903234958460437,1.0,1.3631373661966442,19.92141724289278,483,44
B0033,441,179,24,2938.547,53.860038336831,1.8078076221500168,0.0008141248533597,0.0903234958460437,3.0,1.3652295228794809,19.951992830687416,483,42
B0033,443,180,24,2925.484,53.50394440240513,1.901348395168944,0.0007856429357406,0.0903234958460437,5.0,1.3498620694059131,19.727406915724305,483,40
B0033,445,181,24,2917.297,53.71091736477066,1.820065501803385,0.0008157579912876,0.0903234958460437,7.0,1.3529504172332432,19.7725412266053,483,38
B0033,447,182,24,2918.938,53.96609282803159,1.781542687267246,0.0008282731991592,0.0903234958460437,9.0,1.3535740542605128,19.781655299578752,483,36
B0033,451,183,24,2918.25,53.89601837110568,1.8027051007685868,0.000817855504463,0.0895134118798777,1.0,1.3432225183905024,19.63037394651408,483,32
B0033,453,184,24,2915.4839999999967,53.58335886886063,1.845120981293168,0.0008074521576206,0.0895134118798777,3.0,1.3412081769053426,19.60093558014642,483,30
B0033,455,185,24,2906.015,53.35830232724686,1.9386542857041755,0.0007778504167491,0.0895134118798777,5.0,1.3277389969987805,19.404091770056407,483,28
B0033,457,186,24,2894.14,53.56872781314004,1.8652024206914877,0.0008059417972969,0.0895134118798777,7.0,1.329778900445409,19.43390370882593,483,26
B0033,459,187,24,2892.031,54.028944257752215,1.9741597310368288,0.0007678564768893,0.0895134118798777,9.0,1.3356045028702497,19.51904131819267,483,24
B0033,463,188,24,2888.719,53.32084823607714,1.9140482800494216,0.0007880995016153,0.0876318347612828,1.0,1.3177489685711123,19.25809362672092,483,20
B0033,465,189,24,2875.641,53.15804525272694,1.9249905185886904,0.0007910573694905,0.0876318347612828,3.0,1.317605472474197,19.25599651920244,483,18
B0033,467,190,24,2860.7810000000027,53.44440984728841,1.848326319700026,0.0008215651775971,0.0876318347612828,5.0,1.3185279522072382,19.269477995182587,483,16
B0033,469,191,24,2852.844,53.71116793928585,1.7964863123561203,0.0008421648547641,0.0876318347612828,7.0,1.3215397269813982,19.313493237817354,483,14
B0033,471,192,24,2854.64,53.18757385880901,1.9550178000855185,0.0007858177331172,0.0876318347612828,9.0,1.3046615372928705,19.06682883888887,483,12
B0033,475,193,24,2897.844,56.49572691828426,1.9991954704388997,0.0007456211897701,0.090745110639456,1.0,1.3280324770208678,19.408380800727446,483,8
B0033,477,194,24,2896.063,55.32081069602003,1.982805388419431,0.0007639265881012,0.090745110639456,3.0,1.3634549770713926,19.92605893118748,483,6
B0033,479,195,24,2866.234,54.57622829352292,1.80889512605386,0.0008340897284313,0.090745110639456,5.0,1.3291316747402466,19.424444901780795,483,4
B0033,481,196,24,2836.609,54.008789265404765,1.865543717364217,0.0008228937472164,0.090745110639456,7.0,1.3124201086917682,19.180215605240573,483,2
B0033,483,197,24,2829.516,53.47500454222108,1.994367058308584,0.0007793806298255,0.090745110639456,9.0,1.3152825503676355,19.222048436158783,483,0
B0034,1,1,24,1819.406,51.86748080848415,2.170439265213917,0.0009254867224562,0.1240301702976134,0.0,0.7459302957645664,1.0,483,482
B0034,5,2,24,3260.531,53.72590623785784,2.184438966859873,0.0006136249167505,0.1240301702976134,1.0,1.6623217152845853,2.2285215183286438,483,478
B0034,7,3,24,3265.75,54.1404555915866,2.1716683590197,0.0006184084058456,0.1240301702976134,3.0,1.645087369694532,2.205417019573316,483,476
B0034,9,4,24,3264.109,54.22868210799842,2.182463026326082,0.0006151271221376,0.1240301702976134,5.0,1.620729289277574,2.1727623860837464,483,474
B0034,11,5,24,3253.531,54.17641516112459,2.0979416663773915,0.0006431247184341,0.1240301702976134,7.0,1.5967402025126003,2.140602428375654,483,472
B0034,13,6,24,3242.578,54.09745559724325,2.177479814637099,0.0006206233186777,0.1240301702976134,9.0,1.4856500618812698,1.9916741152851325,483,470
B0034,17,7,24,3234.625,54.03810589370243,2.164719422934807,0.0006248879818943,0.120380461449601,1.0,1.4866702197497013,1.9930417469180397,483,466
B0034,19,8,24,3235.36,54.56296443841966,2.1685179095920546,0.0006253859328185,0.120380461449601,3.0,1.4701330958405268,1.9708719490118904,483,464
B0034,21,9,24,3236.125,54.47381276284677,2.159913301643853,0.0006268662718281,0.120380461449601,5.0,1.4565041801019636,1.952600917769496,483,462
B0034,23,10,24,3230.25,54.157190141377896,2.188985459937614,0.0006189583570722,0.120380461449601,7.0,1.4418961035576472,1.9330172158776944,483,460
B0034,25,11,24,3226.078,54.45256615419595,2.161327607707136,0.0006282081452508,0.120380461449601,9.0,1.4370949588970292,1.9265807637214012,483,458
B0034,29,12,24,3224.5,54.20147817586685,2.140456418044363,0.0006341175306127,0.1205765535887721,1.0,1.4458703624967404,1.938345138555804,483,454
B0034,31,13,24,3222.188,53.81393710497776,2.170940246075281,0.0006259683430739,0.1205765535887721,3.0,1.432104054561837,1.9198899182583196,483,452
B0034,33,14,24,3216.546000000002,53.84994246144553,2.153155635587653,0.0006325825789313,0.1205765535887721,5.0,1.426720633302465,1.9126728615307136,483,450
B0034,35,15,24,3211.859,53.61278420241196,2.182519668385055,0.0006239532880983,0.1205765535887721,7.0,1.4230846885129826,1.9077984854527783,483,448
B0034,37,16,24,3215.859,53.35590902048553,2.188496149834977,0.000621315099969,0.1205765535887721,9.0,1.4409479522418909,1.931746116793584,483,446
B0034,41,17,24,3225.125,53.83102716771526,2.100542699118501,0.0006461260272362,0.1210505449768947,1.0,1.486901544051865,1.9933518620902977,483,442
B0034,43,18,24,3234.343,53.994059646351175,2.112961645498256,0.0006415133719433,0.1210505449768947,3.0,1.5245313226850703,2.043798638212503,483,440
B0034,45,19,24,3218.25,53.39429065914855,2.1659225933828385,0.0006282152611491,0.1210505449768947,5.0,1.4629049605190707,1.961181854156516,483,438
B0034,47,20,24,3203.5,53.38470633939791,2.148786443036186,0.0006359878488879,0.1210505449768947,7.0,1.423079450854989,1.9077914638074276,483,436
B0034,49,21,24,3194.39,53.12872869294344,2.176304604588501,0.0006283350079113,0.1210505449768947,9.0,1.4051040863603437,1.8836935493015936,483,434
B0034,53,22,24,3225.219,55.80847324293826,2.11932965334224,0.0006361674923632,0.1207875536171222,1.0,1.6329463925070862,2.18914073041281,483,430
B0034,57,23,24,3252.985,55.579127556921776,2.1509974200024624,0.0006248205012846,0.1231860471342966,1.0,1.5687138208259117,2.1030300414571657,483,426
B0034,59,24,24,3245.25,55.5590605953301,2.1142806141482584,0.0006391033177557,0.1231860471342966,3.0,1.5149520966053402,2.030956652662216,483,424
B0034,61,25,24,3235.031,55.43438713431678,2.1801548663736754,0.0006202379514693,0.1231860471342966,5.0,1.4855182940634626,1.9914974663159788,483,422
B0034,63,26,24,3228.141,55.91432751133226,2.109657199964041,0.0006436882505923,0.1231860471342966,7.0,1.480771929049074,1.9851344521827028,483,420
B0034,65,27,24,3217.875,55.78439633575717,2.1306422513355594,0.0006391336953464,0.1231860471342966,9.0,1.484026357317059,1.9894973642221567,483,418
B0034,69,28,24,3220.219,55.819046085150106,2.1787867991793117,0.0006226020267499,0.1220873226956666,1.0,1.4922153055506522,2.0004755323969725,483,414
B0034,71,29,24,3210.234,55.81813101636483,2.1208148015326507,0.0006437331682335,0.1220873226956666,3.0,1.473312924099279,1.975134851694363,483,412
B0034,73,30,24,3210.546,55.50852980614408,2.1326343880232206,0.000639720009262,0.1220873226956666,5.0,1.441593178980006,1.932611112815034,483,410
B0034,75,31,24,3200.969,55.810474269938815,2.080806437045425,0.0006578419927582,0.1220873226956666,7.0,1.4225873198015788,1.90713170906063,483,408
B0034,77,32,24,3188.625,55.5580463265768,2.153621018125857,0.0006377493456281,0.1220873226956666,9.0,1.4266489379486664,1.9125767461775696,483,406
B0034,81,33,24,3191.735,55.7456104997617,2.16386574936286,0.0006334154985048,0.1213351875279063,1.0,1.4596775560238575,1.956855170398612,483,402
B0034,83,34,24,3190.313,55.88273287086187,2.110862355108561,0.0006507980126649,0.1213351875279063,3.0,1.4396159938545154,1.929960482941549,483,400
B0034,85,35,24,3182.156,55.52091947034592,2.188936134619456,0.0006281959209775,0.1213351875279063,5.0,1.4195512657848512,1.9030615512537057,483,398
B0034,87,36,24,3180.156,56.03798112972515,2.076995222056859,0.0006633568275776,0.1213351875279063,7.0,1.4118101714470452,1.8926837795211988,483,396
B0034,89,37,24,3171.953,55.7872631992585,2.138330613016186,0.0006459805040436,0.1213351875279063,9.0,1.4044196701845313,1.8827760156128583,483,394
B0034,93,38,24,3192.172,56.29505678813318,2.163289759388807,0.0006333426508874,0.1222125891909682,1.0,1.4735059098606866,1.9753935699184428,483,390
B0034,95,39,24,3194.735,57.203641711448896,2.011759892668098,0.0006806505316939,0.1222125891909682,3.0,1.492658600645149,2.001069817274546,483,388
B0034,97,40,24,3178.75,56.48442346523092,2.162343975515107,0.0006367455249869,0.1222125891909682,5.0,1.4820260149945934,1.9868156896289364,483,386
B0034,99,41,24,3165.359,55.71155596776208,2.1921995805381784,0.0006298602073641,0.1222125891909682,7.0,1.423575357658995,1.908456280355061,483,384
B0034,101,42,24,3155.25,55.725184853786985,2.16034888083278,0.0006424169576209,0.1222125891909682,9.0,1.403825219724535,1.881979090667764,483,382
B0034,105,43,24,3173.766,56.68734909187956,2.165521364045302,0.0006336171248319,0.1213673034622562,1.0,1.5363173478836123,2.0595990759550964,483,378
B0034,109,44,24,3199.485,57.523569542125074,2.0714906018792005,0.0006610615178797,0.1231072821956826,1.0,1.5440367168176732,2.0699477224410905,483,374
B0034,111,45,24,3196.015,56.64647124225468,2.160000438530016,0.0006341759974966,0.1231072821956826,3.0,1.507892155360249,2.021492040103672,483,372
B0034,113,46,24,3595.281,61.22071154968515,2.07023691471502,0.0006112367315721,0.1231072821956826,5.0,1.8203060058691087,2.4403164963333808,483,370
B0034,117,47,24,3198.0,58.28488787096781,2.051324967440629,0.000666611036158,0.1249733640758512,1.0,1.5936575758226643,2.136469834878058,483,366
B0034,119,48,24,3183.516,57.592019665372526,2.126099692893142,0.0006470815448615,0.1249733640758512,3.0,1.533070464968097,2.055246279274292,483,364
B0034,121,49,24,3183.797,57.28443182001311,2.1895562891910765,0.0006273486221568,0.1249733640758512,5.0,1.4862143093107285,1.9924305498108013,483,362
B0034,123,50,24,3191.516,57.87208806126728,2.074340759266504,0.0006615104810776,0.1249733640758512,7.0,1.5029318848267783,2.01484226255524,483,360
B0034,125,51,24,3189.985,58.01475740778219,2.1265733975652816,0.00064576070607,0.1249733640758512,9.0,1.5202185406928062,2.038016888876469,483,358
B0034,129,52,24,3189.734,58.312052179468594,2.062739747604538,0.0006646786130608,0.1260670230602223,1.0,1.5118194735004464,2.02675703357893,483,354
B0034,131,53,24,3176.016,57.74556007237976,2.1030377322448675,0.0006550785440919,0.1260670230602223,3.0,1.464601301820905,1.9634559825991684,483,352
B0034,133,54,24,3171.36,57.59063118746153,2.1244761059896846,0.0006501501685589,0.1260670230602223,5.0,1.4546140961511749,1.9500670564133864,483,350
B0034,135,55,24,3170.843,57.76023731619168,2.0601307559265187,0.0006700525844229,0.1260670230602223,7.0,1.4333400490204142,1.9215469021153837,483,348
B0034,137,56,24,3164.672,57.84385498440773,2.066307670696809,0.0006694895160812,0.1260670230602223,9.0,1.449326234639616,1.942978107832556,483,346
B0034,141,57,24,3177.453,58.50818415025991,2.063118102136468,0.0006674491463394,0.1252713170947647,1.0,1.495199821798908,2.004476598267607,483,342
B0034,143,58,24,3172.375,58.39804679399696,2.015578277968309,0.0006837786754978,0.1252713170947647,3.0,1.4720590241846008,1.973453863642533,483,340
B0034,145,59,24,3158.406,57.19671566450291,2.1825208655708157,0.0006338805203594,0.1252713170947647,5.0,1.4097383014648728,1.889906214386847,483,338
B0034,147,60,24,3141.578,57.09358220904711,2.177635067318021,0.0006393560373067,0.1252713170947647,7.0,1.3861944181384176,1.8583430998972776,483,336
B0034,149,61,24,3138.187,57.056434523826645,2.167549772117144,0.0006430771017667,0.1252713170947647,9.0,1.3624125407550536,1.8264609287099716,483,334
B0034,153,62,24,3157.969,57.99096942950453,2.0235981843621835,0.0006844170955216,0.1235425210299043,1.0,1.4471377445077278,1.940044200811599,483,330
B0034,155,63,24,3159.281,58.16328313862759,2.184010507272112,0.0006322070334638,0.1235425210299043,3.0,1.4554483390450048,1.9511854489744167,483,328
B0034,157,64,24,3150.375,58.29542391419101,2.0392577121107047,0.0006817263880823,0.1235425210299043,5.0,1.4423952167302958,1.9336863309082577,483,326
B0034,159,65,24,3134.078,57.375182540416354,2.0999808615526177,0.0006655049096703,0.1235425210299043,7.0,1.377541945989605,1.8467435279293047,483,324
B0034,161,66,24,3129.797,57.42041259082052,2.063136946201327,0.000677513431761,0.1235425210299043,9.0,1.3539935892900532,1.8151744164007064,483,322
B0034,165,67,24,3161.89,57.71520595046742,2.120762756881349,0.0006491332449398,0.1237545085880591,1.0,1.5509038861664448,2.079153903484767,483,318
B0034,169,68,24,3196.859,58.17136403259683,2.19170788700899,0.0006232120481078,0.1267251796303376,1.0,1.5562932697752867,2.086378953384795,483,314
B0034,171,69,24,3171.906,57.753084428922655,2.1203887966971293,0.0006510491851566,0.1267251796303376,3.0,1.5067526605064707,2.0199644243730224,483,312
B0034,173,70,24,3160.842999999993,57.5103657978898,2.0630039985317543,0.0006708900861402,0.1267251796303376,5.0,1.444138733302766,1.9360237028884144,483,310
B0034,175,71,24,3147.141,56.86348453612092,2.1811524820912926,0.0006361354586111,0.1267251796303376,7.0,1.4144103811292437,1.8961696409977504,483,308
B0034,177,72,24,3141.203,56.97607576818629,2.155432405052415,0.0006459809098109,0.1267251796303376,9.0,1.3897574212362729,1.8631196897718092,483,306
B0034,181,73,24,3151.047,57.956995411354825,2.0671609840346776,0.0006717621983297,0.1257307656681546,1.0,1.449968311475299,1.9438388810701208,483,302
B0034,183,74,24,3159.172,58.3663921180059,2.1233368877812127,0.000652506486444,0.1257307656681546,3.0,1.4678653068012166,1.967831733254216,483,300
B0034,185,75,24,3141.047,57.883249801186295,2.032509026773449,0.0006850398462411,0.1257307656681546,5.0,1.4290644310445066,1.915814975150914,483,298
B0034,187,76,24,3135.0310000000027,57.62604602919208,2.010095847748964,0.000693024566485,0.1257307656681546,7.0,1.376744834668327,1.8456749142454203,483,296
B0034,189,77,24,3117.984,56.803768142247485,2.1845053475658918,0.0006406853488563,0.1257307656681546,9.0,1.3515813262521057,1.8119405176682852,483,294
B0034,193,78,24,3125.328,56.88027382398077,2.1991319506434475,0.0006348746676542,0.1253441117935972,1.0,1.353993472828928,1.8151742602720096,483,290
B0034,195,79,24,3120.172,57.11228470728586,2.1256164107912863,0.0006601347752963,0.1253441117935972,3.0,1.3577165116893766,1.820165395343997,483,288
B0034,197,80,24,3116.641,57.23777746505438,2.059592858883293,0.0006812377109885,0.1253441117935972,5.0,1.334169315351027,1.7885978394047195,483,286
B0034,199,81,24,3110.844,56.79550408983589,2.196715966153447,0.0006381250610919,0.1253441117935972,7.0,1.3372147888783987,1.79268062508143,483,284
B0034,201,82,24,3101.406,56.74357378980126,2.179169443366329,0.0006469842654773,0.1253441117935972,9.0,1.339045224276927,1.7951345211209415,483,282
B0034,205,83,24,3099.563,57.1850535860252,2.0729178734316847,0.0006801022285533,0.12527841795391,1.0,1.3439244604756322,1.80167566340516,483,278
B0034,207,84,24,3104.64,57.13163600499266,2.058553622170445,0.0006851412912654,0.12527841795391,3.0,1.3454786192090245,1.803759180782342,483,276
B0034,209,85,24,3099.875,56.68621589748299,2.1859283824053053,0.0006448171056514,0.12527841795391,5.0,1.3482263029682544,1.8074427471622456,483,274
B0034,211,86,24,3093.25,57.14457415944487,2.047929270109934,0.0006908098865908,0.12527841795391,7.0,1.3373192299576058,1.7928206396106696,483,272
B0034,213,87,24,3086.688,57.28985408720813,2.0282334120244614,0.0006987058533893,0.12527841795391,9.0,1.3402523341553034,1.796752782083434,483,270
B0034,217,88,24,3094.281,56.90074118043176,2.128944717359417,0.0006632823512087,0.1250367388099057,1.0,1.329096568237912,1.7817972748721913,483,266
B0034,219,89,24,3088.328,57.126183132620525,2.080780257241255,0.0006811732968117,0.1250367388099057,3.0,1.3323485655766352,1.7861569279888272,483,264
B0034,221,90,24,3095.687,57.09006956503022,2.18178697368346,0.0006473238474139,0.1250367388099057,5.0,1.3501541310555516,1.8100272086035407,483,262
B0034,223,91,24,3102.062,57.56129571557157,2.1600430451609207,0.0006538020347469,0.1250367388099057,7.0,1.381523441054128,1.852081151413872,483,260
B0034,225,92,24,3107.141,58.12885115554352,2.0578741386350488,0.0006835947023893,0.1250367388099057,9.0,1.3835971952817807,1.8548612425824804,483,258
B0034,229,93,24,3090.719,57.35750604508094,2.0545776989805837,0.0006877058445719,0.1246732923578224,1.0,1.33011618620809,1.7831641827132692,483,254
B0034,231,94,24,3069.812,57.07647448385972,2.0610721424538947,0.0006909562713948,0.1246732923578224,3.0,1.3176982121703231,1.7665165494045314,483,252
B0034,233,95,24,3064.437,56.56265009891403,2.1769630360366774,0.00065498116159,0.1246732923578224,5.0,1.3063657719651272,1.751324191258546,483,250
B0034,235,96,24,3083.25,57.16856231635899,2.123117073996824,0.0006680732538471,0.1246732923578224,7.0,1.3381567383793782,1.7939434099640494,483,248
B0034,237,97,24,3076.484,57.902838661735686,1.992728560786441,0.0007126653036244,0.1246732923578224,9.0,1.3563258092165067,1.8183010087105995,483,246
B0034,241,98,24,3081.297,58.11517890209301,1.9677573642714887,0.0007191278273466,0.1251092258626547,1.0,1.3648997529550058,1.8297953048763167,483,242
B0034,243,99,24,3065.953,56.98035659049231,2.12435243753564,0.0006720245160302,0.1251092258626547,3.0,1.3337639975535058,1.7880544671890817,483,240
B0034,245,100,24,3055.828,56.67208442551173,2.1817137827751827,0.0006555012629662,0.1251092258626547,5.0,1.3060123668658763,1.7508504136130238,483,238
B0034,247,101,24,3051.468,57.04472631715234,2.087539695609617,0.0006866454735844,0.1251092258626547,7.0,1.3101868361375808,1.7564467398319847,483,236
B0034,249,102,24,3069.0,57.64730160708694,2.068960188840925,0.0006885391944394,0.1251092258626547,9.0,1.3567668941696105,1.818892330655301,483,234
B0034,253,103,24,3079.235,58.29336025761747,2.059628573127648,0.0006891097582839,0.1264638175619604,1.0,1.3916857433587717,1.865704813520567,483,230
B0034,255,104,24,3070.344,57.95445943311949,1.9953872570984856,0.0007123443029206,0.1264638175619604,3.0,1.3629935079344777,1.8272397778634688,483,228
B0034,257,105,24,3051.4839999999967,56.91514213395795,2.1529421051579973,0.0006656219713281,0.1264638175619604,5.0,1.3211711973900628,1.7711724606062338,483,226
B0034,259,106,24,3054.812,57.19634917626827,2.0405401202035574,0.0007018093149206,0.1264638175619604,7.0,1.3074869015593356,1.7528271863782967,483,224
B0034,261,107,24,3046.532,56.74944920850043,2.197033181830859,0.0006516146548456,0.1264638175619604,9.0,1.3105881895483489,1.7569847973596746,483,222
B0034,265,108,24,3071.782,58.60834889757344,1.9756647286286777,0.0007184454473456,0.1271233146951738,1.0,1.376312668196664,1.8450955484868277,483,218
B0034,267,109,24,3074.532,58.69313490028398,2.083403258487322,0.0006832718857244,0.1271233146951738,3.0,1.391764929132287,1.8658109705890824,483,216
B0034,269,110,24,3053.656,58.287617732907975,1.9776004444482065,0.0007224602744586,0.1271233146951738,5.0,1.3649746353453525,1.8298956927956327,483,214
B0034,271,111,24,3031.953,57.38456939785952,2.064842829300876,0.0006984679818655,0.1271233146951738,7.0,1.3219093937291897,1.772162092403358,483,212
B0034,273,112,24,3023.5,57.58115209169171,1.966575784508242,0.0007336896553343,0.1271233146951738,9.0,1.3090033888073913,1.7548602010670236,483,210
B0034,277,113,24,3042.703,57.13289738293001,2.1711822809863026,0.0006609500197501,0.124489358707192,1.0,1.3327005721973733,1.7866288308230958,483,206
B0034,279,114,24,4424.203,61.43732341776916,2.069253006874651,0.0005369361998034,0.124489358707192,3.0,1.7423975189669398,2.335871768260881,483,204
B0034,283,115,24,3066.766,57.73883179659806,2.1429326564674485,0.0006648946502136,0.1272960691814162,1.0,1.37734756281946,1.8464829363281203,483,200
B0034,285,116,24,3046.125,57.386080612263264,2.066165629002469,0.0006949545734294,0.1272960691814162,3.0,1.34875988767775,1.808158075005243,483,198
B0034,287,117,24,3033.625,56.89633685865634,2.1996082620797504,0.0006540395425165,0.1272960691814162,5.0,1.3501504559881146,1.8100222817793348,483,196
B0034,289,118,24,3028.562,57.238769179765264,2.0698222657269465,0.0006981082466774,0.1272960691814162,7.0,1.3387814875085953,1.7947809535425372,483,194
B0034,291,119,24,3020.984,56.92287178370967,2.1637591808058576,0.0006674399759086,0.1272960691814162,9.0,1.3253371210402685,1.7767573304980455,483,192
B0034,295,120,24,3017.391,57.63060311370659,1.96657603413028,0.0007343087625188,0.1259736664142202,1.0,1.3308160596334049,1.7841024385118185,483,188
B0034,297,121,24,3022.14,57.01462861282404,2.0993400599564533,0.0006896541266589,0.1259736664142202,3.0,1.333083376618503,1.7871420214299172,483,186
B0034,299,122,24,3009.016,57.17373710163345,2.051523215347617,0.0007086602587817,0.1259736664142202,5.0,1.3333226534895923,1.7874627978783977,483,184
B0034,301,123,24,3014.672,56.96912010183172,2.127535513157563,0.0006821541034924,0.1259736664142202,7.0,1.3264281097516477,1.7782199185140757,483,182
B0034,303,124,24,3010.703,57.10359458618797,2.0823277676119383,0.0006973729014615,0.1259736664142202,9.0,1.323971040986857,1.7749259528731278,483,180
B0034,307,125,24,3011.75,57.068326741336485,2.1365617064803337,0.0006789216853632,0.1259231863090842,1.0,1.3249364225071156,1.7762201509044184,483,176
B0034,309,126,24,3005.734,57.42601185667435,1.9941210557405096,0.0007277246394659,0.1259231863090842,3.0,1.3283067675570923,1.7807384618901951,483,174
B0034,311,127,24,2993.75,57.61101162387096,1.9772527709370784,0.00073743003087,0.1259231863090842,5.0,1.314584348909226,1.762342079914851,483,172
B0034,313,128,24,2998.125,57.13778358983724,2.126873333723975,0.0006860062230675,0.1259231863090842,7.0,1.3166841798543305,1.7651571297352262,483,170
B0034,315,129,24,2990.859,57.23603082155364,2.039511489521072,0.0007173426490998,0.1259231863090842,9.0,1.3041727649654071,1.748384228889177,483,168
B0034,319,130,24,3024.453,58.39093066235441,2.0358214749013905,0.000709513167354,0.127212110588067,1.0,1.3534450073572306,1.8144389831625911,483,164
B0034,321,131,24,3030.765,58.90073826779548,1.973042506261499,0.0007295645048124,0.127212110588067,3.0,1.371294082513786,1.838367593192112,483,162
B0034,323,132,24,3020.813,58.27129279916865,2.0280193684749017,0.0007134785190582,0.127212110588067,5.0,1.357699321922511,1.8201423506078287,483,160
B0034,325,133,24,2998.156,58.03064804249352,1.9435482703621487,0.000746973191702,0.127212110588067,7.0,1.3286903090919502,1.7812526406774567,483,158
B0034,327,134,24,2986.766,57.376456720947886,2.0636905936063763,0.0007099020321155,0.127212110588067,9.0,1.3143943268181724,1.7620873348104726,483,156
B0034,331,135,24,3032.328,58.48728985101988,1.9437968709766944,0.0007352512654181,0.1261498012706538,1.0,1.3866783030110723,1.8589917997495324,483,152
B0034,335,136,24,3047.703,58.63748276638773,2.071041778175654,0.0006925630814201,0.1275273799981891,1.0,1.3868330458429208,1.859199249202554,483,148
B0034,337,137,24,3034.968,57.63608525053667,2.185338383273266,0.0006579847495257,0.1275273799981891,3.0,1.3548037379291014,1.816260508014961,483,146
B0034,339,138,24,3011.7339999999967,57.60594379182819,2.0310061849780774,0.0007129167234276,0.1275273799981891,5.0,1.3255787669951669,1.7770812829588458,483,144
B0034,341,139,24,3002.922,56.80159282025973,2.1906611266270994,0.0006630859316115,0.1275273799981891,7.0,1.3119728676377551,1.758841107657391,483,142
B0034,343,140,24,2986.718,56.21047251769452,2.142279706628003,0.0006834720733756,0.1275273799981891,9.0,1.3064487948795198,1.7514354924281914,483,140
B0034,347,141,24,3006.203,57.153953136576106,2.160163197204225,0.0006721208337636,0.1271239415617905,1.0,1.3418431880549024,1.7988854932879956,483,136
B0034,349,142,24,3011.609,58.22840707938393,1.955449063066795,0.0007402191746953,0.1271239415617905,3.0,1.3609210170759327,1.824461380377386,483,134
B0034,351,143,24,2985.953,56.896536733279625,2.186393196562525,0.0006690899842644,0.1271239415617905,5.0,1.329960367739497,1.782955291253199,483,132
B0034,353,144,24,2976.312999999994,56.43024249534344,2.1725626411969494,0.0006755553934996,0.1271239415617905,7.0,1.299069387625936,1.7415426012351611,483,130
B0034,355,145,24,2964.75,56.60428484008346,2.107521375414201,0.0006998570184733,0.1271239415617905,9.0,1.2984544371955695,1.7407181938691405,483,128
B0034,359,146,24,2969.953,57.47493245382511,1.972495650379372,0.0007438441890311,0.1260775043428536,1.0,1.317648609161009,1.766450051221529,483,124
B0034,361,147,24,2988.453,57.43585109945852,2.15288424756184,0.000679780879703,0.1260775043428536,3.0,1.3360648564106594,1.791139016603709,483,122
B0034,363,148,24,3001.235,59.12207312090748,2.175170885643991,0.0006686971933561,0.1260775043428536,5.0,1.3635797361860138,1.828025680051468,483,120
B0034,365,149,24,2976.234,58.23289082409849,2.0442124222047857,0.0007179842758664,0.1260775043428536,7.0,1.3333112541544827,1.7874475158404184,483,118
B0034,367,150,24,2950.39,57.69877961341635,2.030057772957424,0.0007286186032851,0.1260775043428536,9.0,1.3023273463118925,1.7459102461806142,483,116
B0034,371,151,24,2941.719,57.777112656377554,1.960005305735824,0.0007547484246675,0.1258468150180572,1.0,1.2888728444455877,1.7278730355421663,483,112
B0034,373,152,24,2946.969,57.23966158430743,2.097517979952191,0.0007069887202865,0.1258468150180572,3.0,1.2902746194203034,1.7297522660583091,483,110
B0034,375,153,24,2936.171,57.39229514777536,2.063176636612858,0.0007216212271283,0.1258468150180572,5.0,1.292407565676824,1.7326117105246774,483,108
B0034,377,154,24,2927.281,57.49397345620112,2.050195394002453,0.0007286969290154,0.1258468150180572,7.0,1.295409150510234,1.7366356586743277,483,106
B0034,379,155,24,2924.422,57.117778050999135,2.142448068324373,0.0006975399528444,0.1258468150180572,9.0,1.283229881592695,1.7203080353203852,483,104
B0034,383,156,24,3023.859,59.0081622348613,2.132265781269793,0.0006727683762675,0.1259459876773694,1.0,1.4557454024367815,1.951583694485376,483,100
B0034,387,157,24,3056.172,59.53806687629183,1.984934774787036,0.0007192370112904,0.1291754709943593,1.0,1.454676342673242,1.9501505045886665,483,96
B0034,389,158,24,3045.078,58.40787633507069,2.13940846198312,0.0006703668683834,0.1291754709943593,3.0,1.423427718198495,1.908258353737335,483,94
B0034,391,159,24,3034.25,58.34388806897325,2.04587233974925,0.0007042243410588,0.1291754709943593,5.0,1.392551210363313,1.866865065369105,483,92
B0034,393,160,24,3022.609,58.00881689774913,2.0970875648564333,0.0006902841679568,0.1291754709943593,7.0,1.3765732493746907,1.84544488565614,483,90
B0034,395,161,24,3028.828,58.52325787492752,2.0432611124631137,0.0007069715744164,0.1291754709943593,9.0,1.3810190828982352,1.851405004917669,483,88
B0034,399,162,24,3037.875,59.50837827191452,1.961939116178396,0.000731224163392,0.129339376928962,1.0,1.4007568321672863,1.877865586263035,483,84
B0034,401,163,24,3023.187,58.58184665309335,2.0966495970812926,0.0006911490856007,0.129339376928962,3.0,1.374645303479972,1.8428602662812923,483,82
B0034,403,164,24,2996.922,57.97580640887124,2.126944667717326,0.0006875145814458,0.129339376928962,5.0,1.3345924114397838,1.7891650453369083,483,80
B0034,405,165,24,2986.469,58.05700140061033,2.0654092965524384,0.0007128927156182,0.129339376928962,7.0,1.336396621564738,1.7915837835691515,483,78
B0034,407,166,24,2979.219,57.78193242469556,2.148229610932935,0.0006816381292464,0.129339376928962,9.0,1.3069152971756248,1.7520608890621046,483,76
B0034,411,167,24,2995.047,58.20713739139197,2.1586251956084066,0.0006751596497583,0.1288554727133594,1.0,1.341539456674081,1.7984783086186693,483,72
B0034,413,168,24,2989.828,58.6134064492062,2.095346963555327,0.0006977752464649,0.1288554727133594,3.0,1.346388970161922,1.8049796044037805,483,70
B0034,415,169,24,2989.391,58.64476637032693,2.062626550286472,0.0007089837536963,0.1288554727133594,5.0,1.344989807277774,1.803103875676723,483,68
B0034,417,170,24,2967.2810000000027,58.05107392892897,2.076505393409293,0.0007107677355456,0.1288554727133594,7.0,1.3158760805047784,1.76407378541453,483,66
B0034,419,171,24,2962.609,58.291445432401005,1.9787021969242389,0.0007447658748658,0.1288554727133594,9.0,1.2972766889740088,1.7391392953738678,483,64
B0034,423,172,24,2957.016,58.02893221948005,2.0077745341235347,0.0007342241840098,0.1285235940686088,1.0,1.2851255211005648,1.7228493444998532,483,60
B0034,425,173,24,2973.281,58.80693345869639,1.984631695912844,0.0007384367946186,0.1285235940686088,3.0,1.3190209156530253,1.7682897760588343,483,58
B0034,427,174,24,2968.016,58.770145898372334,2.120505374633019,0.0006956348406111,0.1285235940686088,5.0,1.3410097849290994,1.797768226526563,483,56
B0034,429,175,24,2959.281,58.49257429310864,2.082697161198142,0.0007086348236716,0.1285235940686088,7.0,1.326126983882746,1.7778162268144473,483,54
B0034,431,176,24,2942.797000000006,58.33204656703581,1.9993127386412168,0.0007429281636864,0.1285235940686088,9.0,1.3091442679990724,1.7550490648153938,483,52
B0034,435,177,24,2978.89,59.3603280691461,2.016671623451248,0.0007227952383379,0.1277624590570417,1.0,1.363001289617145,1.8272502100482335,483,48
B0034,439,178,24,2948.891,57.712318998766975,2.1864172793825265,0.000676118722095,0.1287632732985492,1.0,1.329285701687194,1.7820508286564467,483,44
B0034,441,179,24,2938.547,57.633102922228126,2.166880233541012,0.0006849853386908,0.1287632732985492,3.0,1.2969085930621855,1.7386458231098865,483,42
B0034,443,180,24,2925.484,57.87686984231968,2.073777619248528,0.0007203577769196,0.1287632732985492,5.0,1.2986285924941396,1.7409516678271748,483,40
B0034,445,181,24,2917.297,57.47417762924851,2.1762844479074928,0.0006866402522453,0.1287632732985492,7.0,1.2840657611821942,1.7214286220484551,483,38
B0034,447,182,24,2918.938,57.69186868894567,2.178495224886361,0.000690040858566,0.1287632732985492,9.0,1.3021015914136362,1.745607597394879,483,36
B0034,451,183,24,2918.25,58.2351265327566,2.003802772888259,0.0007482675699136,0.127934454039426,1.0,1.3089076351731337,1.7547318329945625,483,32
B0034,453,184,24,2915.4839999999967,58.159040648414255,1.978757159009704,0.0007550069650162,0.127934454039426,3.0,1.2722519696513912,1.7055909605432418,483,30
B0034,455,185,24,2906.015,57.66508009332591,2.137223761530643,0.0007031293303285,0.127934454039426,5.0,1.276011534360331,1.7106310624539525,483,28
B0034,457,186,24,2894.14,57.950977227160536,2.026812719380422,0.0007436935701387,0.127934454039426,7.0,1.2605053003103004,1.6898432835715609,483,26
B0034,459,187,24,2892.031,57.50629199129354,2.1955750105431733,0.0006862058512279,0.127934454039426,9.0,1.2660681251347117,1.697300850124357,483,24
B0034,463,188,24,2888.719,57.45114086897508,2.198015566541252,0.0006853223892467,0.1273923195729759,1.0,1.265829016865281,1.6969802997045815,483,20
B0034,465,189,24,2875.641,57.51486337636169,2.1741564738787478,0.0006977697179102,0.1273923195729759,3.0,1.2655873898206993,1.6966563725951,483,18
B0034,467,190,24,2860.7810000000027,58.24937682662199,1.959703796663527,0.0007775512820272,0.1273923195729759,5.0,1.2663598323027554,1.6976919150398058,483,16
B0034,469,191,24,2852.844,57.97580626211991,2.0588486889378887,0.0007482156226517,0.1273923195729759,7.0,1.2868479432728903,1.7251584371618691,483,14
B0034,471,192,24,2854.64,57.6936935982226,2.147269943612274,0.0007137083424757,0.1273923195729759,9.0,1.270026164613209,1.7026070288664878,483,12
B0034,475,193,24,2897.844,59.714275603056464,2.046243465893371,0.0007360297520624,0.1290102771463865,1.0,1.34598253292492,1.8044347314588016,483,8
B0034,477,194,24,2896.063,59.59622829096066,2.0152140329169157,0.0007488129452686,0.1290102771463865,3.0,1.3286875315413778,1.781248917071393,483,6
B0034,479,195,24,2866.234,58.94389183765572,2.022057967188541,0.0007540657479188,0.1290102771463865,5.0,1.31203071983408,1.7589186647651438,483,4
B0034,481,196,24,2836.609,58.684673836382025,1.9943823501630709,0.0007752245033021,0.1290102771463865,7.0,1.295125492961198,1.736255385141202,483,2
B0034,483,197,24,2829.516,58.63989407541342,1.961659201159055,0.0007849665140428,0.1290102771463865,9.0,1.2802601605963335,1.7163268040803836,483,0
B0036,1,1,24,1819.406,25.25510878948548,2.692363558999662,0.0006352474656994,0.102986752659365,0.0,1.001982588175331,1.0,483,482
B0036,5,2,24,3260.531,26.547068220384585,2.685636595881031,0.0004572935924025,0.102986752659365,1.0,1.8011007566288924,1.7975369810655115,483,478
B0036,7,3,24,3265.75,26.495839445842005,2.662489466857697,0.0004656812597777,0.102986752659365,3.0,1.8044229856020628,1.8008526364595046,483,476
B0036,9,4,24,3264.109,26.383869073507284,2.6573808763123017,0.0004677480467374,0.102986752659365,5.0,1.804388833772829,1.8008185522053102,483,474
B0036,11,5,24,3253.531,26.038513721787695,2.663543957344219,0.0004673673825186,0.102986752659365,7.0,1.7989248871784247,1.7953654169324162,483,472
B0036,13,6,24,3242.578,25.52893924273116,2.6678994227263173,0.00046771163231,0.102986752659365,9.0,1.792996521672392,1.7894487816774778,483,470
B0036,17,7,24,3234.625,25.434898613415253,2.6568692251182435,0.0004708916339618,0.1012609541587629,1.0,1.7885507985621891,1.785011855165313,483,466
B0036,19,8,24,3235.36,25.49992828339642,2.682881821919537,0.000464224428264,0.1012609541587629,3.0,1.7890856930727703,1.7855456912986882,483,464
B0036,21,9,24,3236.125,25.538807420659257,2.643495320901669,0.0004763229897567,0.1012609541587629,5.0,1.7893137312833287,1.785773278297953,483,462
B0036,23,10,24,3230.25,25.42021899627584,2.6529146015025358,0.0004743426561668,0.1012609541587629,7.0,1.7860759459480868,1.7825418994561928,483,460
B0036,25,11,24,3226.078,25.3761734466722,2.664007043795248,0.0004715485572778,0.1012609541587629,9.0,1.7836324249650817,1.780103213383359,483,458
B0036,29,12,24,3224.5,25.609167303887254,2.652869862545629,0.0004738125502994,0.1013931483466459,1.0,1.782972873807272,1.779444967256537,483,454
B0036,31,13,24,3222.188,25.488141454729305,2.668361985066912,0.0004708262469769,0.1013931483466459,3.0,1.7813775963259668,1.7778528462954228,483,452
B0036,33,14,24,3216.546000000002,25.39250622395775,2.6856316852084854,0.0004663425888426,0.1013931483466459,5.0,1.7785359545932946,1.7750168272206337,483,450
B0036,35,15,24,3211.859,25.45190297763985,2.683085255855837,0.0004677925742919,0.1013931483466459,7.0,1.7759043090943398,1.7723903888673012,483,448
B0036,37,16,24,3215.859,26.00580839279124,2.682117615527785,0.0004674944194674,0.1013931483466459,9.0,1.7780426649905914,1.7745245136729484,483,446
B0036,41,17,24,3225.125,26.845307972510515,2.659668132739057,0.0004719455600171,0.1025167815502021,1.0,1.7830029333591657,1.7794749673306385,483,442
B0036,43,18,24,3234.343,27.81505202908745,2.6726649868851067,0.0004679009283373,0.1025167815502021,3.0,1.7883000424613875,1.784761595226906,483,440
B0036,45,19,24,3218.25,26.20275128566912,2.650694350880205,0.0004768851138316,0.1025167815502021,5.0,1.779294712578026,1.7757740838772718,483,438
B0036,47,20,24,3203.5,25.704404765618435,2.6668651734647586,0.0004735699106302,0.1025167815502021,7.0,1.7709235500451854,1.7674194850732297,483,436
B0036,49,21,24,3194.39,25.46083879423276,2.699376305602087,0.0004649109502001,0.1025167815502021,9.0,1.7659050180801104,1.7624108831031953,483,434
B0036,53,22,24,3225.219,37.62543555779899,2.627373237504619,0.0004772178237793,0.1022622571762007,1.0,1.7826929241469245,1.7791655715228671,483,430
B0036,57,23,24,3252.985,36.14360152332376,2.6486517814110364,0.000471271588706,0.1025951411216539,1.0,1.7964662072920203,1.7929116019505793,483,426
B0036,59,24,24,3245.25,35.625609247013934,2.6240374089622858,0.0004809852889531,0.1025951411216539,3.0,1.7909083533422898,1.7873647451335843,483,424
B0036,61,25,24,3235.031,35.57170100720283,2.626618792448541,0.0004821722521442,0.1025951411216539,5.0,1.78518002808874,1.7816477543184233,483,422
B0036,63,26,24,3228.141,35.70160875626844,2.6336670386490053,0.0004809258790013,0.1025951411216539,7.0,1.7811343176546524,1.7776100489911728,483,420
B0036,65,27,24,3217.875,35.94641088579465,2.663548100827095,0.0004732077163517,0.1025951411216539,9.0,1.7755577789223569,1.7720445443625437,483,418
B0036,69,28,24,3220.219,36.334410213773005,2.645759955186599,0.0004771618151638,0.1020481146391911,1.0,1.776885870616115,1.7733700082073565,483,414
B0036,71,29,24,3210.234,35.97981353599547,2.682232775431839,0.0004682249264482,0.1020481146391911,3.0,1.7713083410378214,1.7678035146932818,483,412
B0036,73,30,24,3210.546,35.59540889841283,2.636976729427503,0.0004826706770674,0.1020481146391911,5.0,1.7713348840874137,1.767830005223063,483,410
B0036,75,31,24,3200.969,35.45428075393079,2.625473231549502,0.0004872212776253,0.1020481146391911,7.0,1.766084286640505,1.7625897969511108,483,408
B0036,77,32,24,3188.625,35.64366066127881,2.6876812013759497,0.0004695165723684,0.1020481146391911,9.0,1.7592793663412327,1.7557983413114828,483,406
B0036,81,33,24,3191.735,36.101132129359335,2.68500337747393,0.0004691837892265,0.1021270310722576,1.0,1.7610368813762425,1.7575523788124836,483,402
B0036,83,34,24,3190.313,35.918627450147724,2.6519664988321767,0.0004806177762852,0.1021270310722576,3.0,1.760242767365706,1.756759836087782,483,400
B0036,85,35,24,3182.156,35.53291026153138,2.6336440877825646,0.000487507343802,0.1021270310722576,5.0,1.7555899416034395,1.752116216710384,483,398
B0036,87,36,24,3180.156,35.58661163053266,2.627746605322606,0.0004900941400863,0.1021270310722576,7.0,1.7545602176655593,1.7510885302515249,483,396
B0036,89,37,24,3171.953,35.60387176093939,2.635679662070204,0.0004883908530427,0.1021270310722576,9.0,1.7499108336094895,1.746448345770339,483,394
B0036,93,38,24,3192.172,37.150900989394586,2.6450931525551966,0.0004817262203645,0.102312808475618,1.0,1.7610225525303758,1.7575380783186072,483,390
B0036,95,39,24,3194.735,37.80882382148786,2.6704116794436663,0.000474123208034,0.102312808475618,3.0,1.7624094574337117,1.7589222390013408,483,388
B0036,97,40,24,3178.75,36.91705917872692,2.6837393111584085,0.0004722713546513,0.102312808475618,5.0,1.7536170397120676,1.7501472185315186,483,386
B0036,99,41,24,3165.359,36.08766208839117,2.654784886935533,0.0004834051037733,0.102312808475618,7.0,1.746204477519168,1.742749323318191,483,384
B0036,101,42,24,3155.25,35.833124475553674,2.650821200008131,0.0004860420759006,0.102312808475618,9.0,1.7406176172769725,1.7371735176024756,483,382
B0036,105,43,24,3173.766,37.01706025174733,2.676194561155316,0.0004718995082314,0.1018814962807889,1.0,1.750690404425682,1.7472263740768108,483,378
B0036,109,44,24,3199.485,37.72356956982813,2.679442027657799,0.0004696758817815,0.1027164415837004,1.0,1.765112055153915,1.7616194891852237,483,374
B0036,111,45,24,3196.015,36.98324646085538,2.656640378340114,0.0004782220861693,0.1027164415837004,3.0,1.763188826756488,1.7597000662130848,483,372
B0036,113,46,24,3595.281,39.35953919640877,2.697143455219266,0.0004430469875585,0.1027164415837004,5.0,1.985492952897096,1.981564326893938,483,370
B0036,117,47,24,3198.0,37.02707505372143,2.661271238713629,0.0004756021794347,0.1040227495138019,1.0,1.765355730813324,1.7618626826920616,483,366
B0036,119,48,24,3183.516,36.34456840908186,2.6908838763824483,0.0004692302235172,0.1040227495138019,3.0,1.7571880383127276,1.753711151321172,483,364
B0036,121,49,24,3183.797,36.1535770040422,2.6365640724626367,0.0004862108650124,0.1040227495138019,5.0,1.7573770661844437,1.7538998051699983,483,362
B0036,123,50,24,3191.516,37.00649086775502,2.6235919177171154,0.0004896089779786,0.1040227495138019,7.0,1.7617376127979814,1.7582517237212762,483,360
B0036,125,51,24,3189.985,37.85686718856992,2.66145718134933,0.000477502105693,0.1040227495138019,9.0,1.7606892547636663,1.7572054400366224,483,358
B0036,129,52,24,3189.734,37.45005504798,2.640601067759597,0.0004833490822543,0.1032775943747973,1.0,1.760669562156983,1.7571857863950164,483,354
B0036,131,53,24,3176.016,36.77795934417618,2.6732282064652693,0.0004758691238389,0.1032775943747973,3.0,1.752963802649152,1.74949527400611,483,352
B0036,133,54,24,3171.36,36.644215074090106,2.668754575341305,0.0004779932090411,0.1032775943747973,5.0,1.750535708024147,1.7470719837676771,483,350
B0036,135,55,24,3170.843,37.138598100953445,2.658195971284472,0.0004813329333711,0.1032775943747973,7.0,1.7500761995337284,1.746613384490762,483,348
B0036,137,56,24,3164.672,37.11821986816654,2.684649370373972,0.0004738820886072,0.1032775943747973,9.0,1.7465957802278385,1.7431398517697714,483,346
B0036,141,57,24,3177.453,38.21028860245779,2.668665957651981,0.0004763735501185,0.1042910923115587,1.0,1.753614286788707,1.7501444710552718,483,342
B0036,143,58,24,3172.375,37.5096400873081,2.6672344803975685,0.0004783502496519,0.1042910923115587,3.0,1.750725029920349,1.747260931059213,483,340
B0036,145,59,24,3158.406,36.38797733722857,2.627654590987336,0.0004927920380363,0.1042910923115587,5.0,1.743305349081011,1.7398559312848665,483,338
B0036,147,60,24,3141.578,36.0550831310012,2.6888969070187216,0.0004759756924933,0.1042910923115587,7.0,1.733662505277619,1.730232167441871,483,336
B0036,149,61,24,3138.187,35.91912656959304,2.6648936078550007,0.0004841273444697,0.1042910923115587,9.0,1.7319207051538927,1.728493813757604,483,334
B0036,153,62,24,3157.969,37.598391918046985,2.652977190328466,0.0004841448984502,0.1035779067064479,1.0,1.7428604522751463,1.7394119147808718,483,330
B0036,155,63,24,3159.281,38.473409883226125,2.69728379874788,0.0004707583144339,0.1035779067064479,3.0,1.743306971099712,1.739857550094135,483,328
B0036,157,64,24,3150.375,37.37835847467748,2.666438804228148,0.0004819020504768,0.1035779067064479,5.0,1.738524506272696,1.7350845481643058,483,326
B0036,159,65,24,3134.078,36.32515383321495,2.644225504233063,0.0004913046745484,0.1035779067064479,7.0,1.7295622663746972,1.726140041539376,483,324
B0036,161,66,24,3129.797,36.17136327433497,2.6270672485920983,0.0004974935971405,0.1035779067064479,9.0,1.7273036765742085,1.7238859207321453,483,322
B0036,165,67,24,3161.89,36.94271187003511,2.681073460503821,0.0004713874022543,0.1015257349852554,1.0,1.7449370491071912,1.7414844027228296,483,318
B0036,169,68,24,3196.859,37.96104323229247,2.6173518629094725,0.0004896278225949,0.1032940105887217,1.0,1.7642432071133691,1.7607523603041442,483,314
B0036,171,69,24,3171.906,36.73214755581345,2.6882522902609858,0.0004717045732389,0.1032940105887217,3.0,1.7504882032049596,1.7470245729446268,483,312
B0036,173,70,24,3160.842999999993,36.08238955313576,2.639398647353621,0.0004888182962361,0.1032940105887217,5.0,1.7442710815479925,1.7408197528905287,483,310
B0036,175,71,24,3147.141,35.84834420893077,2.6623791019309224,0.0004835009895199,0.1032940105887217,7.0,1.7365413923373951,1.7331053581477285,483,308
B0036,177,72,24,3141.203,35.70394071930231,2.6561014633579925,0.0004864887635888,0.1032940105887217,9.0,1.733223093105756,1.7297936247196235,483,306
B0036,181,73,24,3151.047,37.23120350609712,2.6878503046332485,0.0004741886721526,0.1032207839837861,1.0,1.73860622908762,1.735166109277132,483,302
B0036,183,74,24,3159.172,38.21827936701842,2.606635521236163,0.0004990887090827,0.1032207839837861,3.0,1.7432134953746192,1.7397642593262157,483,300
B0036,185,75,24,3141.047,36.626274908995,2.684954312438798,0.0004772887405786,0.1032207839837861,5.0,1.7332698214832971,1.729840260637346,483,298
B0036,187,76,24,3135.0310000000027,36.01597323994527,2.62963250026716,0.0004958852381903,0.1032207839837861,7.0,1.7298906291663272,1.7264677546109453,483,296
B0036,189,77,24,3117.984,35.64214686208444,2.676552998785705,0.0004833907224152,0.1032207839837861,9.0,1.7204403348841348,1.7170361592980947,483,294
B0036,193,78,24,3125.328,35.82141559167005,2.62514939238803,0.0004984287763185,0.1028892540502402,1.0,1.724420729012913,1.7210086775591422,483,290
B0036,195,79,24,3120.172,35.84687241575459,2.628502877540015,0.0004984712463955,0.1028892540502402,3.0,1.7214872814061166,1.7180810342633257,483,288
B0036,197,80,24,3116.641,35.6948403215532,2.619866867748,0.0005018135133663,0.1028892540502402,5.0,1.7197448773569262,1.7163420778485603,483,286
B0036,199,81,24,3110.844,35.819676472043525,2.6612878285284127,0.0004894660782273,0.1028892540502402,7.0,1.7164304142145894,1.7130341729194214,483,284
B0036,201,82,24,3101.406,35.629734084261784,2.6699917743429817,0.0004881899105505,0.1028892540502402,9.0,1.711202925329962,1.70781702748564,483,282
B0036,205,83,24,3099.563,35.66196676336087,2.6688661295694205,0.000488146841456,0.1023155434535772,1.0,1.7102343231599222,1.7068503418551004,483,278
B0036,207,84,24,3104.64,35.75183992747387,2.6222751020303923,0.0005029909745402,0.1023155434535772,3.0,1.713096882151029,1.7097072368000714,483,276
B0036,209,85,24,3099.875,35.77783462667514,2.643376209522438,0.0004969756752155,0.1023155434535772,5.0,1.7103708617208135,1.7069866102518798,483,274
B0036,211,86,24,3093.25,35.713721223369035,2.6362266436030413,0.0005003704096895,0.1023155434535772,7.0,1.7064617296121434,1.703085213007254,483,272
B0036,213,87,24,3086.688,35.725860691702124,2.6753943315026825,0.0004886422673652,0.1023155434535772,9.0,1.7029429979110946,1.6995734436985113,483,270
B0036,217,88,24,3094.281,35.768527567848494,2.626280067476453,0.0005030536467211,0.1029340973647276,1.0,1.7072612643840062,1.70388316576741,483,266
B0036,219,89,24,3088.328,35.84926876193408,2.6699754309728454,0.0004901566300163,0.1029340973647276,3.0,1.7038637196766078,1.7004923436638189,483,264
B0036,221,90,24,3095.687,36.56783936040424,2.6485692977117936,0.0004959096847326,0.1029340973647276,5.0,1.7079617948422274,1.7045823101103244,483,262
B0036,223,91,24,3102.062,37.22026804863562,2.652784779103966,0.0004935433641355,0.1029340973647276,7.0,1.711302283362779,1.7079161889221652,483,260
B0036,225,92,24,3107.141,37.24354714231705,2.61112320884266,0.000506195999925,0.1029340973647276,9.0,1.714122057472244,1.710730383642455,483,258
B0036,229,93,24,3090.719,36.101954503621805,2.6171931724123265,0.0005065867802262,0.1016677917003621,1.0,1.7053324925701605,1.7019582103474182,483,254
B0036,231,94,24,3069.812,35.590895284221084,2.6630699292303373,0.0004953222188616,0.1016677917003621,3.0,1.6934609472531408,1.6901101548451378,483,252
B0036,233,95,24,3064.437,35.41708929698686,2.659720848238619,0.0004972481149858,0.1016677917003621,5.0,1.6905244127230223,1.6871794307339874,483,250
B0036,235,96,24,3083.25,36.54228598490352,2.6273527452578365,0.0005055953386713,0.1016677917003621,7.0,1.7007774858498304,1.6974122164608128,483,248
B0036,237,97,24,3076.484,37.06815080209899,2.679397409659904,0.0004889769298574,0.1016677917003621,9.0,1.6971104467944576,1.6937524332483611,483,246
B0036,241,98,24,3081.297,36.82684422999281,2.6638409912727004,0.0004927697941121,0.1042778928730599,1.0,1.6997924522951835,1.696429131957877,483,242
B0036,243,99,24,3065.953,35.92988720620677,2.638750759665419,0.0005038414966066,0.1042778928730599,3.0,1.691270477395412,1.6879240191941007,483,240
B0036,245,100,24,3055.828,35.781290058222865,2.6521564133104056,0.0005010573117159,0.1042778928730599,5.0,1.6857127009469863,1.6823772397250614,483,238
B0036,247,101,24,3051.468,35.83938701624516,2.6736629264226712,0.0004947080970472,0.1042778928730599,7.0,1.6832093771286156,1.679878869146657,483,236
B0036,249,102,24,3069.0,37.17156479403066,2.665966871855665,0.000494469581443,0.1042778928730599,9.0,1.692886364169521,1.689536708669126,483,234
B0036,253,103,24,3079.235,37.84191340591018,2.6818321771597287,0.0004870737874848,0.1044429856737314,1.0,1.6984668174144633,1.6951061200648914,483,230
B0036,255,104,24,3070.344,36.94021929474592,2.6354438765341697,0.0005041858885042,0.1044429856737314,3.0,1.6935813413828429,1.6902303107551535,483,228
B0036,257,105,24,3051.4839999999967,35.979852438003704,2.633581331346773,0.0005078906357994,0.1044429856737314,5.0,1.6830951253781283,1.6797648434621435,483,226
B0036,259,106,24,3054.812,35.91143435448471,2.6164895194312585,0.0005139404201409,0.1044429856737314,7.0,1.6850462226942986,1.6817120802097634,483,224
B0036,261,107,24,3046.532,36.0224357923641,2.662037646915503,0.0005003930032201,0.1044429856737314,9.0,1.6803098840017598,1.67698511314623,483,222
B0036,265,108,24,3071.782,37.65075812929836,2.670589438884728,0.0004922957279079,0.1045320687634572,1.0,1.6944038437227715,1.6910511856382455,483,218
B0036,267,109,24,3074.532,38.27191158762031,2.668638829617292,0.0004927583170748,0.1045320687634572,3.0,1.6955686127180103,1.6922136499454945,483,216
B0036,269,110,24,3053.656,37.26845925037034,2.6931351824491827,0.0004880741415062,0.1045320687634572,5.0,1.6841854728350405,1.6808530334863812,483,214
B0036,271,111,24,3031.953,36.23919416621716,2.6913462011853904,0.0004921098910173,0.1045320687634572,7.0,1.6722180144870118,1.668909254732878,483,212
B0036,273,112,24,3023.5,35.989930424393194,2.6988025346836504,0.0004909598776444,0.1045320687634572,9.0,1.6675976965747183,1.6642980788832982,483,210
B0036,277,113,24,3042.703,36.752805224654765,2.6523436778902467,0.0005028092676883,0.1035342687005086,1.0,1.6781873787039017,1.6748668075759472,483,206
B0036,279,114,24,4424.203,38.49714613607372,2.691307184686052,0.0004131693697058,0.1035342687005086,3.0,2.444062432078656,2.439226450560819,483,204
B0036,283,115,24,3066.766,37.31224141481378,2.6565288043863395,0.0004972565054475,0.1044183648622564,1.0,1.6913403148932205,1.6879937185068756,483,200
B0036,285,116,24,3046.125,36.59740421257035,2.680162151919943,0.0004935403653717,0.1044183648622564,3.0,1.6802787096613283,1.676954000489384,483,198
B0036,287,117,24,3033.625,36.44126696853565,2.686423419926791,0.0004935338884096,0.1044183648622564,5.0,1.673147301023026,1.6698367025218723,483,196
B0036,289,118,24,3028.562,36.32670051789851,2.672431142055385,0.0004989218391018,0.1044183648622564,7.0,1.6704292090032429,1.6671239886964426,483,194
B0036,291,119,24,3020.984,36.29811998606583,2.690675565426353,0.0004940287084382,0.1044183648622564,9.0,1.6659903350115992,1.6626938977507235,483,192
B0036,295,120,24,3017.391,36.31566540517328,2.697829479340451,0.0004915217709715,0.1022936021423731,1.0,1.664241575272447,1.66094859822178,483,188
B0036,297,121,24,3022.14,36.31712206468977,2.6506127411002423,0.0005070335226677,0.1022936021423731,3.0,1.6668450767774965,1.6635469482687508,483,186
B0036,299,122,24,3009.016,36.228571111440864,2.690672074169337,0.000496032842798,0.1022936021423731,5.0,1.6594501560667536,1.6561666596309916,483,184
B0036,301,123,24,3014.672,36.35810336081934,2.62722492525996,0.0005162956089228,0.1022936021423731,7.0,1.662412523067319,1.6591231650987763,483,182
B0036,303,124,24,3010.703,36.29901438256062,2.6243035932050947,0.000517837448932,0.1022936021423731,9.0,1.66035260832257,1.6570673262358475,483,180
B0036,307,125,24,3011.75,36.42868217427085,2.6669662761212,0.0005032828780397,0.1029038380520534,1.0,1.6610231379633236,1.6577365291228705,483,176
B0036,309,126,24,3005.734,36.39664144336581,2.657342749492438,0.0005077223967142,0.1029038380520534,3.0,1.6575187557321611,1.654239080891216,483,174
B0036,311,127,24,2993.75,36.31743524658528,2.6914302974482167,0.0004982933807341,0.1029038380520534,5.0,1.6507877959674548,1.6475214394430109,483,172
B0036,313,128,24,2998.125,36.40596657880105,2.641029666264374,0.0005143814995031,0.1029038380520534,7.0,1.653257006211014,1.6499857639459503,483,170
B0036,315,129,24,2990.859,36.28093983069052,2.6663067674348446,0.0005071558500699,0.1029038380520534,9.0,1.6494214846772686,1.6461578316255592,483,168
B0036,319,130,24,3024.453,37.95295717388789,2.652024511951085,0.0005060293146094,0.1040856806622729,1.0,1.6678591915666705,1.6645590564641843,483,164
B0036,321,131,24,3030.765,38.41829396059596,2.650846498933422,0.0005056868108522,0.1040856806622729,3.0,1.670862764324967,1.6675566861572972,483,162
B0036,323,132,24,3020.813,37.82488704281872,2.636443131108017,0.0005121187872927,0.1040856806622729,5.0,1.6658118164053368,1.6625157323730322,483,160
B0036,325,133,24,2998.156,36.92206046060923,2.6573768263158466,0.0005089267070018,0.1040856806622729,7.0,1.6532998517617,1.6500285247196318,483,158
B0036,327,134,24,2986.766,36.61884081007243,2.661750337550587,0.0005094058930387,0.1040856806622729,9.0,1.6468787023528522,1.6436200806162855,483,156
B0036,331,135,24,3032.328,37.26760229905419,2.676647507144037,0.0004938905201185,0.1037414869532509,1.0,1.6718953249703756,1.6685872037107898,483,152
B0036,335,136,24,3047.703,38.25722659181597,2.683234032060573,0.0004915315027691,0.1046730875946324,1.0,1.6807743463585727,1.6774486564874955,483,148
B0036,337,137,24,3034.968,37.22999793294153,2.622356052772389,0.0005142281115269,0.1046730875946324,3.0,1.6737717086703074,1.670459874675411,483,146
B0036,339,138,24,3011.7339999999967,36.750095375605376,2.6656468752025866,0.0005039190399709,0.1046730875946324,5.0,1.6605773762487392,1.6572916494215213,483,144
B0036,341,139,24,3002.922,36.46133969406453,2.6416903037262225,0.0005132804416722,0.1046730875946324,7.0,1.655987781146086,1.6527111355914244,483,142
B0036,343,140,24,2986.718,36.121581178683655,2.6595878021770023,0.0005098437267531,0.1046730875946324,9.0,1.646862318389844,1.6436037290716563,483,140
B0036,347,141,24,3006.203,37.62901534109348,2.687257575540443,0.0004969312656982,0.1046814165790936,1.0,1.6574621175432849,1.654182554770358,483,136
B0036,349,142,24,3011.609,38.17206500603514,2.6749338603361448,0.0005006123033919,0.1046814165790936,3.0,1.6603991175216894,1.6571137434088286,483,134
B0036,351,143,24,2985.953,37.0744174656725,2.6883490982654625,0.0005003831427313,0.1046814165790936,5.0,1.6460789092837111,1.6428218700699353,483,132
B0036,353,144,24,2976.312999999994,36.55596040748888,2.6341133806914536,0.000520165887933,0.1046814165790936,7.0,1.6408366462659327,1.6375899797360671,483,130
B0036,355,145,24,2964.75,36.35822055804636,2.6535520046660226,0.0005156688563458,0.1046814165790936,9.0,1.63444089202816,1.6312068805552526,483,128
B0036,359,146,24,2969.953,37.04815005782166,2.682065697865543,0.0005046334261424,0.1043656977117543,1.0,1.6374039186504212,1.6341640443395624,483,124
B0036,361,147,24,2988.453,37.78142773101782,2.623022825320866,0.0005218170541252,0.1043656977117543,3.0,1.64738207540524,1.6441224576618834,483,122
B0036,363,148,24,3001.235,38.98412239569435,2.638877668106794,0.0005144470122585,0.1043656977117543,5.0,1.6545646441622357,1.6512908145193368,483,120
B0036,365,149,24,2976.234,37.65911041193654,2.6345026369215763,0.0005201962621708,0.1043656977117543,7.0,1.640896560729935,1.637649775649399,483,118
B0036,367,150,24,2950.39,36.92167189475025,2.6856425973144904,0.0005074697518905,0.1043656977117543,9.0,1.6265229979339637,1.6233046533233249,483,116
B0036,371,151,24,2941.719,36.59954969750561,2.68786797873656,0.0005074522430733,0.1029259409333536,1.0,1.6217349144630455,1.6185260438670095,483,112
B0036,373,152,24,2946.969,36.62217023847058,2.6302060684262494,0.0005268714834459,0.1029259409333536,3.0,1.6248200059639546,1.621605031004428,483,110
B0036,375,153,24,2936.171,36.59089881260896,2.6641914790243417,0.000517144647916,0.1029259409333536,5.0,1.61880119736137,1.615598131609554,483,108
B0036,377,154,24,2927.281,36.59234456560626,2.689303373660729,0.0005100990965015,0.1029259409333536,7.0,1.6137350490334217,1.610542007493491,483,106
B0036,379,155,24,2924.422,36.48018480302178,2.65147651386545,0.0005235424179273,0.1029259409333536,9.0,1.612012823654141,1.6088231898218015,483,104
B0036,383,156,24,3023.859,38.23567263982747,2.6896892125914618,0.0004892291457435,0.103615310969762,1.0,1.6671032556887178,1.6638046163303202,483,100
B0036,387,157,24,3056.172,37.930952706812825,2.6628469651561684,0.0004968388119308,0.1042563220427105,1.0,1.6850133383886254,1.6816792609711246,483,96
B0036,389,158,24,3045.078,37.19257582780181,2.626900680068646,0.0005110410836176,0.1042563220427105,3.0,1.6786654987614698,1.6753439815939497,483,94
B0036,391,159,24,3034.25,36.76201438343683,2.6081515730092875,0.0005188447350527,0.1042563220427105,5.0,1.6729763502191373,1.6696660899724067,483,92
B0036,393,160,24,3022.609,36.54833629882202,2.635733198142088,0.0005118199464029,0.1042563220427105,7.0,1.666489034299654,1.6631916102798034,483,90
B0036,395,161,24,3028.828,37.37954300419149,2.629018498984386,0.0005131693438622,0.1042563220427105,9.0,1.6698420840710908,1.6665380254880189,483,88
B0036,399,162,24,3037.875,38.17965570439169,2.6266603184816235,0.0005116415055533,0.1051440682725413,1.0,1.6746744228027035,1.6713608026386804,483,84
B0036,401,163,24,3023.187,37.06880928199277,2.602450788874241,0.0005227131627663,0.1051440682725413,3.0,1.6665045335145643,1.663207078826955,483,82
B0036,403,164,24,2996.922,36.3207199175235,2.662872873818505,0.0005070514259315,0.1051440682725413,5.0,1.652222084834727,1.6489528903326758,483,80
B0036,405,165,24,2986.469,36.10688426616758,2.6641259048235493,0.0005083680555575,0.1051440682725413,7.0,1.6462718275099526,1.6430144065755774,483,78
B0036,407,166,24,2979.219,36.31248307899438,2.6980994427054057,0.0004983380417323,0.1051440682725413,9.0,1.642399234692521,1.6391494763231629,483,76
B0036,411,167,24,2995.047,37.07549861586275,2.649240292513478,0.0005113845685405,0.1036160578605324,1.0,1.651178607099992,1.6479114772911223,483,72
B0036,413,168,24,2989.828,37.414877687125575,2.691344905562854,0.0004988412762007,0.1036160578605324,3.0,1.6481683120281931,1.6449071385857157,483,70
B0036,415,169,24,2989.391,37.09639528593206,2.6312837349184783,0.0005189258703842,0.1036160578605324,5.0,1.6478887725428395,1.644628152215441,483,68
B0036,417,170,24,2967.2810000000027,36.36605166703309,2.6584363442335084,0.0005137277143815,0.1036160578605324,7.0,1.635843650915682,1.6326068638524438,483,66
B0036,419,171,24,2962.609,36.234238027710575,2.623199819387988,0.0005263723520251,0.1036160578605324,9.0,1.6332362811945516,1.6300046532432968,483,64
B0036,423,172,24,2957.016,36.13330283566238,2.633671931011382,0.0005232279939901,0.1032709787470331,1.0,1.629926467682987,1.626701388744867,483,60
B0036,425,173,24,2973.281,37.40631592104371,2.613160298710749,0.0005277709390678,0.1032709787470331,3.0,1.6387862629287224,1.6355436534212118,483,58
B0036,427,174,24,2968.016,37.77076533558071,2.664776371262019,0.0005114845097954,0.1032709787470331,5.0,1.6359654863840771,1.632728458249226,483,56
B0036,429,175,24,2959.281,37.14813436098321,2.632939371611515,0.0005237156410739,0.1032709787470331,7.0,1.631137043967566,1.6279095697041623,483,54
B0036,431,176,24,2942.797000000006,36.53239990681521,2.628283415842944,0.0005281070428413,0.1032709787470331,9.0,1.6220189720888465,1.6188095394378437,483,52
B0036,435,177,24,2978.89,37.81511547301817,2.638269533539896,0.0005157501705855,0.1039364275415278,1.0,1.6416044978422155,1.6383563119910831,483,48
B0036,439,178,24,2948.891,36.404593910301536,2.666855394758346,0.0005133214493532,0.104962660264592,1.0,1.6253090231457803,1.6220930805849263,483,44
B0036,441,179,24,2938.547,36.31178502135717,2.645771603606621,0.0005229081103336,0.104962660264592,3.0,1.6196134522239485,1.6164087792916235,483,42
B0036,443,180,24,2925.484,36.180551238597374,2.6749192828697232,0.0005153478670253,0.104962660264592,5.0,1.6124236174774371,1.6092331708216157,483,40
B0036,445,181,24,2917.297,36.10348020899565,2.6772635289500464,0.0005159799077478,0.104962660264592,7.0,1.6077701029913394,1.6045888640831405,483,38
B0036,447,182,24,2918.938,36.39815845242428,2.651409246777448,0.0005244233015013,0.104962660264592,9.0,1.6088077531981582,1.6056244611275046,483,36
B0036,451,183,24,2918.25,36.34867749615663,2.6359845840555653,0.0005291186881387,0.1033269608287819,1.0,1.6083556258734268,1.6051732284114204,483,32
B0036,453,184,24,2915.4839999999967,36.30340414585353,2.6203632515294,0.0005357967420572,0.1033269608287819,3.0,1.606820251901154,1.6036408924303442,483,30
B0036,455,185,24,2906.015,36.26566178605087,2.6353503124760125,0.0005323619507659,0.1033269608287819,5.0,1.601770977206713,1.5986016085605157,483,28
B0036,457,186,24,2894.14,36.17313667131571,2.665160202735034,0.0005242009994692,0.1033269608287819,7.0,1.594911734692208,1.5917559381911373,483,26
B0036,459,187,24,2892.031,36.20038317528244,2.6439462094074133,0.0005319102367959,0.1033269608287819,9.0,1.5938139125387372,1.5906602882602636,483,24
B0036,463,188,24,2888.719,36.12974352283867,2.680823910703161,0.0005198999539524,0.1038631855399398,1.0,1.5920273129504596,1.588877223754591,483,20
B0036,465,189,24,2875.641,36.15128962766672,2.6584332895177942,0.0005299312744375,0.1038631855399398,3.0,1.5847361549778751,1.5816004925432612,483,18
B0036,467,190,24,2860.7810000000027,36.06503580876304,2.68581364438656,0.0005229611098102,0.1038631855399398,5.0,1.5763429363936798,1.5732238813294075,483,16
B0036,469,191,24,2852.844,36.12802521407918,2.686590802386354,0.0005241753252581,0.1038631855399398,7.0,1.5720229174642286,1.5689124102714942,483,14
B0036,471,192,24,2854.64,36.26774799217623,2.656968060548768,0.0005342402721355,0.1038631855399398,9.0,1.5729874285512353,1.5698750129138843,483,12
B0036,475,193,24,2897.844,38.43630283495838,2.676038889381632,0.0005191016088346,0.1065741956779839,1.0,1.596985400389019,1.5938255007975966,483,8
B0036,477,194,24,2896.063,38.52063845392343,2.6188084347235887,0.0005397983011487,0.1065741956779839,3.0,1.595726023703856,1.5925686159973762,483,6
B0036,479,195,24,2866.234,37.489412293667954,2.645949573946669,0.0005359464056298,0.1065741956779839,5.0,1.579500338340559,1.5763750358346262,483,4
B0036,481,196,24,2836.609,36.78751789975617,2.6883439532038187,0.000526446584302,0.1065741956779839,7.0,1.5629469877520186,1.559854438786443,483,2
B0036,483,197,24,2829.516,36.62637340717898,2.67894320816739,0.0005312483015295,0.1065741956779839,9.0,1.5591129431541175,1.5560279804795345,483,0
B0038,1,1,24,982.938,51.693778100061,2.1981645845929387,0.0018871506175786,0.1354086646263523,0.0,0.8980573709676724,1.0,121,120
B0038,5,2,24,1489.953,51.136880141242045,2.173538006790758,0.0013500885419395,0.1354086646263523,1.0,1.1026236331914077,1.2277875209724205,121,116
B0038,7,3,24,1479.703,51.3517572303697,2.191128315273502,0.0013487931110346,0.1354086646263523,3.0,1.0885801879473431,1.2121499395683142,121,114
B0038,9,4,24,1468.172,49.541551118224994,2.174928379064222,0.0013706716267467,0.1354086646263523,5.0,1.0613249847591086,1.181800872716531,121,112
B0038,11,5,24,1457.0,49.94400434434952,2.162304775163232,0.0013889313112645,0.1354086646263523,7.0,1.0347062057983545,1.152160473537944,121,110
B0038,13,6,24,1437.047,50.47284162905345,2.1523889970129018,0.0014159010110816,0.1354086646263523,9.0,1.0269978594353013,1.1435771172711309,121,108
B0038,17,7,24,1170.531,49.83589725328242,2.1947161370182617,0.0016964463195234,0.1409589153170984,1.0,1.078501971098942,1.200927697900678,121,104
B0038,21,8,24,1436.141,50.058224679961086,2.1463956973341785,0.0014184518558892,0.1390604486837707,1.0,1.0638897478802845,1.1846567739140372,121,100
B0038,23,9,24,1420.172,49.70254627455938,2.1983669967426582,0.0013996567461643,0.1390604486837707,3.0,1.0366551223324425,1.1543306205653971,121,98
B0038,25,10,24,1397.0,51.35429552288885,2.1858064268526136,0.0014316655248904,0.1390604486837707,5.0,1.030941327482094,1.147968226541292,121,96
B0038,27,11,24,1393.25,50.44246795838984,2.151862863027953,0.0014599703189395,0.1390604486837707,7.0,1.0140084541034655,1.1291132247050697,121,94
B0038,29,12,24,1380.938,51.33205933952721,2.164578187429903,0.0014640576690811,0.1390604486837707,9.0,1.008516095994519,1.1229974037269197,121,92
B0038,33,13,44,6375.828,49.52801806570102,2.180206803089782,0.0003132963182687,0.1417566616272736,1.0,1.7419245088095905,1.939658383887698,121,88
B0038,37,14,44,6574.671,49.28701938671706,2.1921466685430167,0.0003033572280529,0.1442799845227066,1.0,1.779741859708433,1.9817685564906955,121,84
B0038,39,15,44,6571.156000000003,49.17905905171433,2.16658130125341,0.0003077619844145,0.1442799845227066,3.0,1.7815666306452766,1.983800465582291,121,82
B0038,41,16,44,6569.11,49.1809104842522,2.1366453580856253,0.0003124863248171,0.1442799845227066,5.0,1.7834859577156017,1.9859376643096476,121,80
B0038,43,17,44,6558.75,49.05688408240341,2.1909799678189845,0.0003047601453195,0.1442799845227066,7.0,1.7864411650415677,1.9892283308321896,121,78
B0038,45,18,44,6567.516,49.13032050804125,2.166402675362294,0.0003082843856608,0.1442799845227066,9.0,1.7859997608067948,1.9887368207694227,121,76
B0038,49,19,44,6430.172,49.23198595690627,2.145739105715045,0.0003165540747707,0.1464874217828299,1.0,1.7769523773001608,1.978662427084657,121,72
B0038,53,20,44,6554.327999999994,49.16417337699806,2.139096537674337,0.0003122547243568,0.1455291574783139,1.0,1.781428917321899,1.9836471197852077,121,68
B0038,55,21,44,6560.922,49.04035070342245,2.1550256706410824,0.0003100637733197,0.1455291574783139,3.0,1.7859452772697195,1.988676152555079,121,66
B0038,57,22,44,6559.047,48.97912041843542,2.1776344857025127,0.000306802704809,0.1455291574783139,5.0,1.785208429691551,1.9878556620140624,121,64
B0038,59,23,44,6553.781,48.978872169562095,2.1804158381574807,0.0003065908356715,0.1455291574783139,7.0,1.783596609584544,1.9860608767819448,121,62
B0038,61,24,44,6540.187,49.04045996790738,2.1075006723313274,0.0003181641545717,0.1455291574783139,9.0,1.7796783152744713,1.9816977988353208,121,60
B0038,65,25,44,6535.922,48.95885334502884,2.1931517470679918,0.0003052227216897,0.1450098652315949,1.0,1.7841102592788645,1.986632833219168,121,56
B0038,67,26,44,6544.078,49.01777260309724,2.1577326042974923,0.000310506797548,0.1450098652315949,3.0,1.7833032331592191,1.985734197847159,121,54
B0038,69,27,44,6531.187,48.99249018111872,2.162189918911785,0.0003101950628131,0.1450098652315949,5.0,1.7796186141356956,1.9816313207452725,121,52
B0038,71,28,44,6528.562,48.94618497316047,2.199945094089768,0.000304658146999,0.1450098652315949,7.0,1.7816592334352586,1.9839035801415337,121,50
B0038,73,29,44,6525.187,49.0209427982368,2.1302151249881103,0.0003152902354763,0.1450098652315949,9.0,1.7775911304124037,1.9793736880050528,121,48
B0038,77,30,44,6515.938,49.014180829264426,2.164304791761506,0.0003102378148332,0.1458467317489905,1.0,1.777701881971679,1.979497011483993,121,44
B0038,79,31,44,6532.015,49.08755174393166,2.103101288221301,0.00031909634764,0.1458467317489905,3.0,1.7789547618270618,1.980892111503085,121,42
B0038,81,32,44,6527.922,49.000307836809725,2.1449886066523933,0.0003132771279416,0.1458467317489905,5.0,1.7807753731135043,1.9829193887632013,121,40
B0038,83,33,44,6519.328,49.05042538685695,2.1205293855533207,0.0003172614987256,0.1458467317489905,7.0,1.778415319026661,1.980291434065496,121,38
B0038,85,34,44,6510.063,49.08198729235301,2.1339834463152427,0.0003158305199861,0.1458467317489905,9.0,1.7789773899108463,1.980917308204895,121,36
B0038,89,35,44,6501.718,49.13279687311376,2.1093887147366805,0.0003196377183727,0.1456213343445297,1.0,1.7792479347236043,1.9812185638056,121,32
B0038,91,36,44,6509.047,49.13552693190528,2.098244904990502,0.0003212244482301,0.1456213343445297,3.0,1.777920457368508,1.979740398380972,121,30
B0038,93,37,44,6502.438,49.04172173314357,2.1367946107881166,0.0003156292139083,0.1456213343445297,5.0,1.779227040224144,1.981195297475256,121,28
B0038,95,38,44,6502.047,49.09468753497383,2.103206542363035,0.0003207729797947,0.1456213343445297,7.0,1.7760634320079352,1.9776725735174316,121,26
B0038,97,39,44,6498.86,49.057064718364046,2.1895312972615004,0.0003075021842166,0.1456213343445297,9.0,1.775103937963957,1.976604162884663,121,24
B0038,101,40,44,3162.047,54.42193934195762,2.1594623220347016,0.0006396496476179,0.1452836701674513,1.0,1.733064100138742,1.9297921894136176,121,20
B0038,105,41,44,3173.141,54.61602412701822,2.023065783993831,0.0006818670089641,0.1461825969283644,1.0,1.7394892806215223,1.9369467217302525,121,16
B0038,107,42,44,3169.844,54.621843575697525,2.0028176202456365,0.0006899042875104,0.1461825969283644,3.0,1.7378064360392924,1.9350728497075596,121,14
B0038,109,43,44,3156.563,54.57283441287881,2.061244397117138,0.0006738009657086,0.1461825969283644,5.0,1.730028145799833,1.926411609912736,121,12
B0038,111,44,44,3155.047,54.65884815489962,2.030738155835073,0.0006840762355436,0.1461825969283644,7.0,1.7290404566542985,1.9253118036225545,121,10
B0038,113,45,44,3142.312,54.51993729622157,2.1901431826977382,0.0006362077484038,0.1461825969283644,9.0,1.7286072907068817,1.9248294670130897,121,8
B0038,117,46,44,1485.047,69.28796559754325,2.11587711023423,0.0013863502310269,0.1467937683516624,1.0,1.52573884649634,1.69893249119745,121,4
B0038,121,47,44,1489.313,69.86974573152932,2.052769819032336,0.0014326949804749,0.1564431165662892,1.0,1.5301475534434217,1.7038416507785703,121,0
B0039,1,1,24,982.938,41.68577610887712,2.4897962179516666,0.0016161037349697,0.1185198874494795,0.0,0.1190383185934176,1.0,121,120
B0039,5,2,24,1489.953,42.96184230643531,2.475664628588948,0.0011582708059618,0.1185198874494795,1.0,0.4729861500927512,3.973394077484101,121,116
B0039,7,3,24,1479.703,43.606076550083,2.497942856856816,0.0011520272800157,0.1185198874494795,3.0,0.1628079382920206,1.3676935310897722,121,114
B0039,9,4,24,1468.172,43.90627471664096,2.480114715641411,0.00117339287425,0.1185198874494795,5.0,0.4787632853388766,4.021925805035273,121,112
B0039,11,5,24,1457.0,44.013774813837145,2.4872303300157066,0.0011776908280115,0.1185198874494795,7.0,0.4711383364607152,3.95787123027095,121,110
B0039,13,6,24,1437.047,42.92203104864584,2.489183697067473,0.0011926867453532,0.1185198874494795,9.0,0.4668172561120673,3.92157131945478,121,108
B0039,17,7,24,1170.531,43.24542727979999,2.498492440398465,0.0014529585403058,0.102144213673012,1.0,0.4699932676625547,3.948251900867688,121,104
B0039,21,8,24,1436.141,43.86578283702087,2.4971812527928607,0.00118689847789,0.1014537466753826,1.0,0.4627052684317185,3.8870279242780255,121,100
B0039,23,9,24,1420.172,43.67270130471354,2.4988010332333745,0.001199763893643,0.1014537466753826,3.0,0.4604944782656097,3.8684558359603143,121,98
B0039,25,10,24,1397.0,43.79137016976176,2.487295552712161,0.0012279772690877,0.1014537466753826,5.0,0.4412227248835694,3.7065604596667017,121,96
B0039,27,11,24,1393.25,43.92654641714406,2.4958019219001284,0.0012251123360377,0.1014537466753826,7.0,0.4435442194396584,3.726062537514577,121,94
B0039,29,12,24,1380.938,43.36143647499468,2.498934011647546,0.0012338963508613,0.1014537466753826,9.0,0.4126655541164234,3.4666614833993648,121,92
B0039,33,13,44,6375.828,48.10057733769074,2.4987062304520014,0.0002664105419441,0.0965011379673775,1.0,1.7461791006389626,14.669050447554955,121,88
B0039,37,14,44,6574.671,48.36094927051516,2.473002904156423,0.0002634306004137,0.10575691934226,1.0,1.7695250734505363,14.865171940931498,121,84
B0039,39,15,44,6571.156000000003,48.20507797013392,2.489434465017692,0.0002615998989404,0.10575691934226,3.0,1.7715391419501945,14.882091438144302,121,82
B0039,41,16,44,6569.11,48.18149876688975,2.473981445559395,0.0002637978028505,0.10575691934226,5.0,1.770625483958279,14.8744161113864,121,80
B0039,43,17,44,6558.75,48.22285805925047,2.4673788761032256,0.0002653809595352,0.10575691934226,7.0,1.7704040639447296,14.872556037956551,121,78
B0039,45,18,44,6567.516,48.3111327307896,2.458737817987512,0.0002662329942167,0.10575691934226,9.0,1.769508178880176,14.86503001545271,121,76
B0039,49,19,44,6430.172,48.31988246057892,2.4562277920171924,0.0002708229659147,0.1043106805566972,1.0,1.7638356274269416,14.81737686039926,121,72
B0039,53,20,44,6554.327999999994,48.19161251147565,2.437931364664341,0.0002695281780329,0.1037226007504304,1.0,1.7715725869786123,14.882372398332691,121,68
B0039,55,21,44,6560.922,48.22746339794149,2.4476008226100348,0.0002683286444909,0.1037226007504304,3.0,1.7701196454489685,14.870166735930768,121,66
B0039,57,22,44,6559.047,48.171946839870586,2.467377500135635,0.000265246681967,0.1037226007504304,5.0,1.766756975286052,14.841918099671032,121,64
B0039,59,23,44,6553.781,48.20204512091098,2.457416820096295,0.0002669730233317,0.1037226007504304,7.0,1.7648743629092642,14.826102920163851,121,62
B0039,61,24,44,6540.187,48.20808548312476,2.470228395185217,0.0002656806154933,0.1037226007504304,9.0,1.763838685943225,14.817402553943316,121,60
B0039,65,25,44,6535.922,48.216947901934525,2.47756542534469,0.000264169319735,0.1021636716592339,1.0,1.7657225752056789,14.8332284601281,121,56
B0039,67,26,44,6544.078,48.23861432117145,2.480137502417058,0.00026395593199,0.1021636716592339,3.0,1.7645632809383045,14.82348962744739,121,54
B0039,69,27,44,6531.187,48.2409468668017,2.4411463439008707,0.000270402022229,0.1021636716592339,5.0,1.7608991948479125,14.7927088995802,121,52
B0039,71,28,44,6528.562,48.28638353591076,2.4393843779206725,0.0002708455503083,0.1021636716592339,7.0,1.7598362095817717,14.783779125716611,121,50
B0039,73,29,44,6525.187,48.23633627651948,2.49689484054888,0.0002621001432423,0.1021636716592339,9.0,1.7590955400143164,14.77755701525498,121,48
B0039,77,30,44,6515.938,48.2681944116944,2.465533668800099,0.0002668275451066,0.1047400112572983,1.0,1.7560495443976525,14.751968653014517,121,44
B0039,79,31,44,6532.015,48.25892855404056,2.487866062972102,0.0002630811704902,0.1047400112572983,3.0,1.7571677199949287,14.761362061880575,121,42
B0039,81,32,44,6527.922,48.27406092264485,2.480376897645346,0.0002645429032978,0.1047400112572983,5.0,1.7558911269459976,14.75063784245262,121,40
B0039,83,33,44,6519.328,48.37743085469793,2.423512955443349,0.0002736305724373,0.1047400112572983,7.0,1.7533419072229914,14.729222723748588,121,38
B0039,85,34,44,6510.063,48.34229218799801,2.4421166575524973,0.0002711273488878,0.1047400112572983,9.0,1.7506673845335168,14.706754977890974,121,36
B0039,89,35,44,6501.718,48.35205523072366,2.48916723023537,0.0002637194521875,0.1038891605166846,1.0,1.7510006664162403,14.70955476443586,121,32
B0039,91,36,44,6509.047,48.36227474052515,2.486277943958813,0.0002644207600208,0.1038891605166846,3.0,1.7496058853847871,14.697837688388969,121,30
B0039,93,37,44,6502.438,48.39407566049798,2.4621592876012923,0.0002683286574577,0.1038891605166846,5.0,1.7477359172183355,14.682128728546896,121,28
B0039,95,38,44,6502.047,48.40712816602448,2.419307605326947,0.0002749697243176,0.1038891605166846,7.0,1.7444225468099093,14.654294242579876,121,26
B0039,97,39,44,6498.86,48.476824345274245,2.498091152649448,0.0002629401339075,0.1038891605166846,9.0,1.743308366083936,14.64493439325456,121,24
B0039,101,40,44,3162.047,52.90221489344579,2.4729033909981424,0.0005451441496272,0.1036796428951875,1.0,1.6556691733888471,13.908707657774318,121,20
B0039,105,41,44,3173.141,53.04880173105535,2.482404434239833,0.0005426335880269,0.1026017419107234,1.0,1.64297669457593,13.802082505782137,121,16
B0039,107,42,44,3169.844,53.017440171542674,2.4529055944220666,0.0005532036074494,0.1026017419107234,3.0,1.6343822729361266,13.72988372356346,121,14
B0039,109,43,44,3156.563,53.07430485716129,2.442965370421763,0.0005588038883142,0.1026017419107234,5.0,1.62650670621656,13.66372379445302,121,12
B0039,111,44,44,3155.047,53.15177003577248,2.450251182214539,0.0005567708756677,0.1026017419107234,7.0,1.618865991735961,13.599536778281392,121,10
B0039,113,45,44,3142.312,53.01718592680281,2.447037438010891,0.0005599499888649,0.1026017419107234,9.0,1.6114968339209264,13.537631016320788,121,8
B0039,117,46,44,1485.047,63.94078057196598,2.4740907394153795,0.0011549049666167,0.104595721931662,1.0,1.3240805773461226,11.123145832297896,121,4
B0039,121,47,44,1489.313,64.14381595669508,2.442276380666166,0.0011829660461704,0.1065281068779178,1.0,1.3153386221697692,11.04970767154722,121,0
B0040,1,1,24,982.938,40.67740211970284,2.689034363728547,0.0014029310884826,0.1219059975893953,0.0,0.6734628137095633,1.0,121,120
B0040,5,2,24,1489.953,41.121867004450536,2.69442244998024,0.0009979556196727,0.1219059975893953,1.0,0.7913062105760345,1.174981297359786,121,116
B0040,7,3,24,1479.703,41.63283156392668,2.6769978869674524,0.0010172121204483,0.1219059975893953,3.0,0.7865824034601745,1.1679670910521796,121,114
B0040,9,4,24,1468.172,41.715752737182754,2.675172001926867,0.0010264101451393,0.1219059975893953,5.0,0.7795871426061582,1.1575800871796345,121,112
B0040,11,5,24,1457.0,41.61695629052659,2.69268420954805,0.0010220216993013,0.1219059975893953,7.0,0.7628241523125163,1.1326893434705527,121,110
B0040,13,6,24,1437.047,40.41568117134027,2.695919341909784,0.0010340918006328,0.1219059975893953,9.0,0.7405021514606399,1.099544230782114,121,108
B0040,17,7,24,1170.531,41.6427020562054,2.6973035934049494,0.0012647115256734,0.1173595250393376,1.0,0.7783970881100656,1.155813019315059,121,104
B0040,21,8,24,1436.141,41.666127528934624,2.680482862570943,0.0010449772016635,0.116436023638212,1.0,0.7733165409025605,1.1482691028521437,121,100
B0040,23,9,24,1420.172,41.55823578501682,2.686758150797836,0.0010530537776073,0.116436023638212,3.0,0.7589575236409498,1.1269479297015157,121,98
B0040,25,10,24,1397.0,41.25451200429936,2.674688015022009,0.0010788399812889,0.116436023638212,5.0,0.7407399462256391,1.0998973234253282,121,96
B0040,27,11,24,1393.25,40.05463707446548,2.686289969564933,0.0010732297270193,0.116436023638212,7.0,0.7446218752617147,1.1056614561391944,121,94
B0040,29,12,24,1380.938,40.76452850374992,2.6945279873006065,0.0010771343950512,0.116436023638212,9.0,0.7149875629820736,1.0616585629186917,121,92
B0040,33,13,44,6375.828,47.45925542600303,2.682915069119874,0.0002340829222167,0.116667291895821,1.0,1.7075144448533202,2.535424985750885,121,88
B0040,37,14,44,6574.671,47.733284854985534,2.6893633842231077,0.0002272370090466,0.1243501349471261,1.0,1.730880859428193,2.570120909711654,121,84
B0040,39,15,44,6571.156000000003,47.68533526444168,2.663011590614207,0.0002316779549862,0.1243501349471261,3.0,1.7328212845233328,2.573002175099496,121,82
B0040,41,16,44,6569.11,47.67231335727975,2.6936866986118786,0.0002270403577611,0.1243501349471261,5.0,1.7317734323431513,2.571446258189385,121,80
B0040,43,17,44,6558.75,47.70025798751115,2.644136217828117,0.0002350115849631,0.1243501349471261,7.0,1.7341296392350067,2.5749449025746287,121,78
B0040,45,18,44,6567.516,47.70250785089967,2.6743889241293517,0.0002300777029399,0.1243501349471261,9.0,1.7334756929990074,2.5739738820183526,121,76
B0040,49,19,44,6430.172,47.77567590438216,2.6812131139529,0.0002324941620408,0.1233564920742878,1.0,1.7243057179457877,2.560357725540893,121,72
B0040,53,20,44,6554.327999999994,47.68448077336878,2.6999262584848243,0.0002262299744237,0.1225040186823496,1.0,1.7318975861687205,2.5716306096087087,121,68
B0040,55,21,44,6560.922,47.66868390973605,2.67095044814488,0.0002307841844566,0.1225040186823496,3.0,1.7333691208377455,2.573815636961473,121,66
B0040,57,22,44,6559.047,47.63553822379171,2.677767553221005,0.0002298436317227,0.1225040186823496,5.0,1.732175650153278,2.5720434965252497,121,64
B0040,59,23,44,6553.781,47.64097688926351,2.6464594317551624,0.000234799887616,0.1225040186823496,7.0,1.7334832776102866,2.573985144126853,121,62
B0040,61,24,44,6540.187,47.67660695857828,2.654408689336339,0.0002341119773943,0.1225040186823496,9.0,1.732372495746513,2.5723357852592788,121,60
B0040,65,25,44,6535.922,47.670062907549664,2.6386466599890395,0.0002362572906958,0.1222009388184009,1.0,1.7338175297202416,2.5744814627106725,121,56
B0040,67,26,44,6544.078,47.67504818462313,2.650918288963567,0.0002344167495602,0.1222009388184009,3.0,1.7329630786357868,2.5732127199277586,121,54
B0040,69,27,44,6531.187,47.66226480407664,2.6471595195723987,0.0002354596230836,0.1222009388184009,5.0,1.731883908457334,2.5716103000814297,121,52
B0040,71,28,44,6528.562,47.65776484346084,2.669669356026842,0.0002320991992606,0.1222009388184009,7.0,1.7306960059812662,2.56984642767172,121,50
B0040,73,29,44,6525.187,47.65588226485245,2.6833023579431665,0.0002301341908999,0.1222009388184009,9.0,1.7296011601947467,2.5682207316952947,121,48
B0040,77,30,44,6515.938,47.68924379895171,2.664835318499988,0.0002328411954609,0.1219858711115269,1.0,1.7296187381064656,2.5682468324856598,121,44
B0040,79,31,44,6532.015,47.68013294716548,2.695190974478952,0.0002281278254541,0.1219858711115269,3.0,1.7307198617163877,2.569881850169645,121,42
B0040,81,32,44,6527.922,47.69683888709109,2.659441128426158,0.000233661015493,0.1219858711115269,5.0,1.729274556175907,2.567735769478835,121,40
B0040,83,33,44,6519.328,47.68346890250753,2.645724055946119,0.0002360837282437,0.1219858711115269,7.0,1.7297962212599596,2.5685103706497285,121,38
B0040,85,34,44,6510.063,47.72656082449746,2.686333486141192,0.0002301533469782,0.1219858711115269,9.0,1.7268942069037494,2.564201276966849,121,36
B0040,89,35,44,6501.718,47.7336433887077,2.67226557137279,0.0002322724472857,0.1212139471823516,1.0,1.7272191689306016,2.5646838010501942,121,32
B0040,91,36,44,6509.047,47.73354479118836,2.6426430588133014,0.0002369444923334,0.1212139471823516,3.0,1.7285674981160106,2.5666858851414927,121,30
B0040,93,37,44,6502.438,47.74132595782936,2.6490836320353925,0.000236162974818,0.1212139471823516,5.0,1.726636381605547,2.563818441726426,121,28
B0040,95,38,44,6502.047,47.73740327080965,2.65252579490315,0.0002356431788702,0.1212139471823516,7.0,1.7262424141835069,2.5632334540863955,121,26
B0040,97,39,44,6498.86,47.780084445812335,2.6675427612038987,0.0002333861477028,0.1212139471823516,9.0,1.72527259276029,2.561793402158547,121,24
B0040,101,40,44,3162.047,51.74025766413764,2.6781395492001447,0.0004738280170965,0.1226026050513524,1.0,1.666802687745505,2.474973604799995,121,20
B0040,105,41,44,3173.141,51.80596353207629,2.637555628457468,0.0004868465742458,0.1232360911234898,1.0,1.666754853762041,2.474902577888797,121,16
B0040,107,42,44,3169.844,51.79140734732303,2.654677503869026,0.0004826727930972,0.1232360911234898,3.0,1.6583274448761054,2.4623890304228047,121,14
B0040,109,43,44,3156.563,51.7543308845732,2.6785586854358763,0.0004772368346595,0.1232360911234898,5.0,1.65032263550715,2.450502985334638,121,12
B0040,111,44,44,3155.047,51.86320043661648,2.619691419158041,0.0004960355805016,0.1232360911234898,7.0,1.6493406341242296,2.449044847835536,121,10
B0040,113,45,44,3142.312,51.81917888349145,2.6631019561941023,0.0004841152735745,0.1232360911234898,9.0,1.641919055037739,2.4380248198021977,121,8
B0040,117,46,44,1485.047,53.95646661253941,1.7489828090032309,0.0016289840633487,0.1236963990271704,1.0,0.425812451177779,0.6322731448709421,121,4
B0040,121,47,44,1489.313,55.67880428959517,2.535468112391112,0.0011058373186476,0.1385168925070375,1.0,0.5569902643736575,0.8270542233885899,121,0
B0041,1,1,4,1063.609,9.925006929139911,1.948761932682621,0.0021046599062141,0.0535433453908043,0.0,0.055620243768194,1.0,162,161
B0041,4,2,4,1067.641,10.752582877071836,1.9012002130732608,0.0021462809099363,0.0535433453908043,1.0,0.0556974726122768,1.0013885024381537,162,158
B0041,6,3,4,1048.687,10.859754872978824,1.964899016000036,0.0021235384655651,0.0535433453908043,3.0,0.0558390162918539,1.003933325509534,162,156
B0041,8,4,4,1039.984,10.755318068306904,1.9253389098858815,0.0021795985805969,0.0535433453908043,5.0,0.056148059974053,1.009489642081734,162,154
B0041,10,5,4,687.328,10.897588103290213,1.9131372213178368,0.0033159782770304,0.0535433453908043,7.0,0.056470531599139,1.015287380517222,162,152
B0041,12,6,4,1047.531,9.341307040097297,1.8627826858792496,0.0022250826263239,0.0535433453908043,9.0,0.0440922918408019,0.7927381984257988,162,150
B0041,16,7,4,1038.375,10.393349980789248,1.91439695870045,0.0021926593482674,0.0517508325288131,1.0,0.0567719130814178,1.0207059378959864,162,146
B0041,18,8,4,1030.703,10.096648262126736,1.8935647470508337,0.0022304943610667,0.0517508325288131,3.0,0.0569383765007572,1.0236987945981824,162,144
B0041,20,9,4,1010.765,10.90616342735489,1.839446966520227,0.0023272495311362,0.0517508325288131,5.0,0.0444014841131225,0.798297186509513,162,142
B0041,22,10,4,1025.719,8.568134800681483,1.976983963738619,0.0021601698963666,0.0517508325288131,7.0,0.0446343581849161,0.8024840446751145,162,140
B0041,24,11,4,1016.859,10.723989411834728,1.873021814547241,0.0022802209892566,0.0517508325288131,9.0,0.0447987224365748,0.8054391603043028,162,138
B0041,28,12,4,1021.079,10.069265727154304,1.9477419384591268,0.0021974127710438,0.0529248018775308,1.0,0.0467089878078547,0.839783946336548,162,134
B0041,30,13,4,1010.562,11.678125966059154,1.848331298599493,0.00231983014257,0.0529248018775308,3.0,0.0449537153308952,0.8082257876870668,162,132
B0041,32,14,4,1003.313,10.184555541046697,1.9596888390790304,0.0022241135587799,0.0529248018775308,5.0,0.0452193290195426,0.8130012735650933,162,130
B0041,34,15,4,1006.187,10.778359079693514,1.9992324205815248,0.0021787621438029,0.0529248018775308,7.0,0.0454022241469497,0.8162895570211914,162,128
B0041,36,16,4,996.765,10.339342995308634,1.9251333188603237,0.002273634678741,0.0529248018775308,9.0,0.0456790122497417,0.8212659484218747,162,126
B0041,40,17,4,999.422,11.13650452054683,1.974005533207924,0.0022176554313789,0.0524039212072358,1.0,0.0455208025703398,0.8184214862497702,162,122
B0041,42,18,4,990.234,9.695569312291523,1.8695092344510635,0.0023454700067789,0.0524039212072358,3.0,0.0457285414602425,0.8221564373364368,162,120
B0041,44,19,4,608.953,10.5100184115379,1.9264050760509093,0.0037179950952567,0.0524039212072358,5.0,0.045860512192502,0.8245291477619691,162,118
B0041,46,20,4,586.719,10.61900706852965,1.9303413820598547,0.0038548141975599,0.0524039212072358,7.0,0.045983556030275,0.8267413609677559,162,116
B0041,48,21,4,575.922,10.81117656025071,1.9192879295943024,0.0039450542070645,0.0524039212072358,9.0,0.046128762966734,0.8293520459741737,162,114
B0041,52,22,4,1050.406,8.406830339250588,1.895888999773776,0.002177985420271,0.0528310723280793,1.0,0.0463714545530443,0.833715413875288,162,110
B0041,56,23,4,1040.75,9.345446470246117,1.8503922251966067,0.002248184220592,0.054090268807287,1.0,0.0464238542531432,0.8346575115100513,162,106
B0041,58,24,4,1019.125,10.959408995323104,1.918957726187492,0.0022285003028141,0.054090268807287,3.0,0.0465794695305646,0.8374553287592867,162,104
B0041,60,25,4,618.844,10.83821929996881,1.8900554775200376,0.0037179403933354,0.054090268807287,5.0,0.0467260089483965,0.840089970535448,162,102
B0041,62,26,4,1039.547,9.713734913231036,1.8174460639575951,0.0022833451129687,0.054090268807287,7.0,0.0468634724324437,0.8425614355045706,162,100
B0041,64,27,4,1004.328,11.338971542207569,1.8839750015583077,0.0022959209725554,0.054090268807287,9.0,0.0471230704848885,0.8472287658659187,162,98
B0041,68,28,4,1005.75,8.874610339188825,1.8734696416805767,0.0023033275607456,0.0541206217262819,1.0,0.047089685801538,0.8466285404607647,162,94
B0041,70,29,4,995.797,10.892975819528624,1.886110144063044,0.0023135987244106,0.0541206217262819,3.0,0.0471681699068244,0.8480396113221853,162,92
B0041,72,30,4,998.921,9.921480417012177,1.873963241781132,0.0023179514125551,0.0541206217262819,5.0,0.0474166233958466,0.8525065728489565,162,90
B0041,74,31,4,989.141,9.340703602759724,1.8016696485993335,0.0024144873477767,0.0541206217262819,7.0,0.0474736581861432,0.853532005073495,162,88
B0041,76,32,4,979.203,10.415323507314886,1.8542865324237547,0.0023846347046091,0.0541206217262819,9.0,0.047671071688296,0.8570813153385776,162,86
B0041,80,33,4,994.031,10.395152109274877,1.843811769338875,0.0023593555556943,0.0523322711634034,1.0,0.0477561486679362,0.8586109199191458,162,82
B0041,82,34,4,971.516,11.381000616023892,1.838701263626609,0.0024194561854616,0.0523322711634034,3.0,0.0478336905290522,0.8600050501110095,162,80
B0041,84,35,4,810.563,11.200598645773905,1.839823604952559,0.0028982119080788,0.0523322711634034,5.0,0.0479228171589379,0.8616074636181692,162,78
B0041,86,36,4,599.047,10.936042652403566,1.811117308582499,0.0039701042261776,0.0523322711634034,7.0,0.0481080249716144,0.8649373269939644,162,76
B0041,88,37,4,109.078,9.652988520428655,1.750577605139322,0.0223618802788735,0.0523322711634034,9.0,0.0480878273582587,0.8645741927826175,162,74
B0041,92,38,4,109.171,9.298616166335734,1.7948775590357675,0.0219385212234002,0.0551537841354749,1.0,0.0484226192632661,0.8705934383364972,162,70
B0041,94,39,4,96.484,8.441835425382303,1.975138784399138,0.0229762961261638,0.0551537841354749,3.0,0.0479864952546282,0.8627523362648216,162,68
B0041,96,40,4,109.094,10.811071564713467,1.7728949542450014,0.0221772433411239,0.0551537841354749,5.0,0.0482217520049512,0.8669820327635177,162,66
B0041,98,41,4,96.906,7.830975218816948,1.930210649441756,0.0233547046948484,0.0551537841354749,7.0,0.0478773156676534,0.8607893893307901,162,64
B0041,100,42,4,97.015,9.120173569834156,1.9650910927147995,0.0229712625115122,0.0551537841354749,9.0,0.0482903205557941,0.8682148312231699,162,62
B0041,104,43,4,5608.781,14.806765885071044,1.9984945380049617,0.0003828898354067,0.0530770886099763,1.0,1.2156494086360898,21.856240215388063,162,58
B0041,108,44,4,5703.296,13.99744937533934,1.9980483774045472,0.0003800105309313,0.0520227239672869,1.0,1.1476416320946563,20.633523953574,162,54
B0041,110,45,4,5668.032,14.356275659290002,1.969259944196061,0.000391357937228,0.0520227239672869,3.0,1.1194574527298191,20.126798749666243,162,52
B0041,112,46,4,5634.047,14.518586105925962,1.9711826686049976,0.0003931909319365,0.0520227239672869,5.0,1.0841325641850128,19.4916902684444,162,50
B0041,114,47,4,5582.375,12.628628797798616,1.992456853950006,0.0003930432033808,0.0520227239672869,7.0,1.0607784232892656,19.07180464203328,162,48
B0041,116,48,4,5567.329,14.249076739876308,1.9860813942080051,0.0003953323807587,0.0520227239672869,9.0,1.0170312865626592,18.285272009977056,162,46
B0041,120,49,4,5528.453,13.400963787224589,1.9641170559105663,0.0003978786262732,0.0526904058825759,1.0,1.0000374999808574,17.979739609712396,162,42
B0041,122,50,4,5513.39,13.143596987494345,1.9738816345942325,0.000401444358769,0.0526904058825759,3.0,0.991506494786248,17.82636010943254,162,40
B0041,124,51,4,5486.187,14.777209247015293,1.96202217374659,0.000405520667708,0.0526904058825759,5.0,0.9655644425371016,17.35994625556193,162,38
B0041,126,52,4,5461.922,14.304402604245366,1.9654140118768375,0.0004065805066737,0.0526904058825759,7.0,0.9383311962439672,16.870317939536683,162,36
B0041,128,53,4,5438.157,14.331273599738246,1.986312676889039,0.0004046285076893,0.0526904058825759,9.0,0.9298903389240268,16.71855921379073,162,34
B0041,132,54,4,5402.875,14.563719307573445,1.9630747982406385,0.0004072061148207,0.0547724493907827,1.0,0.9072117399448598,16.310819199674942,162,30
B0041,134,55,4,5384.438,13.829855263617011,1.9779431503032716,0.0004102246738886,0.0547724493907827,3.0,0.9176870676937324,16.499155802307072,162,28
B0041,136,56,4,5344.859,13.737164003906685,1.9639398858129091,0.000415893435657,0.0547724493907827,5.0,0.9157430721963028,16.464204580130996,162,26
B0041,138,57,4,5305.156,12.81091218035467,1.9702983324374248,0.0004177741779035,0.0547724493907827,7.0,0.9111662690050432,16.38191793625482,162,24
B0041,140,58,4,5284.547,14.671197747849568,1.9730383300739127,0.0004190310289242,0.0547724493907827,9.0,0.8968901443572698,16.12524655762384,162,22
B0041,144,59,4,5267.843,13.038382746716444,1.9838761544280687,0.0004136249438459,0.0557417318276825,1.0,0.8862133472800153,15.933287724761623,162,18
B0041,146,60,4,5229.688,13.71449439237538,1.9788346452939312,0.0004222681944734,0.0557417318276825,3.0,0.8931124136187014,16.057326489630025,162,16
B0041,148,61,4,5206.954,14.575589138075149,1.981400280220432,0.0004235960441508,0.0557417318276825,5.0,0.880898507091054,15.837731865439762,162,14
B0041,150,62,4,5179.062,13.067203225526349,1.9709138772975625,0.0004277569442588,0.0557417318276825,7.0,0.8798879382023741,15.819562781303928,162,12
B0041,152,63,4,5144.109,14.838581695723231,1.963309434324626,0.0004322971387311,0.0557417318276825,9.0,0.8682347537115443,15.610049415282084,162,10
B0041,156,64,4,5142.891,14.14400886283852,1.969632856814267,0.0004263445615021,0.0571892565609036,1.0,0.8443569490395516,15.180748803592802,162,6
B0041,158,65,4,5109.734,13.627764711730384,1.9745500537070804,0.0004328966192126,0.0571892565609036,3.0,0.8657093203148538,15.564644483092003,162,4
B0041,160,66,4,5078.937,13.996072333026769,1.9757714925691647,0.0004352666871172,0.0571892565609036,5.0,0.848696904019178,15.258777137983312,162,2
B0041,162,67,4,5051.672,14.227945473001952,1.9845398354520496,0.0004359058849285,0.0571892565609036,7.0,0.8364948433646345,15.039395491520247,162,0
B0042,3,1,22,3360.922,36.71744985096319,2.129158438168119,0.0006120290780667,0.0758644695101022,1.0,1.7287126633755356,1.0,274,271
B0042,5,2,22,3289.406,35.70113647811508,2.1712317301519577,0.0006128067347218,0.0758644695101022,3.0,1.7314706281853145,1.00159538647932,274,269
B0042,7,3,22,3244.797,35.604456217007545,2.095290280372333,0.00064464157179,0.0758644695101022,5.0,1.7282350363146088,0.9997237093988806,274,267
B0042,9,4,22,3211.438,35.76285352997919,2.1366970037230573,0.0006384045216531,0.0758644695101022,7.0,1.720344742291621,0.9951594494208336,274,265
B0042,11,5,22,3175.594,36.007677297437105,2.168073033459323,0.0006359230173904,0.0758644695101022,9.0,1.7221734367707635,0.9962172854151464,274,263
B0042,15,6,22,2646.625,33.431937420119205,3.3813406435619986,0.0003028134062415,0.0751636096366125,1.0,0.0,0.0,274,259
B0042,17,7,22,3121.672,36.26317829568585,2.139145470034486,0.0006557432229468,0.0751636096366125,3.0,1.708669577331945,0.988405773574624,274,257
B0042,19,8,22,3102.937,35.7623078299739,2.0578186631112567,0.0006857224761765,0.0751636096366125,5.0,1.7036476485918646,0.9855007629002216,274,255
B0042,21,9,22,3089.437,35.6522927277619,2.0659696365057045,0.0006859700309751,0.0751636096366125,7.0,1.6958375743577971,0.9809829072730076,274,253
B0042,23,10,22,3077.75,35.46408341742395,2.128700063525188,0.0006683917477756,0.0751636096366125,9.0,1.6949064846676911,0.9804443043519832,274,251
B0042,27,11,22,3074.875,35.57686579319408,2.0313187007109774,0.0006994141382617,0.0739153341311581,1.0,1.6874768094352457,0.9761464962836728,274,247
B0042,29,12,22,3061.891,35.388257294125744,2.1649043558777703,0.0006598261712514,0.0739153341311581,3.0,1.685989172917945,0.9752859504284724,274,245
B0042,31,13,22,3058.469,35.480764002425865,2.0349571700229223,0.0007030065525195,0.0739153341311581,5.0,1.6782864747774933,0.9708302081274868,274,243
B0042,33,14,22,3040.75,35.44318242068533,2.181544114739576,0.0006586996866758,0.0739153341311581,7.0,1.6739647640901527,0.9683302491817926,274,241
B0042,35,15,22,3037.641,35.53526888191109,2.113769860085841,0.0006817862036742,0.0739153341311581,9.0,1.6722378801237066,0.9673313070192042,274,239
B0042,39,16,22,3044.828,35.63389752973798,2.098421577709346,0.0006852122129589,0.0740477597124731,1.0,1.675989790049197,0.9695016560916544,274,235
B0042,41,17,22,3030.25,35.59922975777694,2.037616415551784,0.0007082815160476,0.0740477597124731,3.0,1.6618247672847988,0.9613076843203489,274,233
B0042,43,18,22,3017.578,35.43687423276839,2.187174985653482,0.0006621074640353,0.0740477597124731,5.0,1.6606710352566112,0.9606402905697096,274,231
B0042,45,19,22,3015.0,35.61618852753751,2.072733153164181,0.0007006464250011,0.0740477597124731,7.0,1.6530644874507203,0.9562401678847527,274,229
B0042,47,20,22,2999.454,35.607533152172905,2.153538168709435,0.0006768491158143,0.0740477597124731,9.0,1.649953986270456,0.954440851407143,274,227
B0042,51,21,22,3054.859,35.78017086282214,2.0832977472531726,0.0006866471130569,0.0747526538711737,1.0,1.681297805444492,0.972572157920993,274,223
B0042,55,22,22,3034.875,36.29735151754127,2.199482829433638,0.0006538754784874,0.0738675928473736,1.0,1.6700520424481298,0.9660668761384188,274,219
B0042,57,23,22,3030.0,36.77407258413331,2.053610599291471,0.0007039236305162,0.0738675928473736,3.0,1.667181860354792,0.964406575873288,274,217
B0042,59,24,22,3011.781,36.6898808416456,2.0842633816547624,0.000697745593285,0.0738675928473736,5.0,1.6568865613275168,0.9584511043565972,274,215
B0042,61,25,22,2990.25,36.474588298798025,2.1599889328107214,0.0006768329677232,0.0738675928473736,7.0,1.6449819446579936,0.951564698696632,274,213
B0042,63,26,22,2980.234,36.53730084509967,2.1678081694534352,0.0006765311054557,0.0738675928473736,9.0,1.639214585000014,0.948228482227483,274,211
B0042,67,27,22,2994.844,36.91332213005366,2.0092759412003707,0.0007257161324903,0.0739944660268061,1.0,1.6410599890208055,0.9492959841090208,274,207
B0042,69,28,22,2987.672,37.19792815636057,2.0586265993400703,0.0007120148832065,0.0739944660268061,3.0,1.643269651219848,0.9505741966459312,274,205
B0042,71,29,22,2975.1100000000006,37.30788971906059,2.043267705708337,0.0007199460478424,0.0739944660268061,5.0,1.6298673102402297,0.9428214096943688,274,203
B0042,73,30,22,2953.219,36.91850317978018,2.192115165922968,0.0006745101141171,0.0739944660268061,7.0,1.6238536344658807,0.9393427079403096,274,201
B0042,75,31,22,2955.484,37.047150483309736,2.009457332273357,0.0007362128076885,0.0739944660268061,9.0,1.6186308887044174,0.9363215316210102,274,199
B0042,79,32,22,2957.016,37.11898525927804,2.022898050960585,0.000730850138225,0.0744915146409264,1.0,1.6193418112441196,0.936732775522188,274,195
B0042,81,33,22,2948.219,37.20592886199134,2.0786601580627257,0.0007148399764158,0.0744915146409264,3.0,1.614593271326993,0.9339859107494998,274,193
B0042,83,34,22,2935.5,37.36855348711016,2.0245603644426806,0.0007358404094167,0.0744915146409264,5.0,1.6072040891927848,0.9297115265266296,274,191
B0042,85,35,22,2913.797000000006,36.95276259711366,2.1378818450405794,0.0007022311608081,0.0744915146409264,7.0,1.6012663590062357,0.9262767566470852,274,189
B0042,87,36,22,2900.703,36.815592394057184,2.183476039948653,0.0006899637814877,0.0744915146409264,9.0,1.594040741063104,0.9220969886056904,274,187
B0042,91,37,22,2914.031,36.96422627426333,2.0156684625826635,0.0007439915845824,0.0743104624224476,1.0,1.5946888289374477,0.9224718848438416,274,183
B0042,93,38,22,2901.968,37.23035953747147,2.0632481862122884,0.0007310084534556,0.0743104624224476,3.0,1.5882100957302596,0.918724163580241,274,181
B0042,95,39,22,2901.734,37.46832272742832,1.9973214087149431,0.000754063793691,0.0743104624224476,5.0,1.587985558077698,0.9185942763772844,274,179
B0042,97,40,22,2887.407,37.6505920814981,2.040034213071634,0.000742773370017,0.0743104624224476,7.0,1.5799165406650344,0.9139266311499348,274,177
B0042,99,41,22,2861.937,37.16199226931662,2.11763338483894,0.0007215630565429,0.0743104624224476,9.0,1.5655946193652834,0.9056418990465754,274,175
B0042,103,42,4,1055.25,36.86635295736364,2.166646513631925,0.0019096226598313,0.0754596251487432,1.0,0.0707012773734017,0.040898223788879,274,171
B0042,107,43,4,1012.187,38.12553242159685,2.1499182639223604,0.0020042618515213,0.0769982195284669,1.0,0.0841687853013907,0.0486887075478699,274,167
B0042,109,44,4,991.172,38.33981699002702,2.162600478224296,0.0020431482294761,0.0769982195284669,3.0,0.0844378562146582,0.0488443556893847,274,165
B0042,111,45,4,982.094,37.77196459678644,2.174009268733748,0.0020508740366922,0.0769982195284669,5.0,0.0847891906059033,0.0490475903845937,274,163
B0042,113,46,4,1063.609,36.82466507220515,2.1861984912538444,0.0018438416955228,0.0769982195284669,7.0,0.0933425818344258,0.0539954289755489,274,161
B0042,116,47,4,1067.641,38.55810679258891,2.1758569457027304,0.001875303297801,0.0780061072945392,1.0,0.1060318013139778,0.0613357000040347,274,158
B0042,118,48,4,1048.687,38.71410921886447,2.1928857082631903,0.0019022757909692,0.0780061072945392,3.0,0.106505866207118,0.0616099300152932,274,156
B0042,120,49,4,1039.984,38.82770605774448,2.1962120524397566,0.0019150195655718,0.0780061072945392,5.0,0.0943911158551295,0.0546019693468425,274,154
B0042,122,50,4,687.328,28.576587463983174,2.177441070098024,0.0029247801289317,0.0780061072945392,7.0,0.0945059592738711,0.05466840226029,274,152
B0042,124,51,4,1047.531,39.82101597656743,2.1475982200987445,0.0019445602388274,0.0780061072945392,9.0,0.0821145610821562,0.0475004104625559,274,150
B0042,128,52,4,1038.375,39.40691039052945,2.1889636369151995,0.0019120327362366,0.0758740062898077,1.0,0.0951847063194674,0.0550610337600043,274,146
B0042,130,53,4,1030.703,39.34611379625948,2.1591530449897105,0.0019675857371963,0.0758740062898077,3.0,0.0953912999865905,0.0551805409930454,274,144
B0042,132,54,4,1010.765,37.81632351305823,2.1872998670546773,0.0019783930048875,0.0758740062898077,5.0,0.0828966456585456,0.0479528191207202,274,142
B0042,134,55,4,1025.719,39.87139328791911,2.1645340110741715,0.0019718985195695,0.0758740062898077,7.0,0.083431990364526,0.0482624973670374,274,140
B0042,136,56,4,1016.859,39.50565821587436,2.1770285343272047,0.0019760548091272,0.0758740062898077,9.0,0.0962477215649569,0.0556759510149135,274,138
B0042,140,57,4,1021.079,38.61632478517865,2.141111284495936,0.0019885138871679,0.0760013508183652,1.0,0.0871279249656989,0.0504004666660857,274,134
B0042,142,58,4,1010.562,39.5809379115645,2.169659057289744,0.0019948839727065,0.0760013508183652,3.0,0.0968191218275757,0.0560064861435814,274,132
B0042,144,59,4,1003.313,38.80523939319278,2.181654361966916,0.0019975430070121,0.0760013508183652,5.0,0.084400548913451,0.0488227747164459,274,130
B0042,146,60,4,1006.187,39.65831560799121,2.152597184317211,0.0020200952861899,0.0760013508183652,7.0,0.0977012171667452,0.0565167475408961,274,128
B0042,148,61,4,996.765,38.94866184020599,2.1543073222809688,0.0020373379849351,0.0760013508183652,9.0,0.0851742647657266,0.0492703423595063,274,126
B0042,152,62,4,999.422,39.202440143533465,2.177098848593695,0.0019920535607626,0.0770468109234872,1.0,0.0847199354487912,0.0490075286909535,274,122
B0042,154,63,4,990.234,39.957340694247904,2.1860372690383523,0.0020181661709068,0.0770468109234872,3.0,0.0854883696989364,0.0494520411113373,274,120
B0042,156,64,4,608.953,27.779193601334228,2.151510007358308,0.0033380823182176,0.0770468109234872,5.0,0.085777499334335,0.0496192925242089,274,118
B0042,158,65,4,586.719,28.17217588027361,2.186039852986656,0.0034126876057507,0.0770468109234872,7.0,0.0859555325524583,0.049722278533333,274,116
B0042,160,66,4,575.922,28.019806483186763,2.194439659521147,0.0034530898413224,0.0770468109234872,9.0,0.0861479697965832,0.0498335967692677,274,114
B0042,164,67,4,1050.406,39.575497528042895,2.1996590897894817,0.0018530478920571,0.0749692599471269,1.0,0.0865245080899333,0.0500514110430492,274,110
B0042,168,68,4,1040.75,40.52562745153084,2.136107030636872,0.0019524177860374,0.076912853654541,1.0,0.0867603642868573,0.050187845629271,274,106
B0042,170,69,4,1019.125,39.732594757918605,2.1419779252621813,0.0020027441876586,0.076912853654541,3.0,0.0866202538937107,0.0501067966521246,274,104
B0042,172,70,4,618.844,28.137335489275596,2.1988863560155885,0.00320647604028,0.076912853654541,5.0,0.0869802394927499,0.0503150357693971,274,102
B0042,174,71,4,1039.547,40.6472857322764,2.122954770697664,0.001986442832805,0.076912853654541,7.0,0.0738778711347396,0.0427357725201616,274,100
B0042,176,72,4,1004.328,40.39876505346307,2.152849839303629,0.0020210868547798,0.076912853654541,9.0,0.0877586570223188,0.0507653231688363,274,98
B0042,180,73,4,1005.75,40.90163609300309,2.196522899315092,0.0019547517591325,0.0765149902718176,1.0,0.0879057630027299,0.0508504188492971,274,94
B0042,182,74,4,995.797,41.18900895779625,2.197996842344396,0.0019927296334681,0.0765149902718176,3.0,0.0880878488220017,0.0509557491468818,274,92
B0042,184,75,4,998.921,41.34432689728045,2.1297135396833,0.0020546769692503,0.0765149902718176,5.0,0.0883425026815871,0.051103057525527,274,90
B0042,186,76,4,989.141,41.46126781944402,2.167460006041706,0.002036870939478,0.0765149902718176,7.0,0.0746305533274507,0.0431711729245535,274,88
B0042,188,77,4,979.203,41.26138545585116,2.188428099048639,0.0020359424381568,0.0765149902718176,9.0,0.0748569866512269,0.0433021567072106,274,86
B0042,192,78,4,994.031,41.67057172451578,2.1364927300394707,0.002035090535949,0.0791281546508097,1.0,0.0752757364314176,0.0435443888543235,274,82
B0042,194,79,4,971.516,41.18674777166984,2.191166300272401,0.0020485745581059,0.0791281546508097,3.0,0.0753235186048872,0.0435720291756342,274,80
B0042,196,80,4,810.563,36.89985043885535,2.1913163423875845,0.0024548551032088,0.0791281546508097,5.0,0.0755376530236719,0.0436958984705849,274,78
B0042,198,81,4,599.047,29.79153666326944,2.1777089403180425,0.0033476972443941,0.0791281546508097,7.0,0.0758428560612825,0.043872447786198,274,76
B0042,200,82,4,109.078,9.15118085083689,2.1316975124246333,0.0188412045639599,0.0791281546508097,9.0,0.0759921803489148,0.0439588266800395,274,74
B0042,204,83,4,109.171,8.639171556267463,2.1969934922661687,0.01810220637835,0.0790503534240833,1.0,0.0762165260959199,0.0440886028723231,274,70
B0042,206,84,4,96.484,8.36040279366827,2.1767041905630014,0.0207869210093799,0.0790503534240833,3.0,0.0621692314155252,0.0359627326927378,274,68
B0042,208,85,4,109.094,10.13355592147926,2.137070814591814,0.0187183320779118,0.0790503534240833,5.0,0.0759822277461493,0.0439530694463614,274,66
B0042,210,86,4,96.906,7.825436879589506,2.082550981383133,0.0216573504704118,0.0790503534240833,7.0,0.0622701354894356,0.0360211021812295,274,64
B0042,212,87,4,97.015,8.862063004604039,2.144385419639702,0.0209926356232534,0.0790503534240833,9.0,0.0625944660879844,0.0362087161239165,274,62
B0042,216,88,4,5608.781,12.075623262738652,2.1679616860507585,0.0003429914152143,0.0787123739973389,1.0,1.4377344766079456,0.8316792646156607,274,58
B0042,220,89,4,5703.296,11.61044167945082,2.180850179577844,0.0003469908265092,0.078282632811948,1.0,1.5246019289244055,0.8819290569361726,274,54
B0042,222,90,4,5668.032,12.416393344856289,2.148712088809679,0.0003584380544573,0.078282632811948,3.0,1.5215273965539478,0.8801505471608961,274,52
B0042,224,91,4,5634.047,12.741907914911504,2.126630218048744,0.0003645433618661,0.078282632811948,5.0,1.5155323631175952,0.8766826293493575,274,50
B0042,226,92,4,5582.375,11.812176644627147,2.177720591678305,0.0003586481368145,0.078282632811948,7.0,1.5044249661534554,0.8702573874919564,274,48
B0042,228,93,4,5567.329,12.77319183354637,2.1738551413791023,0.0003602864734131,0.078282632811948,9.0,1.5001507149498807,0.8677848822028306,274,46
B0042,232,94,4,5528.453,11.714847602816857,2.1739453453589515,0.0003586487893063,0.0772233628496216,1.0,1.489011227320312,0.8613410770143978,274,42
B0042,234,95,4,5513.39,11.58953853216132,2.1496986936751377,0.0003680907004504,0.0772233628496216,3.0,1.4810149357562843,0.856715501154721,274,40
B0042,236,96,4,5486.187,12.228023164640565,2.130871451051632,0.0003732008659247,0.0772233628496216,5.0,1.476262027748574,0.8539661095939339,274,38
B0042,238,97,4,5461.922,12.995413081963957,2.1249846428522594,0.0003758621082016,0.0772233628496216,7.0,1.466255102543896,0.8481774522787627,274,36
B0042,240,98,4,5438.157,13.00690019959285,2.124079082604729,0.0003776259234297,0.0772233628496216,9.0,1.459328259381702,0.8441705150306322,274,34
B0042,244,99,4,5402.875,13.003396618491456,2.157698091133544,0.0003693116718424,0.0778025182673027,1.0,1.445704157754381,0.8362894472765973,274,30
B0042,246,100,4,5384.438,12.802739574235911,2.128860427750212,0.0003803410582736,0.0778025182673027,3.0,1.4400686089389023,0.8330294787839303,274,28
B0042,248,101,4,5344.859,12.748426837127605,2.162828573021361,0.0003768120447425,0.0778025182673027,5.0,1.4290313659547842,0.826644818557883,274,26
B0042,250,102,4,5305.156,12.453422458173543,2.1882897882574714,0.0003747801900218,0.0778025182673027,7.0,1.414172188151386,0.8180493022999157,274,24
B0042,252,103,4,5284.547,12.1691500239434,2.1285029465259013,0.0003875823296126,0.0778025182673027,9.0,1.415603079129078,0.8188770228390236,274,22
B0042,256,104,4,5267.843,12.726444405331804,2.158726692822152,0.0003780427295634,0.0785474312309159,1.0,1.3994410223300702,0.8095278365101347,274,18
B0042,258,105,4,5229.688,12.125723483812015,2.1998128745691083,0.0003778226747934,0.0785474312309159,3.0,1.395963528579491,0.8075162276266843,274,16
B0042,260,106,4,5206.954,12.11350286924164,2.1540885607694915,0.0003884074648337,0.0785474312309159,5.0,1.3929784652630588,0.805789472579606,274,14
B0042,262,107,4,5179.062,12.960410174687055,2.159795216779738,0.0003891697354789,0.0785474312309159,7.0,1.3740772023800918,0.794855751040215,274,12
B0042,264,108,4,5144.109,12.4262328165013,2.185043715780537,0.0003868770380989,0.0785474312309159,9.0,1.3752493030002435,0.7955337703808398,274,10
B0042,268,109,4,5142.891,13.21754189086476,2.1784898920030544,0.0003828356938087,0.0790373338975149,1.0,1.3671966130854505,0.7908755700417106,274,6
B0042,270,110,4,5109.734,13.047668558877342,2.189853076065801,0.0003884682460577,0.0790373338975149,3.0,1.356887600783644,0.7849121658738503,274,4
B0042,272,111,4,5078.937,13.073094195785368,2.169597235193881,0.0003947818752017,0.0790373338975149,5.0,1.3449320225969348,0.7779962807530898,274,2
B0042,274,112,4,5051.672,13.27910289077086,2.153907127504055,0.0003999004047605,0.0790373338975149,7.0,1.3374691704584258,0.7736792810014151,274,0
B0043,3,1,22,3360.922,36.84241052511593,2.421307986424623,0.000530448724843,0.0695338223583365,1.0,1.713782642126885,1.0,274,271
B0043,5,2,22,3289.406,36.2511342416132,2.4612810169393184,0.0005301178258151,0.0695338223583365,3.0,1.6955681658647108,0.9893717698998462,274,269
B0043,7,3,22,3244.797,36.12855723169499,2.3997609695216755,0.0005562091350449,0.0695338223583365,5.0,1.6814906372051954,0.9811574676228406,274,267
B0043,9,4,22,3211.438,36.35251788056927,2.399740066713552,0.0005620586728304,0.0695338223583365,7.0,1.6786372409532953,0.9794924978759428,274,265
B0043,11,5,22,3175.594,36.75256708066779,2.3786378834863195,0.0005750461021297,0.0695338223583365,9.0,1.6694168550864992,0.9741123606052364,274,263
B0043,15,6,22,2646.625,34.26334191029433,3.357924179020208,0.0003194492296503,0.0604743840213743,1.0,0.0,0.0,274,259
B0043,17,7,22,3121.672,36.83142721849718,2.416288536712014,0.0005729663235004,0.0604743840213743,3.0,1.6611938521224778,0.9693142008142048,274,257
B0043,19,8,22,3102.937,36.54735803665934,2.3791815969853816,0.0005884560956403,0.0604743840213743,5.0,1.6506423382064332,0.9631573442463558,274,255
B0043,21,9,22,3089.437,36.223678523702304,2.4666546752460183,0.0005625834635318,0.0604743840213743,7.0,1.6424273190907783,0.9583638430673148,274,253
B0043,23,10,22,3077.75,36.16960256825446,2.429311406516166,0.0005767330801526,0.0604743840213743,9.0,1.6353664801041328,0.9542438112656842,274,251
B0043,27,11,22,3074.875,36.19613432531801,2.4024069940444392,0.0005856652433533,0.0608027832295982,1.0,1.633232875930849,0.9529988434845682,274,247
B0043,29,12,22,3061.891,36.217566438813456,2.406157541131262,0.0005872428025213,0.0608027832295982,3.0,1.6258840554387932,0.9487107731590716,274,245
B0043,31,13,22,3058.469,36.09047688646367,2.415785415380386,0.000584696403805,0.0608027832295982,5.0,1.617976174654771,0.9440964885995032,274,243
B0043,33,14,22,3040.75,36.148984496134304,2.400209592232293,0.0005933449615138,0.0608027832295982,7.0,1.6136652707273988,0.9415810564662764,274,241
B0043,35,15,22,3037.641,36.15795969792578,2.4374747406672226,0.0005817066082892,0.0608027832295982,9.0,1.605821026619692,0.9370039041980216,274,239
B0043,39,16,22,3044.828,36.16956081888435,2.3865949081957893,0.0005963827565418,0.0627657269457884,1.0,1.6033527961961531,0.935563680471356,274,235
B0043,41,17,22,3030.25,36.13182777424954,2.4489169685849195,0.0005793490179001,0.0627657269457884,3.0,1.5951342406182645,0.9307681157504476,274,233
B0043,43,18,22,3017.578,36.12995412374782,2.4933649317176108,0.000567206127005,0.0627657269457884,5.0,1.5878135544728509,0.9264964619447302,274,231
B0043,45,19,22,3015.0,36.115379230424814,2.473993010608268,0.0005738060673161,0.0627657269457884,7.0,1.5800601969084245,0.9219723423896368,274,229
B0043,47,20,22,2999.454,36.260266208231016,2.4568566798816054,0.0005824541119037,0.0627657269457884,9.0,1.575565087879128,0.919349425738014,274,227
B0043,51,21,22,3054.859,36.73407518988127,2.389783772934692,0.0005915289295002,0.0594640552231926,1.0,1.5950169012164208,0.930699647673482,274,223
B0043,55,22,22,3034.875,37.35435994505973,2.3834815017568327,0.0005993650051502,0.0582098617646155,1.0,1.5898075522577595,0.927659968760527,274,219
B0043,57,23,22,3030.0,37.40944456827136,2.427559147580718,0.0005863781201241,0.0582098617646155,3.0,1.5807953202097411,0.9224012901938952,274,217
B0043,59,24,22,3011.781,37.26366414928814,2.458384607788224,0.000579525110106,0.0582098617646155,5.0,1.5704333289187615,0.9163550209434844,274,215
B0043,61,25,22,2990.25,37.27002790978136,2.394787213470724,0.0006051478662715,0.0582098617646155,7.0,1.5643368431897875,0.9127976936727356,274,213
B0043,63,26,22,2980.234,37.37612563137064,2.365525236922006,0.0006168463666664,0.0582098617646155,9.0,1.558307017802491,0.9092792630158504,274,211
B0043,67,27,22,2994.844,37.57568180724724,2.474272882432229,0.0005770591609205,0.0627465521074934,1.0,1.5537149289772467,0.906599758210302,274,207
B0043,69,28,22,2987.672,37.80943515485114,2.4720598546819117,0.0005796477755415,0.0627465521074934,3.0,1.549528250585513,0.9041568122445652,274,205
B0043,71,29,22,2975.1100000000006,37.69836973093636,2.4838780206846622,0.000578167936599,0.0627465521074934,5.0,1.5424430535161062,0.9000225673903791,274,203
B0043,73,30,22,2953.219,37.67202323454292,2.429175425635552,0.0006016426726516,0.0627465521074934,7.0,1.54256227031715,0.9000921309383538,274,201
B0043,75,31,22,2955.484,37.5846177818102,2.397532773087188,0.0006111529999308,0.0627465521074934,9.0,1.5309356452520158,0.8933079421040538,274,199
B0043,79,32,22,2957.016,37.57163850758581,2.435189655089205,0.0005975410465335,0.0613005241934285,1.0,1.5247733176952427,0.889712195826028,274,195
B0043,81,33,22,2948.219,37.83811660125229,2.4649257198080514,0.0005897074837742,0.0613005241934285,3.0,1.5196742408779502,0.8867368612112695,274,193
B0043,83,34,22,2935.5,37.76120652410461,2.4457109146915506,0.0005986956601613,0.0613005241934285,5.0,1.5123696925788683,0.8824746239126021,274,191
B0043,85,35,22,2913.797000000006,37.43416840833683,2.4807762094187127,0.0005910560518931,0.0613005241934285,7.0,1.499914486202397,0.8752069540982936,274,189
B0043,87,36,22,2900.703,37.31899313705125,2.482626305221594,0.0005932261063432,0.0613005241934285,9.0,1.492410627118825,0.8708284180464528,274,187
B0043,91,37,22,2914.031,37.58604736335072,2.397470273055264,0.0006188745395526,0.061005987569003,1.0,1.492624987952706,0.8709534985721924,274,183
B0043,93,38,22,2901.968,38.06717620893625,2.370171214445116,0.0006317323568379,0.061005987569003,3.0,1.4924024018806028,0.8708236185823782,274,181
B0043,95,39,22,2901.734,38.03429813873292,2.467002990449064,0.0005983051095679,0.061005987569003,5.0,1.4853020201751674,0.866680513423708,274,179
B0043,97,40,22,2887.407,37.8850432804777,2.476788514821077,0.0005978590963581,0.061005987569003,7.0,1.477208127101587,0.8619576898435045,274,177
B0043,99,41,22,2861.937,37.72173567628911,2.4014857684023228,0.0006295162143342,0.061005987569003,9.0,1.4694738525181406,0.8574447052949808,274,175
B0043,103,42,4,1055.25,10.169699784021772,2.4576176811598773,0.0016504721124246,0.0634383455309271,1.0,0.0570343910426537,0.0332798276984947,274,171
B0043,107,43,4,1012.187,10.073103559906276,2.427637650375664,0.0017485392870284,0.0680724272528027,1.0,0.0571536334895882,0.0333494062109637,274,167
B0043,109,44,4,991.172,9.363713069880482,2.4427831763874552,0.0017709560692969,0.0680724272528027,3.0,0.0572936600593766,0.033431112354057,274,165
B0043,111,45,4,982.094,9.49837575629517,2.3604432554634345,0.0018710302865207,0.0680724272528027,5.0,0.0574420318527805,0.0335176879732497,274,163
B0043,113,46,4,1063.609,9.502985965829737,2.381932819122213,0.0017041446837127,0.0680724272528027,7.0,0.0671306210772112,0.039171024041823,274,161
B0043,116,47,4,1067.641,8.979535773958249,2.484673285435373,0.0016045458744785,0.0728089271406539,1.0,0.0671478192023473,0.0391810592263986,274,158
B0043,118,48,4,1048.687,10.239009824535197,2.4449132183808,0.0016722407095993,0.0728089271406539,3.0,0.0673200121169029,0.0392815345785949,274,156
B0043,120,49,4,1039.984,10.120757638084276,2.3975988971956834,0.0017319907380725,0.0728089271406539,5.0,0.0678403805161331,0.0395851719165156,274,154
B0043,122,50,4,687.328,10.16908687877008,2.3944641668469124,0.0026259964132332,0.0728089271406539,7.0,0.0679960492721063,0.039676005346699,274,152
B0043,124,51,4,1047.531,7.981964148617724,2.484746371426068,0.0016360031196287,0.0728089271406539,9.0,0.0682801114788655,0.0398417569418994,274,150
B0043,128,52,4,1038.375,9.50679606348134,2.439654912409003,0.0016940007569196,0.0671293429290887,1.0,0.0684463294312597,0.0399387458763817,274,146
B0043,130,53,4,1030.703,8.947219582076908,2.4090725568197637,0.0017354425747563,0.0671293429290887,3.0,0.0685136191478808,0.0399780097334001,274,144
B0043,132,54,4,1010.765,9.048570192927317,2.4859989490669228,0.0016936499305884,0.0671293429290887,5.0,0.0688740243561668,0.0401883078187155,274,142
B0043,134,55,4,1025.719,8.214832927581378,2.4347562857307143,0.0017197473709075,0.0671293429290887,7.0,0.0565443893216957,0.0329939094560565,274,140
B0043,136,56,4,1016.859,9.472969870923514,2.406517387646374,0.001761889248107,0.0671293429290887,9.0,0.0691835316418984,0.0403689067337258,274,138
B0043,140,57,4,1021.079,9.447247671252793,2.451707097247213,0.001710115035689,0.070910121978764,1.0,0.0591220864554366,0.0344980075081536,274,134
B0043,142,58,4,1010.562,10.624675414528705,2.381706206862016,0.0017967472109741,0.070910121978764,3.0,0.0695612008414022,0.0405892784367762,274,132
B0043,144,59,4,1003.313,9.289965371994612,2.474242037374171,0.0017180302316469,0.070910121978764,5.0,0.0701789780437661,0.0409497542562753,274,130
B0043,146,60,4,1006.187,10.405043941704964,2.376406799368078,0.001810818747755,0.070910121978764,7.0,0.0702814818386252,0.0410095656887985,274,128
B0043,148,61,4,996.765,9.269985860917538,2.444206792905019,0.0017592607414047,0.070910121978764,9.0,0.0578736420287837,0.0337695344824824,274,126
B0043,152,62,4,999.422,10.696409617431332,2.362524005453324,0.0018354888333196,0.078210335528561,1.0,0.0705661855429337,0.0411756916007492,274,122
B0043,154,63,4,990.234,8.841145903774922,2.3656545996286327,0.0018503962796622,0.078210335528561,3.0,0.057989410208958,0.0338370857444269,274,120
B0043,156,64,4,608.953,9.601778804173833,2.4649338982361098,0.0028462302525309,0.078210335528561,5.0,0.0712926644680078,0.0415995953719838,274,118
B0043,158,65,4,586.719,9.775871193110238,2.4780138487049133,0.0029313122689512,0.078210335528561,7.0,0.0714654655766428,0.0417004256082036,274,116
B0043,160,66,4,575.922,9.77507439966935,2.467345657591589,0.0030057295954489,0.078210335528561,9.0,0.0716254973792324,0.0417938048960175,274,114
B0043,164,67,4,1050.406,7.9530776238610095,2.453991394977099,0.0016569199575058,0.0782132535674419,1.0,0.0719259635627201,0.04196912828657,274,110
B0043,168,68,4,1040.75,8.70377999346024,2.379432952726756,0.0017468788919989,0.0807128037794328,1.0,0.0588400951113647,0.0343334642707907,274,106
B0043,170,69,4,1019.125,10.861930060972163,2.3452670801496267,0.0018173594262787,0.0807128037794328,3.0,0.0721385348010396,0.042093164575125,274,104
B0043,172,70,4,618.844,9.628805360691263,2.474574662858291,0.0027830848511316,0.0807128037794328,5.0,0.0723183571187791,0.0421980917189292,274,102
B0043,174,71,4,1039.547,8.740129795491647,2.3452420900020043,0.0017823512251853,0.0807128037794328,7.0,0.0593817062666809,0.0346494968539216,274,100
B0043,176,72,4,1004.328,9.890833414808087,2.4837961610187183,0.0017056795270104,0.0807128037794328,9.0,0.0729448848562527,0.042563673515636,274,98
B0043,180,73,4,1005.75,8.123599018265942,2.45187326606884,0.0017351901389795,0.0771213634592297,1.0,0.0730691773407958,0.0426361987481175,274,94
B0043,182,74,4,995.797,9.54039758015595,2.481690176251403,0.0017222306051656,0.0771213634592297,3.0,0.0731705412812827,0.0426953450704079,274,92
B0043,184,75,4,998.921,8.68981677408595,2.469341225978269,0.0017294948859304,0.0771213634592297,5.0,0.0734743029330489,0.0428725913817541,274,90
B0043,186,76,4,989.141,8.648121468375715,2.3359478200885606,0.0018820731395063,0.0771213634592297,7.0,0.0601069759183187,0.0350726950085824,274,88
B0043,188,77,4,979.203,8.766749021949757,2.455991331590063,0.0017780501066344,0.0771213634592297,9.0,0.0738316250995573,0.0430810904981094,274,86
B0043,192,78,4,994.031,8.697295284987012,2.446533765156367,0.001761303019401,0.0774364655744048,1.0,0.0604952153074282,0.0352992344655508,274,82
B0043,194,79,4,971.516,10.097658187656732,2.440105069885436,0.0018085456058219,0.0774364655744048,3.0,0.0606040102376181,0.0353627168042767,274,80
B0043,196,80,4,810.563,10.08193635042433,2.426379928299938,0.002184198745441,0.0774364655744048,5.0,0.0607343843223521,0.0354387906782495,274,78
B0043,198,81,4,599.047,9.867385484495305,2.3818713355998336,0.0030308589777536,0.0774364655744048,7.0,0.0609965304823779,0.0355917541600715,274,76
B0043,200,82,4,109.078,8.668191215610703,2.259462555169981,0.0177669281852584,0.0774364655744048,9.0,0.0611304592598731,0.0356699022135078,274,74
B0043,204,83,4,109.171,8.230234796537065,2.3642680452849265,0.0167900049640683,0.0767587338897267,1.0,0.0612912441098759,0.0357637209079271,274,70
B0043,206,84,4,96.484,8.3473989032227,2.2200788093903734,0.0205137165619937,0.0767587338897267,3.0,0.0613032906580409,0.0357707501238083,274,68
B0043,208,85,4,109.094,9.566970302021362,2.3089650825269894,0.0173454653475267,0.0767587338897267,5.0,0.0611516615740909,0.0356822738607031,274,66
B0043,210,86,4,96.906,7.155555764844436,2.464325308909032,0.0179307967960849,0.0767587338897267,7.0,0.0614053871920573,0.0358303239177696,274,64
B0043,212,87,4,97.015,8.849096539219643,2.227174478989743,0.0203545559596335,0.0767587338897267,9.0,0.0617578076594285,0.036035962870288,274,62
B0043,216,88,4,5608.781,11.059155779143234,2.487710804240493,0.0002966781038888,0.0758185892071455,1.0,1.5250840516518187,0.8898935105090793,274,58
B0043,220,89,4,5703.296,10.464754894665266,2.4700528908595785,0.0003008867369664,0.0779658613712917,1.0,1.552568811301301,0.905930993311083,274,54
B0043,222,90,4,5668.032,11.117824082083432,2.4917865311625422,0.0003014205107912,0.0779658613712917,3.0,1.5427752626774387,0.9002164129535015,274,52
B0043,224,91,4,5634.047,11.465947003288688,2.4681420264399123,0.0003073236909786,0.0779658613712917,5.0,1.533193283126468,0.8946252841163701,274,50
B0043,226,92,4,5582.375,10.672391649812306,2.484034640402104,0.0003071964991303,0.0779658613712917,7.0,1.515272194917202,0.8841682472852437,274,48
B0043,228,93,4,5567.329,11.55324188297086,2.482098506414688,0.0003083724904051,0.0779658613712917,9.0,1.5074989761997712,0.879632538656649,274,46
B0043,232,94,4,5528.453,10.678188237457311,2.499544886162908,0.0003043489136525,0.075670079040447,1.0,1.4896288908647644,0.8692052622356268,274,42
B0043,234,95,4,5513.39,10.67885056037868,2.4624361945446704,0.0003148038041059,0.075670079040447,3.0,1.4780778852088083,0.8624651976720012,274,40
B0043,236,96,4,5486.187,11.249497515672802,2.4931009972754072,0.0003106338135258,0.075670079040447,5.0,1.4700035345334466,0.8577537771704252,274,38
B0043,238,97,4,5461.922,11.637480263714384,2.462787320418678,0.0003174295615799,0.075670079040447,7.0,1.4565623180137075,0.849910765933564,274,36
B0043,240,98,4,5438.157,11.797524620709758,2.497516098993309,0.0003123529403092,0.075670079040447,9.0,1.445976962830235,0.8437341628315884,274,34
B0043,244,99,4,5402.875,11.717322041018162,2.472999574663348,0.0003156052428152,0.0773317413542424,1.0,1.4325855992469252,0.8359202410108548,274,30
B0043,246,100,4,5384.438,11.400146543773252,2.4798848457409326,0.0003186468606474,0.0773317413542424,3.0,1.4197344854662963,0.828421557417771,274,28
B0043,248,101,4,5344.859,11.27412857657329,2.483308761917933,0.000320316408871,0.0773317413542424,5.0,1.401262575071573,0.8176431133253516,274,26
B0043,250,102,4,5305.156,10.939205926809544,2.4722726688004677,0.0003247529819137,0.0773317413542424,7.0,1.3862945308535968,0.8089091911522339,274,24
B0043,252,103,4,5284.547,11.469256268063758,2.4995232811069013,0.0003210107443999,0.0773317413542424,9.0,1.384130256052478,0.8076463269196771,274,22
B0043,256,104,4,5267.843,11.07680003582411,2.492874341811692,0.0003195607647614,0.0752054973692065,1.0,1.3651743201871416,0.7965854517541945,274,18
B0043,258,105,4,5229.688,11.26155378961363,2.466722917823166,0.0003305043597487,0.0752054973692065,3.0,1.361508332192898,0.7944463310138339,274,16
B0043,260,106,4,5206.954,11.576966830401837,2.470780211742849,0.0003312300984019,0.0752054973692065,5.0,1.351001663879717,0.7883156420601042,274,14
B0043,262,107,4,5179.062,11.16400609714747,2.4848489819284896,0.0003300721933022,0.0752054973692065,7.0,1.3282588067265129,0.775045081025025,274,12
B0043,264,108,4,5144.109,11.988971088033123,2.4661345187240347,0.0003359797426264,0.0752054973692065,9.0,1.3257206687421472,0.773564065917289,274,10
B0043,268,109,4,5142.891,11.73519417014362,2.472581288872932,0.0003306766172627,0.0782066915934319,1.0,1.314290971597844,0.7668947854243332,274,6
B0043,270,110,4,5109.734,11.299125699617386,2.4919564449811342,0.0003330007655813,0.0782066915934319,3.0,1.300326009481109,0.7587461662392283,274,4
B0043,272,111,4,5078.937,11.376911439849154,2.485517355170574,0.0003362490801179,0.0782066915934319,5.0,1.2881071401556836,0.7516164001737595,274,2
B0043,274,112,4,5051.672,11.488807348025915,2.499796953515674,0.0003351763269334,0.0782066915934319,7.0,1.2767801501201566,0.7450070497479262,274,0
B0044,3,1,22,3360.922,37.78004007704112,2.6909422904080547,0.0004435821469009,0.0802491304054117,1.0,1.686525555152074,1.0,274,271
B0044,5,2,22,3289.406,37.37920163006831,2.685251535316881,0.0004556056870919,0.0802491304054117,3.0,1.6624606531639186,0.98573107776835,274,269
B0044,7,3,22,3244.797,37.15907806475986,2.6435613323767395,0.0004746540771573,0.0802491304054117,5.0,1.6534010755700512,0.9803593372891192,274,267
B0044,9,4,22,3211.438,37.12091726941865,2.6433677125804977,0.0004795711029439,0.0802491304054117,7.0,1.6452145903490936,0.9755052838204664,274,265
B0044,11,5,22,3175.594,37.70825289621454,2.684789036307898,0.0004714699869593,0.0802491304054117,9.0,1.635664062367341,0.9698424416817408,274,263
B0044,15,6,22,2646.625,35.59949904890386,3.289658492617856,0.000336815055779,0.0768616167394947,1.0,0.0,0.0,274,259
B0044,17,7,22,3121.672,37.649599494653536,2.6725301429926103,0.0004839681776237,0.0768616167394947,3.0,1.6267769765146465,0.9645729775899896,274,257
B0044,19,8,22,3102.937,37.14337821498799,2.69384241497005,0.0004800430231197,0.0768616167394947,5.0,1.6159715504743064,0.9581660624932508,274,255
B0044,21,9,22,3089.437,37.11952925248905,2.6763379244951917,0.0004877060592627,0.0768616167394947,7.0,1.6076028386649623,0.9532039605056593,274,253
B0044,23,10,22,3077.75,36.8278472964388,2.667857305000976,0.0004923425881921,0.0768616167394947,9.0,1.6003360401431612,0.9488952214535872,274,251
B0044,27,11,22,3074.875,37.07362320866197,2.651692148341609,0.000497339496141,0.0783938699950047,1.0,1.5978700914991917,0.947433074238304,274,247
B0044,29,12,22,3061.891,37.27343452416563,2.638384304971687,0.000504593727584,0.0783938699950047,3.0,1.5900310265163515,0.9427850183823504,274,245
B0044,31,13,22,3058.469,36.92555325153096,2.633572972853497,0.0005066423614278,0.0783938699950047,5.0,1.5816311155652092,0.9378044173321723,274,243
B0044,33,14,22,3040.75,36.82542072716141,2.670554577314724,0.0004975242596142,0.0783938699950047,7.0,1.5714556311034702,0.9317710166341192,274,241
B0044,35,15,22,3037.641,36.86402084995953,2.662418584963947,0.0005004506620714,0.0783938699950047,9.0,1.563220798569978,0.92688829635257,274,239
B0044,39,16,22,3044.828,36.85447944747772,2.656737093913297,0.0005004974677965,0.0750323805265269,1.0,1.5606775388245586,0.9253803086807258,274,235
B0044,41,17,22,3030.25,37.00807199261186,2.645608837998441,0.0005074281808113,0.0750323805265269,3.0,1.5523886011314287,0.9204655075573106,274,233
B0044,43,18,22,3017.578,36.85691194751145,2.657434360611611,0.0005054258807103,0.0750323805265269,5.0,1.5444592876561969,0.9157639402131282,274,231
B0044,45,19,22,3015.0,36.933977837728406,2.6700448196473143,0.0005017406549091,0.0750323805265269,7.0,1.536558134180655,0.9110790699178606,274,229
B0044,47,20,22,2999.454,36.96952216360131,2.6538669632174807,0.0005098185333389,0.0750323805265269,9.0,1.5307255867941072,0.90762074853712,274,227
B0044,51,21,22,3054.859,37.880341936530016,2.679338771098678,0.0004895867924236,0.0759165015493674,1.0,1.545242808242328,0.9162285169779082,274,223
B0044,55,22,22,3034.875,38.4338113726962,2.6880235920055937,0.0004917457492834,0.0775276445060415,1.0,1.5397144491816253,0.9129505594967336,274,219
B0044,57,23,22,3030.0,38.62527616952544,2.687370056924405,0.000493611231399,0.0775276445060415,3.0,1.5305357077773765,0.9075081626257172,274,217
B0044,59,24,22,3011.781,38.54196067361033,2.6893554366992016,0.0004959858830814,0.0775276445060415,5.0,1.5199735224097084,0.9012454734328958,274,215
B0044,61,25,22,2990.25,38.50117611497123,2.633690741780774,0.0005180305360459,0.0775276445060415,7.0,1.5136629526844203,0.8975037158852499,274,213
B0044,63,26,22,2980.234,38.43383998472231,2.689158212130464,0.0005011536836068,0.0775276445060415,9.0,1.501287000699295,0.8901655810154174,274,211
B0044,67,27,22,2994.844,38.70474156110448,2.682936321683332,0.0004999939271891,0.07727130580941,1.0,1.5023814734911674,0.8908145322207689,274,207
B0044,69,28,22,2987.672,39.13185799913766,2.6587209985414955,0.0005100469355456,0.07727130580941,3.0,1.4980955154277502,0.8882732377527875,274,205
B0044,71,29,22,2975.1100000000006,39.06117424677476,2.660938360343116,0.000511565153073,0.07727130580941,5.0,1.4906542391377111,0.8838610447283136,274,203
B0044,73,30,22,2953.219,38.900911326239694,2.6382065057381183,0.0005230765207876,0.07727130580941,7.0,1.484397163943621,0.8801510059595707,274,201
B0044,75,31,22,2955.484,38.637548513661336,2.6803751950872314,0.0005084247292032,0.07727130580941,9.0,1.4725321936230114,0.8731158499938847,274,199
B0044,79,32,22,2957.016,38.14612160171512,2.695456060678521,0.000501832118737,0.0791364589644549,1.0,1.4663149382113208,0.8694294217671094,274,195
B0044,81,33,22,2948.219,38.41020545726171,2.658317830680757,0.0005171621402871,0.0791364589644549,3.0,1.4671298468877776,0.8699126096286673,274,193
B0044,83,34,22,2935.5,38.342879393411714,2.650498351064384,0.0005218180434139,0.0791364589644549,5.0,1.4593858997633138,0.8653209524783756,274,191
B0044,85,35,22,2913.797000000006,37.97725957749192,2.688935729076874,0.0005126283833312,0.0791364589644549,7.0,1.4467901368505207,0.857852484020062,274,189
B0044,87,36,22,2900.703,37.79705513935421,2.687761244178016,0.0005154307218187,0.0791364589644549,9.0,1.4390669859638228,0.8532731576866395,274,187
B0044,91,37,22,2914.031,37.93561044482721,2.668468130193828,0.0005186992792669,0.0777204814999557,1.0,1.4389892550462602,0.8532270683064193,274,183
B0044,93,38,22,2901.968,38.32554543437737,2.642056455668292,0.0005309920456741,0.0777204814999557,3.0,1.4386198779578576,0.8530080517090874,274,181
B0044,95,39,22,2901.734,38.55610999749079,2.6780728769094244,0.0005186490484406,0.0777204814999557,5.0,1.4313412096653504,0.8486922746547333,274,179
B0044,97,40,22,2887.407,38.62165239845955,2.6917750634373303,0.0005162193919096,0.0777204814999557,7.0,1.422973037663468,0.8437304927378694,274,177
B0044,99,41,22,2861.937,38.18800348171553,2.68001440979752,0.0005249599231194,0.0777204814999557,9.0,1.4150153099745095,0.8390120776123774,274,175
B0044,103,42,4,1055.25,9.757496138930122,2.5311035775191533,0.0015602954036195,0.0769989075127542,1.0,0.0572172710622218,0.0339261215979988,274,171
B0044,107,43,4,1012.187,9.760471127293034,2.5372412665469883,0.0016188797555534,0.0877271677318431,1.0,0.0573587470253984,0.0340100076457047,274,167
B0044,109,44,4,991.172,9.69821406411427,2.5608994701667624,0.0016295746766742,0.0877271677318431,3.0,0.0574968754544523,0.0340919088233251,274,165
B0044,111,45,4,982.094,9.00106106019679,2.487518572801469,0.0017199821798086,0.0877271677318431,5.0,0.0576308880988852,0.0341713696082646,274,163
B0044,113,46,4,1063.609,8.446753567938917,2.652711478763571,0.0014302336418288,0.0877271677318431,7.0,0.0551169133397871,0.0326807460292632,274,161
B0044,116,47,4,1067.641,9.004482980571387,2.567871692937443,0.0015063203555662,0.0853574012443256,1.0,0.0674075526574801,0.0399682960341517,274,158
B0044,118,48,4,1048.687,10.10838939092693,2.537541377739229,0.001563345700474,0.0853574012443256,3.0,0.0675676530317139,0.0400632251466959,274,156
B0044,120,49,4,1039.984,9.084345421523768,2.699632089744985,0.0014198551400199,0.0853574012443256,5.0,0.0556373104491564,0.0329893076800366,274,154
B0044,122,50,4,687.328,9.9732818280256,2.502639203032668,0.0024367637393916,0.0853574012443256,7.0,0.0682243327610682,0.0404525935303224,274,152
B0044,124,51,4,1047.531,7.130613484534643,2.645057195756969,0.0014631521924906,0.0853574012443256,9.0,0.0560524534315144,0.0332354604768857,274,150
B0044,128,52,4,1038.375,9.420302039012588,2.5457909784374686,0.0015703831152947,0.0855439076731957,1.0,0.0686822013010505,0.0407240798049202,274,146
B0044,130,53,4,1030.703,8.596928821276874,2.525156138635263,0.0016023210382024,0.0855439076731957,3.0,0.0687475535334652,0.0407628294296829,274,144
B0044,132,54,4,1010.765,8.914167582596768,2.6675668355109194,0.0014926274706095,0.0855439076731957,5.0,0.0565143989134748,0.0335093641130027,274,142
B0044,134,55,4,1025.719,7.468130255797678,2.6214259323214453,0.0015173495635451,0.0855439076731957,7.0,0.0567330718538736,0.0336390229490225,274,140
B0044,136,56,4,1016.859,9.34228820478629,2.5339139586135624,0.0016163661640597,0.0855439076731957,9.0,0.0694133756360175,0.0411576186461986,274,138
B0044,140,57,4,1021.079,9.296386526511638,2.645937277014869,0.0014990239227799,0.0848053040488877,1.0,0.0593176644466495,0.0351715183119777,274,134
B0044,142,58,4,1010.562,10.402010089986526,2.5126783310210183,0.001647123507966,0.0848053040488877,3.0,0.0698170725362273,0.041396984660533,274,132
B0044,144,59,4,1003.313,9.139614420555528,2.676683003373552,0.0014940608335142,0.0848053040488877,5.0,0.0574643508969407,0.0340726238753964,274,130
B0044,146,60,4,1006.187,10.577915316418856,2.509819479017468,0.0016566487008384,0.0848053040488877,7.0,0.0705377438399369,0.0418242958871599,274,128
B0044,148,61,4,996.765,9.153655205612418,2.659947287863178,0.0015207064375869,0.0848053040488877,9.0,0.0580546605234449,0.0344226391032717,274,126
B0044,152,62,4,999.422,10.601194386353557,2.502902423851419,0.0016729233144648,0.0872763634531949,1.0,0.0708399201529106,0.0420034667939099,274,122
B0044,154,63,4,990.234,8.524863523744626,2.597947039498895,0.0015930069369572,0.0872763634531949,3.0,0.0581718361305258,0.0344921166197689,274,120
B0044,156,64,4,608.953,9.440256551104172,2.688243972514366,0.0024435950433427,0.0872763634531949,5.0,0.0583051571279828,0.034571167303021,274,118
B0044,158,65,4,586.719,9.577062674735402,2.6997767051836083,0.0025160627166758,0.0872763634531949,7.0,0.0584559266936776,0.0346605638527704,274,116
B0044,160,66,4,575.922,9.571995894192735,2.6926916057581445,0.0025771634830619,0.0872763634531949,9.0,0.058629861106387,0.0347636956506718,274,114
B0044,164,67,4,1050.406,7.124889090041003,2.6700548004006626,0.001431260820249,0.085812723216084,1.0,0.0589003321838338,0.0349240674141595,274,110
B0044,168,68,4,1040.75,8.324153740739145,2.610708527753601,0.0015037273327815,0.0883036858881941,1.0,0.0590646770201104,0.0350215132167295,274,106
B0044,170,69,4,1019.125,10.63955759206541,2.500114336550371,0.0016445308554468,0.0883036858881941,3.0,0.0724057998284407,0.0429319316314254,274,104
B0044,172,70,4,618.844,10.376173431482592,2.463640728476522,0.0027676005744965,0.0883036858881941,5.0,0.0725563284689165,0.0430211853281844,274,102
B0044,174,71,4,1039.547,8.316021086973787,2.5987325707723405,0.0015183248361708,0.0883036858881941,7.0,0.0595922298890959,0.0353343177677035,274,100
B0044,176,72,4,1004.328,10.655557073631597,2.4742429443982785,0.0016942451327922,0.0883036858881941,9.0,0.0732170902276858,0.0434129740898494,274,98
B0044,180,73,4,1005.75,7.631714348736341,2.693112294857156,0.0014727818539805,0.0882194181016561,1.0,0.0598410084998697,0.0354818273088508,274,94
B0044,182,74,4,995.797,10.509625598200184,2.476301013332819,0.0017067467837703,0.0882194181016561,3.0,0.0734434705697157,0.043547202913918,274,92
B0044,184,75,4,998.921,9.204729619835248,2.455959621392259,0.0017219062377426,0.0882194181016561,5.0,0.0737373960592326,0.0437214816188087,274,90
B0044,186,76,4,989.141,7.96351554428054,2.595966933411927,0.001597857495378,0.0882194181016561,7.0,0.0603231248972743,0.0357676909863574,274,88
B0044,188,77,4,979.203,9.367163499816083,2.4476887634196065,0.0017650883117051,0.0882194181016561,9.0,0.0740961197823434,0.0439341814631811,274,86
B0044,192,78,4,994.031,8.36281681813677,2.696514442504613,0.0014864162990959,0.0859578058969941,1.0,0.0607171505329549,0.0360013225696304,274,82
B0044,194,79,4,971.516,9.833929266126528,2.690051793810678,0.0015289218807713,0.0859578058969941,3.0,0.0608284422939796,0.036067311347971,274,80
B0044,196,80,4,810.563,9.82294821385076,2.682527208849319,0.0018413081047661,0.0859578058969941,5.0,0.0609288444479822,0.036126843297366,274,78
B0044,198,81,4,599.047,9.64729446630716,2.652291441667637,0.0025430654877074,0.0859578058969941,7.0,0.0612203873656202,0.0362997092920421,274,76
B0044,200,82,4,109.078,8.475214897845488,2.546878970446884,0.0149438514165411,0.0859578058969941,9.0,0.061336775826916,0.0363687200822671,274,74
B0044,204,83,4,109.171,7.906766993792881,2.645930219491384,0.0140196759457354,0.0851450528939488,1.0,0.0615021959933087,0.0364668034856803,274,70
B0044,206,84,4,96.484,8.628110902694925,2.5366466461777906,0.0170079039460155,0.0851450528939488,3.0,0.0615436456229027,0.0364913804210653,274,68
B0044,208,85,4,109.094,9.541833690746394,2.619612898646795,0.0142909942090148,0.0851450528939488,5.0,0.0613682829819075,0.0363874017766508,274,66
B0044,210,86,4,96.906,7.890349591233944,2.48420676655347,0.0175006891504794,0.0851450528939488,7.0,0.0616335088887399,0.0365446634949937,274,64
B0044,212,87,4,97.015,9.207557697837885,2.5492794097929745,0.0167947014150521,0.0851450528939488,9.0,0.0619810308759487,0.0367507214382885,274,62
B0044,216,88,4,5608.781,10.171915363933092,2.6987042664288663,0.0002556714705699,0.0861128905186487,1.0,1.4779954511171076,0.8763552064788231,274,58
B0044,220,89,4,5703.296,10.296016892383854,2.6902025456609366,0.0002575299828702,0.0846546520054471,1.0,1.494119871447679,0.885915939360287,274,54
B0044,222,90,4,5668.032,10.396418259744522,2.682194069736634,0.0002631384102077,0.0846546520054471,3.0,1.488007820113173,0.8822918903111429,274,52
B0044,224,91,4,5634.047,10.675119900160505,2.698791325109984,0.0002617366804289,0.0846546520054471,5.0,1.4748338592717107,0.874480588074294,274,50
B0044,226,92,4,5582.375,10.562265269293302,2.6972261726105518,0.0002643558845104,0.0846546520054471,7.0,1.4604378044785566,0.8659446635819693,274,48
B0044,228,93,4,5567.329,10.76625471358321,2.6816548421625512,0.0002678333609582,0.0846546520054471,9.0,1.452380841576719,0.8611674084272964,274,46
B0044,232,94,4,5528.453,10.911129725577434,2.6758389635879234,0.0002676345298259,0.0845136629594813,1.0,1.441102888364986,0.8544803154406053,274,42
B0044,234,95,4,5513.39,10.81913572086399,2.6766750362925413,0.0002712524916588,0.0845136629594813,3.0,1.4300355978410688,0.8479181317309613,274,40
B0044,236,96,4,5486.187,11.006306031992889,2.695622084623807,0.0002689992295,0.0845136629594813,5.0,1.413943296719903,0.8383764434523543,274,38
B0044,238,97,4,5461.922,10.614675024239112,2.6908429071948605,0.0002708470475782,0.0845136629594813,7.0,1.3972667497450315,0.8284883353688882,274,36
B0044,240,98,4,5438.157,10.78731375840829,2.6963132256039875,0.0002710544351963,0.0845136629594813,9.0,1.3865375876825874,0.8221266398525241,274,34
B0044,244,99,4,5402.875,10.646148713943534,2.688965230347589,0.0002708117968472,0.0848874721210119,1.0,1.3724753685724698,0.8137886582149736,274,30
B0044,246,100,4,5384.438,10.149343674038578,2.697702269918439,0.000273412118696,0.0848874721210119,3.0,1.3598593948812812,0.8063082060791321,274,28
B0044,248,101,4,5344.859,10.269672545542075,2.6908621173584564,0.0002767953063576,0.0848874721210119,5.0,1.3486733410392264,0.7996756034435639,274,26
B0044,250,102,4,5305.156,10.511836729394169,2.6956578221948044,0.0002778476933915,0.0848874721210119,7.0,1.3334258933205057,0.7906348583020852,274,24
B0044,252,103,4,5284.547,11.2498423901219,2.683891843696469,0.0002813447218977,0.0848874721210119,9.0,1.3387793081075827,0.793809085203494,274,22
B0044,256,104,4,5267.843,10.478668312226782,2.6861736439095387,0.0002778500847819,0.086289455343448,1.0,1.3153320403016997,0.7799063798847069,274,18
B0044,258,105,4,5229.688,11.276068425006786,2.6915218489806785,0.0002827484254421,0.086289455343448,3.0,1.322963328110081,0.7844312373854243,274,16
B0044,260,106,4,5206.954,11.18488048040138,2.698223036073629,0.0002826452466764,0.086289455343448,5.0,1.3086991524155074,0.7759735086240671,274,14
B0044,262,107,4,5179.062,10.572845919227095,2.6884148666237397,0.0002858113671381,0.086289455343448,7.0,1.2897499583900436,0.7647378686021433,274,12
B0044,264,108,4,5144.109,11.286420953867148,2.699098319484438,0.0002857184412402,0.086289455343448,9.0,1.2906172590904164,0.7652521215274686,274,10
B0044,268,109,4,5142.891,10.532008688910055,2.692387025960113,0.0002829853903754,0.084693672840073,1.0,1.2752011253442166,0.7561113565392916,274,6
B0044,270,110,4,5109.734,10.49676940873906,2.684075358151804,0.0002903488694461,0.084693672840073,3.0,1.268607265737458,0.7522016265108225,274,4
B0044,272,111,4,5078.937,10.219372011443095,2.687825351809013,0.0002914230150331,0.084693672840073,5.0,1.2565759973225976,0.7450678665875847,274,2
B0044,274,112,4,5051.672,10.307592528834146,2.6932435794466025,0.0002918898776873,0.084693672840073,7.0,1.2486254509320869,0.7403537095051597,274,0
B0045,1,1,4,6436.141,15.71039018923076,1.990881848788414,0.0003437752184662,0.065086717668146,0.0,1.0819793880779518,1.0,181,180
B0045,5,2,4,5650.265,16.327881769438125,1.987597263698,0.0003857167041685,0.065086717668146,1.0,0.927952404748273,0.8576433294137931,181,176
B0045,7,3,4,5590.907,16.190453016227536,1.9885380767186824,0.0003933809529177,0.065086717668146,3.0,0.885193608411576,0.8181242805226173,181,174
B0045,9,4,4,5543.61,16.44564599364816,1.969241613952096,0.0004003094756479,0.065086717668146,5.0,0.8581010699478283,0.7930844888571998,181,172
B0045,11,5,4,5499.046,16.652821920677077,1.9830542841988097,0.0004010240379868,0.065086717668146,7.0,0.8409352213456689,0.7772192618562926,181,170
B0045,13,6,4,5461.219,16.626045153527933,1.980464521626357,0.0004042715889066,0.065086717668146,9.0,0.8245471942901911,0.7620729224379514,181,168
B0045,17,7,4,5451.281,16.231693733501764,1.9822192378370669,0.0003912849859777,0.0649676213639743,1.0,0.7935960418803983,0.7334668761945244,181,164
B0045,21,8,4,5468.062,16.185673883928935,1.9987122390470569,0.0003964122705339,0.065834534585151,1.0,0.8183676087159205,0.756361551553846,181,160
B0045,23,9,4,5411.297,16.52621032903044,1.97927314966301,0.0004083281573998,0.065834534585151,3.0,0.7977644276409412,0.7373194318036915,181,158
B0045,25,10,4,5369.703,15.196414604557985,1.9640518711887227,0.0004143620434871,0.065834534585151,5.0,0.7993777411831636,0.7388105078445099,181,156
B0045,27,11,4,5327.406,16.354435553014117,1.9965583229383292,0.0004115928807302,0.065834534585151,7.0,0.7783107440628891,0.7193397144519498,181,154
B0045,29,12,4,5299.266,15.57016420519042,1.9676140964966768,0.0004192870158895,0.065834534585151,9.0,0.7803738231239117,0.72124647818863,181,152
B0045,33,13,4,5367.172,16.481904111846188,1.98770164017674,0.0003930106839035,0.0663305435341286,1.0,0.7713058245640294,0.7128655435240696,181,148
B0045,37,14,4,5406.812,16.686364651804713,1.99572402940065,0.0004014756677392,0.0662571640532643,1.0,0.795279016979026,0.7350223356766291,181,144
B0045,39,15,4,5353.094,16.527315358470222,1.9723902186884,0.0004141019556384,0.0662571640532643,3.0,0.7824128169919247,0.7231309816186214,181,142
B0045,41,16,4,5280.031,16.325076195754107,1.976007577264544,0.0004191995919737,0.0662571640532643,5.0,0.7649414992231182,0.7069834302314894,181,140
B0045,43,17,4,5248.593,16.18780234880546,1.9786838559411903,0.0004211733997568,0.0662571640532643,7.0,0.7544899426779375,0.6973237669695607,181,138
B0045,45,18,4,5203.375,16.54868871782283,1.9866467601774969,0.0004234454757212,0.0662571640532643,9.0,0.7504048978314295,0.6935482377020717,181,136
B0045,49,19,4,5166.812,15.893386512216576,1.9915335628511552,0.0004208474370281,0.0677762743960447,1.0,0.7407258109620256,0.6846025156522294,181,132
B0045,51,20,4,2384.094,11.62448622814209,2.942421777794815,0.0005230580901723,0.0677762743960447,3.0,0.0,0.0,181,130
B0045,53,21,4,5340.281,16.273556126855052,1.9935644864605024,0.0004123523626009,0.0677762743960447,5.0,0.7308525593793626,0.6754773403564208,181,128
B0045,55,22,4,5103.0,16.57769275391533,1.9937078109097683,0.0004302710765252,0.0677762743960447,7.0,0.7287255851177903,0.673511522629199,181,126
B0045,57,23,4,5051.172,16.451931737613187,1.984098818516829,0.0004366566273287,0.0677762743960447,9.0,0.7161023377036263,0.661844713119465,181,124
B0045,61,24,4,5027.563,16.660404158556567,1.9818309446595743,0.0004344965608938,0.0698056336440426,1.0,0.7129204834988017,0.6589039415669894,181,120
B0045,63,25,4,4993.765,16.192781213892964,1.9984963466197727,0.0004387991514727,0.0698056336440426,3.0,0.7141991829499618,0.6600857565490951,181,118
B0045,65,26,4,4962.469,14.742856005940368,1.9886589228929203,0.000443405505311,0.0698056336440426,5.0,0.7190570819844222,0.6645755824071367,181,116
B0045,67,27,4,4907.859,14.693521549329,1.983664414073366,0.0004494037764732,0.0698056336440426,7.0,0.7173975428775917,0.6630417832191702,181,114
B0045,69,28,4,4888.656,15.86983818237976,1.9705703151314151,0.0004538973261041,0.0698056336440426,9.0,0.7071027496463946,0.6535270056322469,181,112
B0045,73,29,4,4866.25,14.829662137922766,1.971779249329659,0.0004509678813649,0.0695030163003846,1.0,0.703531206505542,0.6502260710856127,181,108
B0045,75,30,4,4836.125,15.906462051621896,1.9938420365930107,0.0004541212546716,0.0695030163003846,3.0,0.6941108278958862,0.6415194554943578,181,106
B0045,77,31,4,4801.485,16.353770501511462,1.9993629637641337,0.0004561483461177,0.0695030163003846,5.0,0.6914114388869608,0.6390245937265006,181,104
B0045,79,32,4,4760.938,15.076528277493722,1.9932756058141663,0.0004611975384948,0.0695030163003846,7.0,0.6971551798505504,0.6443331430638339,181,102
B0045,81,33,4,4740.907,16.045850353764667,1.9801057444800891,0.0004660693023781,0.0695030163003846,9.0,0.6832460217432723,0.631477853711246,181,100
B0045,85,34,4,4914.532,16.24823467681854,1.9944009127947364,0.0004264108554069,0.0694793009922898,1.0,0.6822029317493292,0.6305137965347076,181,96
B0045,89,35,4,4998.656,15.761879553141288,1.9913126738513705,0.0004351113709443,0.0695340067217323,1.0,0.7289529213213379,0.6737216340287807,181,92
B0045,91,36,4,4890.015,16.349393593197068,1.9818085465777888,0.000451284996512,0.0695340067217323,3.0,0.7139321758287004,0.6598389800169324,181,90
B0045,93,37,4,4842.11,16.22246271510604,1.999993313622792,0.0004520197494918,0.0695340067217323,5.0,0.6957731747455482,0.6430558496881651,181,88
B0045,95,38,4,4798.281,14.780023826016944,1.97465958029416,0.0004614194045703,0.0695340067217323,7.0,0.7018312962317095,0.6486549595722481,181,86
B0045,97,39,4,4739.188,16.357147782799643,1.978180955008712,0.0004665985187247,0.0695340067217323,9.0,0.6911808244378487,0.6388114524673849,181,84
B0045,101,40,4,4733.156,15.304013119865168,1.9845097801200728,0.0004607779611267,0.0702885052840268,1.0,0.6843279752855028,0.632477829823686,181,80
B0045,103,41,4,4670.61,16.298057069520368,1.9921664972023336,0.0004705342861027,0.0702885052840268,3.0,0.6741394908812485,0.6230613062590797,181,78
B0045,105,42,4,4635.0,15.088230300481198,1.9991203083414104,0.000467379776819,0.0702885052840268,5.0,0.6670070174301739,0.6164692458837479,181,76
B0045,107,43,4,4615.86,15.201775291002932,1.9790832878431532,0.000478763296767,0.0702885052840268,7.0,0.6804085117374855,0.6288553360948731,181,74
B0045,109,44,4,4580.75,15.820509282900383,1.9986367632788744,0.0004782936531498,0.0702885052840268,9.0,0.6617864063235485,0.6116441899130427,181,72
B0045,113,45,4,4557.406,15.58071439830652,1.9713723245890475,0.0004815776378729,0.0726562463919995,1.0,0.6623168733492338,0.6121344645259701,181,68
B0045,115,46,4,4524.032000000007,14.525034072927795,1.98430560045228,0.0004872911601879,0.0726562463919995,3.0,0.6679358357181778,0.6173276894901958,181,66
B0045,117,47,4,4502.938,16.256345838594637,1.9946795397137125,0.0004873745065677,0.0726562463919995,5.0,0.6488990885270688,0.5997333180993264,181,64
B0045,119,48,4,4483.094,15.916519503570711,1.9789936656967484,0.0004931410854312,0.0726562463919995,7.0,0.6503639129625527,0.6010871557524503,181,62
B0045,121,49,4,4448.36,15.322696472607957,1.9690947658783289,0.0004990895207332,0.0726562463919995,9.0,0.6572077690202801,0.607412466690106,181,60
B0045,125,50,4,4440.531,16.435471374813734,1.9951107736579323,0.0004888258493639,0.0716877344637498,1.0,0.6363517458476216,0.5881366621762071,181,56
B0045,127,51,4,4416.547,14.7528730574534,1.965197509539028,0.0005034621902715,0.0716877344637498,3.0,0.6536449360948587,0.6041195824035112,181,54
B0045,129,52,4,4382.937,16.57328291132994,1.9820270227741767,0.0005034924493262,0.0716877344637498,5.0,0.6391428272150887,0.5907162689582044,181,52
B0045,131,53,4,4347.453,14.528444176948046,1.9731005832473116,0.0005096599628274,0.0716877344637498,7.0,0.6482206049496236,0.599106241849149,181,50
B0045,133,54,4,3581.188,15.828293567742277,1.9974420919351863,0.0006120655319285,0.0716877344637498,9.0,0.6287957471922729,0.5811531662440237,181,48
B0045,137,55,4,4746.5,15.05093934814998,1.9759474231215743,0.000444949441537,0.0716378959549494,1.0,0.6380571850193401,0.5897128836740565,181,44
B0045,141,56,4,4679.156,16.878888140585346,1.9944210992064384,0.0004638161435607,0.0730922991159811,1.0,0.6554825047832906,0.6058179222320509,181,40
B0045,143,57,4,4596.578,16.752865016509336,1.972391693643957,0.000482095097036,0.0730922991159811,3.0,0.6484934835397033,0.5993584449808227,181,38
B0045,145,58,4,4544.641,16.630725230629476,1.9932621672542288,0.0004830095762571,0.0730922991159811,5.0,0.6454071687844921,0.5965059740472555,181,36
B0045,147,59,4,4526.938,15.270710849004711,1.9848873247448808,0.0004869416458307,0.0730922991159811,7.0,0.6427008031845645,0.594004664290574,181,34
B0045,149,60,4,4487.438,16.438070093673065,1.9683654551310577,0.0004949068192197,0.0730922991159811,9.0,0.6352454880802477,0.5871142233205658,181,32
B0045,153,61,4,4513.312,15.659914658719188,1.9924043536128275,0.0004683564548575,0.0719619701337601,1.0,0.6156760019587869,0.5690274775497204,181,28
B0045,157,62,4,4568.438,15.265721279585906,1.9776141524479487,0.0004717110696488,0.0733904425683212,1.0,0.6170833682807023,0.5703282105742334,181,24
B0045,159,63,4,4499.656,15.459947276103474,1.996982635601323,0.0004871803724594,0.0733904425683212,3.0,0.6434227390858672,0.5946719005699871,181,22
B0045,161,64,4,4430.984,16.472719613709117,1.9822999400765693,0.0004980995073844,0.0733904425683212,5.0,0.6278124433742752,0.5802443653658993,181,20
B0045,163,65,4,4411.141,15.321947787344948,1.9703495135592828,0.0005030466188515,0.0733904425683212,7.0,0.6290078315253372,0.5813491813764755,181,18
B0045,165,66,4,1991.531,11.709111497619928,2.9329708174243927,0.0006308630183623,0.0733904425683212,9.0,0.0,0.0,181,16
B0045,169,67,4,4883.312,15.469187485474004,1.980504790064301,0.0004354807916003,0.0739103213992939,1.0,0.6266355568292261,0.5791566491320995,181,12
B0045,173,68,4,4663.907,15.90915813248566,1.9754246490329652,0.00046957670199,0.0730330884492115,1.0,0.6495813516716594,0.6003638875464973,181,8
B0045,175,69,4,4581.328,16.128312311530546,1.9843068510361204,0.0004812891298026,0.0730330884492115,3.0,0.6337485177966306,0.5857306754451517,181,6
B0045,177,70,4,4553.031,15.803292200329722,1.9881721268958945,0.0004833930487825,0.0730330884492115,5.0,0.6298550929085645,0.5821322474797331,181,4
B0045,179,71,4,4486.5,15.46350630780127,1.9809529177782503,0.0004923160701383,0.0730330884492115,7.0,0.6183063778386736,0.571458555173629,181,2
B0045,181,72,4,4450.625,16.26952559815265,1.9697892783360584,0.0004986830823197,0.0730330884492115,9.0,0.6069476168507777,0.5609604245132347,181,0
B0046,1,1,4,6436.141,13.880080551261509,2.1792997733612083,0.0003198374248607,0.077175902940998,0.0,1.7282392323598248,1.0,181,180
B0046,5,2,4,5650.265,12.941526372487642,2.1744736968146285,0.0003518180260065,0.077175902940998,1.0,1.5161488467923143,0.8772794983493625,181,176
B0046,7,3,4,5590.907,13.359691095670462,2.195666899317151,0.000355077701262,0.077175902940998,3.0,1.503121190703977,0.869741389131376,181,174
B0046,9,4,4,5543.61,12.683911154117247,2.1796283675041006,0.000361251639326,0.077175902940998,5.0,1.48586566102824,0.8597569324932892,181,172
B0046,11,5,4,5499.046,13.065399804685724,2.1952581561866973,0.0003610441508203,0.077175902940998,7.0,1.4694562316392716,0.8502620494460146,181,170
B0046,13,6,4,5461.219,12.802479603911388,2.1940346005371705,0.0003638133632092,0.077175902940998,9.0,1.458955459264481,0.8441860547699461,181,168
B0046,17,7,4,5451.281,13.585554405586658,2.1978529182010296,0.0003528113936565,0.0762345368159367,1.0,1.4556853555098297,0.8422938955749566,181,164
B0046,21,8,4,5468.062,13.94301293338268,2.190965071547283,0.0003597489386409,0.0755920911689693,1.0,1.456232262380321,0.8426103487952349,181,160
B0046,23,9,4,5411.297,13.134169173843691,2.1866396618663058,0.0003683962723335,0.0755920911689693,3.0,1.4440592236675138,0.8355667413565903,181,158
B0046,25,10,4,5369.703,14.086951683642924,2.183328288428697,0.0003717229316326,0.0755920911689693,5.0,1.428294264765868,0.8264447641404387,181,156
B0046,27,11,4,5327.406,13.314723048488911,2.169516718963703,0.000377141294574,0.0755920911689693,7.0,1.4199848948034668,0.821636766609301,181,154
B0046,29,12,4,5299.266,14.173291675329546,2.1506636217123933,0.0003826987550067,0.0755920911689693,9.0,1.4043226018516568,0.812574194334267,181,152
B0046,33,13,4,5367.172,13.959348125513564,2.1813781395662764,0.0003582591666461,0.0772040742559414,1.0,1.4234351301615986,0.8236331542005146,181,148
B0046,37,14,4,5406.812,13.523198161538613,2.197114951660172,0.0003622091752762,0.0756378669447184,1.0,1.4339948857967295,0.8297432779828061,181,144
B0046,39,15,4,5353.094,13.750234723504356,2.157995006136477,0.0003775241037403,0.0756378669447184,3.0,1.4185177047756572,0.820787815838865,181,142
B0046,41,16,4,5280.031,13.400973711086476,2.198419108542039,0.00037497256414,0.0756378669447184,5.0,1.4056313337829422,0.8133314575110198,181,140
B0046,43,17,4,5248.593,13.648707282364962,2.151164339585934,0.0003861816727346,0.0756378669447184,7.0,1.3890214025155618,0.8037205593457811,181,138
B0046,45,18,4,5203.375,13.959820884900516,2.152208745567858,0.0003893069117758,0.0756378669447184,9.0,1.3723339082737365,0.7940647814133248,181,136
B0046,49,19,4,5166.812,14.349640095291218,2.165968185309718,0.0003841926901374,0.0777141187377075,1.0,1.3615778905990563,0.7878410957838803,181,132
B0046,51,20,4,2384.094,8.96387999471909,3.4709356617126152,0.0002963036509653,0.0777141187377075,3.0,0.0,0.0,181,130
B0046,53,21,4,5340.281,13.720010432160604,2.199378116446157,0.0003706685565447,0.0777141187377075,5.0,1.4100282016237429,0.8158755889937873,181,128
B0046,55,22,4,5103.0,14.214578668306734,2.1709534591124666,0.0003931692766204,0.0777141187377075,7.0,1.3395671374926488,0.7751051546628394,181,126
B0046,57,23,4,5051.172,13.7206185074268,2.1705625280743464,0.0003971943929558,0.0777141187377075,9.0,1.3291515487117478,0.7690784492242184,181,124
B0046,61,24,4,5027.563,14.307049577086085,2.1762627754763426,0.00039234689421,0.0782178250023703,1.0,1.3181687033905718,0.7627235157662043,181,120
B0046,63,25,4,4993.765,13.73206507015365,2.16031962283908,0.0004036551124303,0.0782178250023703,3.0,1.312423708466101,0.7593993261419322,181,118
B0046,65,26,4,4962.469,14.550153842364988,2.144904732455604,0.0004091864697705,0.0782178250023703,5.0,1.2993237532162487,0.751819382923096,181,116
B0046,67,27,4,4907.859,14.437029519118854,2.196218583907234,0.0004032427104987,0.0782178250023703,7.0,1.2877483042174591,0.7451215549939245,181,114
B0046,69,28,4,4888.656,14.364000921258654,2.1691838412748474,0.0004104037819328,0.0782178250023703,9.0,1.2865282739749122,0.744415616707313,181,112
B0046,73,29,4,4866.25,14.693349843683665,2.1947559967284405,0.0004009677764,0.0795037006732308,1.0,1.2719636386987183,0.7359881750641172,181,108
B0046,75,30,4,4836.125,14.058016587648105,2.1877179876194037,0.0004109223064169,0.0795037006732308,3.0,1.2714495345417192,0.7356907022678904,181,106
B0046,77,31,4,4801.485,13.779152574880364,2.1508230766314127,0.0004217096606947,0.0795037006732308,5.0,1.2615423884659074,0.7299581937758316,181,104
B0046,79,32,4,4760.938,14.383739114376208,2.190167787518222,0.0004168485308258,0.0795037006732308,7.0,1.2421201619204132,0.7187200352027421,181,102
B0046,81,33,4,4740.907,14.589504036127655,2.18851427579806,0.0004191645151083,0.0795037006732308,9.0,1.2402537441669796,0.7176400818499385,181,100
B0046,85,34,4,4914.532,13.891154624298236,2.163748582486284,0.0003913659056991,0.0785946150446112,1.0,1.2851130012242886,0.7435967064985156,181,96
B0046,89,35,4,4998.656,14.673096336965486,2.153820870810703,0.0003987673904024,0.0782438055352045,1.0,1.3043327841699193,0.7547177264277919,181,92
B0046,91,36,4,4890.015,13.896967367053858,2.1856873619664867,0.0004068131775715,0.0782438055352045,3.0,1.2778639041619957,0.7394022078859627,181,90
B0046,93,37,4,4842.11,13.908543615362126,2.1586585951828057,0.0004164608651284,0.0782438055352045,5.0,1.272346459165154,0.7362096840191668,181,88
B0046,95,38,4,4798.281,14.617560660341365,2.149734467121552,0.0004220454488536,0.0782438055352045,7.0,1.2477883952768762,0.7219998087724714,181,86
B0046,97,39,4,4739.188,14.288124170416689,2.180494984747436,0.0004208136830421,0.0782438055352045,9.0,1.2352499196655526,0.7147447509213642,181,84
B0046,101,40,4,4733.156,14.875868929885128,2.1583931144361963,0.0004196983099767,0.0794006740299515,1.0,1.229251291851949,0.7112738033226265,181,80
B0046,103,41,4,4670.61,13.880179808466218,2.1973084174346607,0.0004233327050483,0.0794006740299515,3.0,1.223890910501634,0.7081721601878415,181,78
B0046,105,42,4,4635.0,14.631961684725407,2.194834923129504,0.000427075548936,0.0794006740299515,5.0,1.205423323571373,0.6974863786221467,181,76
B0046,107,43,4,4615.86,14.768164211079869,2.153169565361056,0.0004377340439608,0.0794006740299515,7.0,1.1957824090008151,0.6919079179611226,181,74
B0046,109,44,4,4580.75,15.037938036453404,2.1789077465484965,0.0004356133287765,0.0794006740299515,9.0,1.190072949669846,0.6886042900697611,181,72
B0046,113,45,4,4557.406,14.290141125898849,2.16713614374112,0.0004333799158881,0.0810178807183025,1.0,1.179201763233652,0.682313965077341,181,68
B0046,115,46,4,4524.032000000007,13.996450231420782,2.175632256591337,0.000441588644274,0.0810178807183025,3.0,1.169504032514554,0.6767026292521171,181,66
B0046,117,47,4,4502.938,14.935082428364884,2.199283556452788,0.000438436736292,0.0810178807183025,5.0,1.16772376849918,0.6756725264850695,181,64
B0046,119,48,4,4483.094,14.99164974108056,2.176786994904175,0.0004456287452615,0.0810178807183025,7.0,1.1579256145829042,0.6700030834283367,181,62
B0046,121,49,4,4448.36,14.811846373564524,2.19883821425474,0.000444152472725,0.0810178807183025,9.0,1.1499812813376982,0.6654063047553063,181,60
B0046,125,50,4,4440.531,14.247555903096725,2.165246924019346,0.0004448032026027,0.081960422844172,1.0,1.150285902223034,0.665582565587506,181,56
B0046,127,51,4,4416.547,14.332240013732582,2.159522238937832,0.0004557647852898,0.081960422844172,3.0,1.1349452274085248,0.6567060891557319,181,54
B0046,129,52,4,4382.937,14.276871638701772,2.1831972567411246,0.000453831139584,0.081960422844172,5.0,1.1380960963513609,0.6585292562750975,181,52
B0046,131,53,4,4347.453,13.777310967702926,2.191895759269081,0.00045605301494,0.081960422844172,7.0,1.123711172150547,0.6502057997006441,181,50
B0046,133,54,4,3581.188,11.441352869995514,2.957668027855621,0.0003393791608651,0.081960422844172,9.0,0.0,0.0,181,48
B0046,137,55,4,4746.5,14.96165525093106,2.198908641131297,0.000400889642633,0.0813253126917115,1.0,1.214119211354098,0.7025180244845376,181,44
B0046,141,56,4,4679.156,14.622124863653871,2.1759612427269523,0.0004204357580633,0.0808935144176422,1.0,1.211944797522819,0.7012598573335063,181,40
B0046,143,57,4,4596.578,14.181162993443126,2.1740843812957524,0.0004351710071261,0.0808935144176422,3.0,1.1971248679331925,0.6926846963765414,181,38
B0046,145,58,4,4544.641,13.989284902759552,2.1699286892596934,0.0004409290176057,0.0808935144176422,5.0,1.1822892151870987,0.6841004376302356,181,36
B0046,147,59,4,4526.938,15.042601535042603,2.15658205310809,0.0004457120642525,0.0808935144176422,7.0,1.1645336676778395,0.6738266588750719,181,34
B0046,149,60,4,4487.438,15.027421071078606,2.159229413482601,0.0004489981172646,0.0808935144176422,9.0,1.1535559567518647,0.6674746962992741,181,32
B0046,153,61,4,4513.312,14.577396723095212,2.1981836512731,0.000419026369603,0.082349572423689,1.0,1.1601987101282063,0.6713183501476314,181,28
B0046,157,62,4,4568.438,15.36587842843583,2.172247401410494,0.0004312622985188,0.0808516635112122,1.0,1.1711716308206082,0.6776675409812515,181,24
B0046,159,63,4,4499.656,15.29268403662172,2.167855497701561,0.0004458531552163,0.0808516635112122,3.0,1.1563410270783216,0.6690862037076866,181,22
B0046,161,64,4,4430.984,14.698902260428524,2.197413864039741,0.0004461178326611,0.0808516635112122,5.0,1.141082456193516,0.660257234546993,181,20
B0046,163,65,4,4411.141,15.066788669768552,2.1808859045895868,0.00045179508323,0.0808516635112122,7.0,1.1352383596118123,0.6568757023654074,181,18
B0046,165,66,4,1991.531,9.413942588565495,3.4276877712777214,0.0003749980435951,0.0808516635112122,9.0,0.0,0.0,181,16
B0046,169,67,4,4883.312,14.884443210062466,2.1634350552847827,0.0004011608405704,0.082495334838839,1.0,1.2530847858282803,0.7250644253210565,181,12
B0046,173,68,4,4663.907,14.454392118638458,2.1839323108066178,0.0004202250943967,0.0825320232205731,1.0,1.2050453590356518,0.6972676794231909,181,8
B0046,175,69,4,4581.328,14.172939173239188,2.196284886273677,0.0004316518863788,0.0825320232205731,3.0,1.19119860196273,0.6892556190477215,181,6
B0046,177,70,4,4553.031,14.797843662102167,2.1526544597098902,0.0004439654386551,0.0825320232205731,5.0,1.17463817374538,0.6796733645153222,181,4
B0046,179,71,4,4486.5,14.86814851282613,2.1963314779954723,0.0004407872165629,0.0825320232205731,7.0,1.1555432048235512,0.6686245649253746,181,2
B0046,181,72,4,4450.625,14.051631055988958,2.189500804437932,0.0004460069674768,0.0825320232205731,9.0,1.1538041170229467,0.6676182876878015,181,0
B0047,1,1,4,6436.141,12.376815880696888,2.470611866932728,0.0002759654051359,0.053191858509211,0.0,1.6743047446975208,1.0,181,180
B0047,5,2,4,5650.265,11.314903320182369,2.477661652422805,0.0003024590983161,0.053191858509211,1.0,1.5243662105099025,0.9104472858585212,181,176
B0047,7,3,4,5590.907,11.624528187721143,2.4707098734854784,0.0003092902239285,0.053191858509211,3.0,1.5080762969973425,0.9007179259172385,181,174
B0047,9,4,4,5543.61,11.0929238810592,2.465457800547402,0.0003128126033875,0.053191858509211,5.0,1.4835577960067696,0.8860739364832826,181,172
B0047,11,5,4,5499.046,11.020979145558456,2.465765118194009,0.0003152604439519,0.053191858509211,7.0,1.4671391666146525,0.8762676993307483,181,170
B0047,13,6,4,5461.219,11.05909419348262,2.4700482803033514,0.0003165702688592,0.053191858509211,9.0,1.448858156982267,0.8653491316743638,181,168
B0047,17,7,4,5451.281,11.877028657628198,2.484128874181115,0.0003080329856678,0.0551250536162427,1.0,1.4458534180949325,0.8635545128053375,181,164
B0047,21,8,4,5468.062,11.559250858608888,2.483034750266961,0.0003106699493215,0.0528128215980842,1.0,1.431118266178283,0.8547537541839961,181,160
B0047,23,9,4,5411.297,11.34743713793976,2.49830336362436,0.0003140714397536,0.0528128215980842,3.0,1.419274551657853,0.8476799436617848,181,158
B0047,25,10,4,5369.703,11.693269060729056,2.49851157426792,0.0003164542701812,0.0528128215980842,5.0,1.3999974221808271,0.8361664306420813,181,156
B0047,27,11,4,5327.406,11.557441727679937,2.4919375577484737,0.0003201124498731,0.0528128215980842,7.0,1.3885156686114437,0.8293088059439815,181,154
B0047,29,12,4,5299.266,11.667407771157473,2.4683068422721184,0.0003263459637903,0.0528128215980842,9.0,1.3652234669528964,0.8153972395267488,181,152
B0047,33,13,4,5367.172,11.311016339650983,2.479195639185483,0.0003119303799335,0.0535342449436397,1.0,1.4060442272970963,0.8397779626140351,181,148
B0047,37,14,4,5406.812,11.175603921563273,2.4933737831605582,0.0003121150582325,0.0585849037401347,1.0,1.405754161352578,0.8396047170054106,181,144
B0047,39,15,4,5353.094,11.15023736338702,2.491571322470993,0.0003187836126468,0.0585849037401347,3.0,1.3867662881727878,0.8282639660220997,181,142
B0047,41,16,4,5280.031,11.81131136026599,2.471859124111365,0.0003268521421925,0.0585849037401347,5.0,1.3705053061420225,0.8185518857796805,181,140
B0047,43,17,4,5248.593,11.699803023226297,2.488914813470205,0.0003254297966388,0.0585849037401347,7.0,1.34974311148236,0.8061513985174809,181,138
B0047,45,18,4,5203.375,11.234017863419322,2.472852533936716,0.0003312032287773,0.0585849037401347,9.0,1.3251533367939785,0.7914648399526455,181,136
B0047,49,19,4,5166.812,11.729632241368254,2.4822189935935484,0.0003278697500124,0.0580894405960351,1.0,1.3111943869635805,0.7831276779905801,181,132
B0047,51,20,4,2384.094,8.565277404002732,3.452630071948054,0.00031162913043,0.0580894405960351,3.0,0.0,0.0,181,130
B0047,53,21,4,5340.281,12.186162994585318,2.481264290061195,0.0003218128593053,0.0580894405960351,5.0,1.3394234405932892,0.7999878426165894,181,128
B0047,55,22,4,5103.0,11.147409475641334,2.487540187711501,0.000334765302744,0.0580894405960351,7.0,1.2849157142560723,0.7674324034052742,181,126
B0047,57,23,4,5051.172,11.681014963080823,2.4907582384317,0.000337472002207,0.0580894405960351,9.0,1.281719159327807,0.7655232199436679,181,124
B0047,61,24,4,5027.563,11.29683746494969,2.493163832069928,0.0003343370266675,0.0588935611351396,1.0,1.2600051642942829,0.7525542576909527,181,120
B0047,63,25,4,4993.765,11.88239860330653,2.479240941037315,0.000343572023409,0.0588935611351396,3.0,1.266070385993126,0.7561767892032425,181,118
B0047,65,26,4,4962.469,11.79170575767619,2.4915265338912347,0.0003432299435087,0.0588935611351396,5.0,1.2413590294280803,0.7414176143019554,181,116
B0047,67,27,4,4907.859,11.72661603963688,2.495727313119633,0.0003460741637576,0.0588935611351396,7.0,1.2298873703485311,0.7345660186674811,181,114
B0047,69,28,4,4888.656,12.464631760563272,2.4979742120513757,0.0003468872587395,0.0588935611351396,9.0,1.228088614506696,0.7334916886522722,181,112
B0047,73,29,4,4866.25,11.863547747838409,2.495109477398993,0.0003445727164792,0.0606574704180075,1.0,1.2139857189070042,0.7250685532318206,181,108
B0047,75,30,4,4836.125,12.460832791038596,2.4851956352139384,0.0003533188400264,0.0606574704180075,3.0,1.2173435064564189,0.7270740349459761,181,106
B0047,77,31,4,4801.485,12.213639136225725,2.4873308484835266,0.0003554197232546,0.0606574704180075,5.0,1.2073445944515917,0.7211020564059323,181,104
B0047,79,32,4,4760.938,11.534784991217848,2.488620645344286,0.0003580646818792,0.0606574704180075,7.0,1.18804049227045,0.7095724335924766,181,102
B0047,81,33,4,4740.907,12.42977502748968,2.476969143594387,0.000362081526022,0.0606574704180075,9.0,1.186304749886542,0.7085357391738499,181,100
B0047,85,34,4,4914.532,12.428323073625249,2.4790054948940434,0.0003384869804121,0.0655071824171395,1.0,1.2613935471028506,0.7533834871445302,181,96
B0047,89,35,4,4998.656,12.48741336421358,2.479600589435018,0.0003390472203456,0.0640501828485657,1.0,1.2648246158850651,0.7554327370156071,181,92
B0047,91,36,4,4890.015,11.343734065329729,2.46837363838224,0.0003530843850506,0.0640501828485657,3.0,1.24664945489822,0.7445773888214353,181,90
B0047,93,37,4,4842.11,12.641653349352346,2.497016493627855,0.0003506141091755,0.0640501828485657,5.0,1.2333924152795082,0.7366594517429575,181,88
B0047,95,38,4,4798.281,11.969937687736325,2.4751740867556524,0.0003582428488072,0.0640501828485657,7.0,1.2129250072037692,0.7244350295518608,181,86
B0047,97,39,4,4739.188,11.438399477589398,2.499811739255094,0.0003575721069048,0.0640501828485657,9.0,1.1999106597943647,0.7166620435105678,181,84
B0047,101,40,4,4733.156,12.144441411939049,2.494550023378076,0.0003544046473379,0.0658333505063299,1.0,1.1902559038393383,0.7108956165888245,181,80
B0047,103,41,4,4670.61,12.67224284322037,2.477337702429082,0.0003675602003236,0.0658333505063299,3.0,1.1892563795455853,0.7102986378745739,181,78
B0047,105,42,4,4635.0,11.984785271459067,2.478325379623597,0.0003700407690642,0.0658333505063299,5.0,1.167069685125939,0.6970473498459693,181,76
B0047,107,43,4,4615.86,12.101959002780742,2.494831087986124,0.000367854792803,0.0658333505063299,7.0,1.1615348403090369,0.69374159273429,181,74
B0047,109,44,4,4580.75,12.396974763839234,2.495678140540268,0.0003706358027775,0.0658333505063299,9.0,1.1555563844349988,0.6901708832245835,181,72
B0047,113,45,4,4557.406,11.455115215105929,2.4729308126474736,0.0003723577749969,0.0687878090911825,1.0,1.1488524666097713,0.686166882252563,181,68
B0047,115,46,4,4524.032000000007,11.39345446641458,2.494578415325497,0.0003752887924137,0.0687878090911825,3.0,1.143572986788779,0.6830136451625336,181,66
B0047,117,47,4,4502.938,12.6352725981059,2.492546798627854,0.0003775482601035,0.0687878090911825,5.0,1.1418015379428537,0.6819556246011421,181,64
B0047,119,48,4,4483.094,12.45444631401429,2.4752083843332136,0.0003832578896705,0.0687878090911825,7.0,1.136058647502255,0.6785256095702547,181,62
B0047,121,49,4,4448.36,12.18400994607025,2.4974098896142385,0.0003810619964324,0.0687878090911825,9.0,1.1236364680969286,0.6711063034704141,181,60
B0047,125,50,4,4440.531,12.849012968534735,2.470530852621601,0.0003824758485708,0.067042457422244,1.0,1.1320498900328944,0.6761313277156185,181,56
B0047,127,51,4,4416.547,11.44307926801482,2.4800604125308974,0.0003875635445547,0.067042457422244,3.0,1.117010176215815,0.6671486655899156,181,54
B0047,129,52,4,4382.937,12.895633770945397,2.482310382215253,0.0003901051245659,0.067042457422244,5.0,1.120043039721982,0.6689600822485446,181,52
B0047,131,53,4,4347.453,11.573902587010837,2.499914991218416,0.0003892685524832,0.067042457422244,7.0,1.1059773445917065,0.6605591652859538,181,50
B0047,133,54,4,3581.188,10.553052640742196,2.994695135525109,0.0003345922633886,0.067042457422244,9.0,0.0,0.0,181,48
B0047,137,55,4,4746.5,11.984288635557064,2.47468810834507,0.0003533147339935,0.067687003462409,1.0,1.1907902374762016,0.7112147542121009,181,44
B0047,141,56,4,4679.156,12.836265571184011,2.4936019875098454,0.0003590476536263,0.0706810853533824,1.0,1.2012387088454022,0.7174552378530215,181,40
B0047,143,57,4,4596.578,12.655987301395294,2.4794043785439617,0.0003731006954956,0.0706810853533824,3.0,1.1906909549024802,0.7111554564205633,181,38
B0047,145,58,4,4544.641,12.20963360823446,2.495823360233662,0.0003737013444081,0.0706810853533824,5.0,1.1764375730308343,0.7026424411425586,181,36
B0047,147,59,4,4526.938,12.780134013784457,2.4834980820953168,0.0003778917606359,0.0706810853533824,7.0,1.1628110372792353,0.6945038177558939,181,34
B0047,149,60,4,4487.438,12.658108002877777,2.4920392941768497,0.0003793375288333,0.0706810853533824,9.0,1.1516152840582583,0.6878170104369553,181,32
B0047,153,61,4,4513.312,13.24936801902594,2.488243242390158,0.000367382866228,0.0721616439691655,1.0,1.1583673498348623,0.6918497683909584,181,28
B0047,157,62,4,4568.438,13.102537521023756,2.498187334581169,0.0003664668966913,0.0720657836981216,1.0,1.1692285288386206,0.6983367469640976,181,24
B0047,159,63,4,4499.656,13.019156020970016,2.4982213366801296,0.0003768012743248,0.0720657836981216,3.0,1.1588148476218465,0.6921170421882771,181,22
B0047,161,64,4,4430.984,12.612257184300963,2.4715997205282143,0.0003885891746758,0.0720657836981216,5.0,1.1439588147705455,0.6832440858770982,181,20
B0047,163,65,4,4411.141,12.968805846071126,2.4972991957929973,0.0003845736913564,0.0720657836981216,7.0,1.1383941068159398,0.6799204926231046,181,18
B0047,165,66,4,1991.531,9.05446951177611,3.427057522273196,0.0003849655399016,0.0720657836981216,9.0,0.0,0.0,181,16
B0047,169,67,4,4883.312,13.123905320087225,2.475863858583421,0.0003463052054863,0.07280052727114,1.0,1.2213102850395667,0.7294432443719845,181,12
B0047,173,68,4,4663.907,13.179418154583676,2.482088014003299,0.0003630055291597,0.0727832837778209,1.0,1.2031062978889062,0.718570679381464,181,8
B0047,175,69,4,4581.328,12.742282067813369,2.484545959502679,0.0003733901333709,0.0727832837778209,3.0,1.1897147112197684,0.7105723823500851,181,6
B0047,177,70,4,4553.031,13.23162562344335,2.481724014979985,0.0003762556912127,0.0727832837778209,5.0,1.177422568842014,0.7032307425341058,181,4
B0047,179,71,4,4486.5,12.857920538298638,2.475682459777723,0.0003831021547182,0.0727832837778209,7.0,1.158443027293818,0.6918949677247088,181,2
B0047,181,72,4,4450.625,12.67528068575023,2.4992087242533025,0.0003808389343987,0.0727832837778209,9.0,1.1567087516841796,0.6908591493558421,181,0
B0048,1,1,4,6436.141,10.85194413164328,2.6876065414465464,0.000238665438059,0.07486242670723,0.0,1.6579955793677608,1.0,181,180
B0048,5,2,4,5650.265,10.829468947828506,2.6835427959445024,0.0002616353570834,0.07486242670723,1.0,1.5076933476098775,0.9093470250293444,181,176
B0048,7,3,4,5590.907,11.053444137693344,2.6769979855651798,0.0002680188441054,0.07486242670723,3.0,1.4989223343608031,0.9040568943690328,181,174
B0048,9,4,4,5543.61,10.582379295049948,2.6934384147921957,0.0002672004949473,0.07486242670723,5.0,1.4782919502497789,0.8916139274710806,181,172
B0048,11,5,4,5499.046,10.227762694291696,2.6967591738883163,0.0002687705918218,0.07486242670723,7.0,1.461856891390611,0.8817013203063286,181,170
B0048,13,6,4,5461.219,10.448166696977866,2.6855475478766424,0.0002726430976639,0.07486242670723,9.0,1.4509592706473475,0.8751285520318686,181,168
B0048,17,7,4,5451.281,11.087645565750543,2.691750203742161,0.0002658946937421,0.0748964391390291,1.0,1.451746997147108,0.8756036597520356,181,164
B0048,21,8,4,5468.062,10.331525897326843,2.689384375743919,0.0002685815266686,0.0757692694613932,1.0,1.444392866287476,0.871168104584611,181,160
B0048,23,9,4,5411.297,10.695473118282326,2.6855540838129546,0.0002750548914435,0.0757692694613932,3.0,1.432738323965376,0.8641388082058207,181,158
B0048,25,10,4,5369.703,10.588614300598088,2.689152622424136,0.0002764779439134,0.0757692694613932,5.0,1.417241201438662,0.8547919060068272,181,156
B0048,27,11,4,5327.406,10.7107611721746,2.678956108681276,0.0002804270394258,0.0757692694613932,7.0,1.4057559944573452,0.8478647421927377,181,154
B0048,29,12,4,5299.266,10.52686289722462,2.688287422782237,0.0002801794707169,0.0757692694613932,9.0,1.3902706269897065,0.838524929915588,181,152
B0048,33,13,4,5367.172,10.680714357791624,2.680621623320638,0.0002706606976997,0.0753322025051574,1.0,1.4196659307880326,0.8562543522156978,181,148
B0048,37,14,4,5406.812,10.479304841863389,2.693587841641054,0.0002705970672469,0.0764147145889461,1.0,1.4190563985232272,0.8558867201952084,181,144
B0048,39,15,4,5353.094,10.378581035006627,2.6905447145318244,0.0002769180422476,0.0764147145889461,3.0,1.404272356704056,0.8469699040087572,181,142
B0048,41,16,4,5280.031,10.851484720266557,2.6889512479861937,0.0002809421903401,0.0764147145889461,5.0,1.3916140490958342,0.8393351987262203,181,140
B0048,43,17,4,5248.593,10.70498211965856,2.6767423992621824,0.0002847985093451,0.0764147145889461,7.0,1.3749618350294734,0.829291617022154,181,138
B0048,45,18,4,5203.375,10.26828159930382,2.692752260117709,0.0002843079579008,0.0764147145889461,9.0,1.3545155713071164,0.8169597001118847,181,136
B0048,49,19,4,5166.812,10.42028909453994,2.69610071870072,0.0002818850862409,0.0769489678768179,1.0,1.3440223073315984,0.8106308147360146,181,132
B0048,51,20,4,2384.094,8.382812028066311,3.4429735829245125,0.0003056378074158,0.0769489678768179,3.0,0.0,0.0,181,130
B0048,53,21,4,5340.281,11.025933551300648,2.6813752744142234,0.0002800313085344,0.0769489678768179,5.0,1.372384475860572,0.827737113981872,181,128
B0048,55,22,4,5103.0,10.196289899952207,2.6946752970811247,0.0002894398597251,0.0769489678768179,7.0,1.318410575267441,0.7951834080101634,181,126
B0048,57,23,4,5051.172,10.67776116366158,2.6954700046169733,0.0002923144293076,0.0769489678768179,9.0,1.3112727599578604,0.7908783209529936,181,124
B0048,61,24,4,5027.563,10.197605675555666,2.696945913635699,0.0002892347999829,0.0812010538637714,1.0,1.2970172419001187,0.7822802774870528,181,120
B0048,63,25,4,4993.765,10.817583822184044,2.678219557836974,0.0002989504141342,0.0812010538637714,3.0,1.2995219526631718,0.783790963519164,181,118
B0048,65,26,4,4962.469,10.516072793190034,2.6929901554909765,0.0002977179433528,0.0812010538637714,5.0,1.2826154066729571,0.7735939845883386,181,116
B0048,67,27,4,4907.859,10.549697060839051,2.684969781882089,0.0003024722117432,0.0812010538637714,7.0,1.2752890152407,0.7691751601213573,181,114
B0048,69,28,4,4888.656,11.262651366620426,2.6836073579697186,0.0003040830953615,0.0812010538637714,9.0,1.2735572473264072,0.7681306652289445,181,112
B0048,73,29,4,4866.25,10.67022537319244,2.6880496504528555,0.0003002016798351,0.078869566389857,1.0,1.2594114333938535,0.759598788480547,181,108
B0048,75,30,4,4836.125,11.290252755528313,2.6866245843324728,0.0003067844561048,0.078869566389857,3.0,1.2631632585495876,0.7618616564896189,181,106
B0048,77,31,4,4801.485,10.973350060572036,2.698617918096401,0.0003064997561066,0.078869566389857,5.0,1.2491717310136363,0.753422835717077,181,104
B0048,79,32,4,4760.938,10.3391489283262,2.699107325579607,0.0003088351180711,0.078869566389857,7.0,1.233984347835307,0.7442627490634559,181,102
B0048,81,33,4,4740.907,11.22843469416495,2.6835548325192,0.0003135670377865,0.078869566389857,9.0,1.240031992028868,0.7479103125846248,181,100
B0048,85,34,4,4914.532,11.142187018109254,2.681569834191177,0.0002936950001634,0.0799826707857191,1.0,1.30370857198071,0.7863160723732748,181,96
B0048,89,35,4,4998.656,11.266783334689707,2.683679055503892,0.0002936007023246,0.0788327823664273,1.0,1.315055963470538,0.7931601144389089,181,92
B0048,91,36,4,4890.015,10.42585253276335,2.682654869893668,0.00030421392663,0.0788327823664273,3.0,1.2888738300982074,0.7773686770562382,181,90
B0048,93,37,4,4842.11,11.216029100406416,2.682384467590376,0.0003074269458074,0.0788327823664273,5.0,1.2877137595885193,0.7766689945455463,181,88
B0048,95,38,4,4798.281,10.782099455149345,2.686240486840372,0.0003091073715006,0.0788327823664273,7.0,1.2673379985315465,0.7643796004660139,181,86
B0048,97,39,4,4739.188,10.321202935071105,2.6969281633328235,0.0003109596448807,0.0788327823664273,9.0,1.250594345697306,0.7542808685739633,181,84
B0048,101,40,4,4733.156,10.97070399517944,2.697244348677796,0.0003068769327384,0.0786066163448657,1.0,1.2487131179395878,0.7531462287829238,181,80
B0048,103,41,4,4670.61,11.121182366824469,2.682663772646134,0.0003185610697218,0.0786066163448657,3.0,1.248002326082933,0.7527175232631383,181,78
B0048,105,42,4,4635.0,10.805368665446066,2.6897565950033164,0.0003193841900762,0.0786066163448657,5.0,1.2300895244599586,0.7419136334060827,181,76
B0048,107,43,4,4615.86,10.90427632418744,2.6851150517360427,0.0003214758261427,0.0786066163448657,7.0,1.2244197121500937,0.7384939546201916,181,74
B0048,109,44,4,4580.75,11.177549576040898,2.691698678764574,0.0003226598893831,0.0786066163448657,9.0,1.2186682845116386,0.7350250505350263,181,72
B0048,113,45,4,4557.406,10.375532122783676,2.688395997689043,0.0003202260396827,0.0792768393252681,1.0,1.2037865236033616,0.7260492962607286,181,68
B0048,115,46,4,4524.032000000007,10.314092555911314,2.696650926823416,0.0003255336247366,0.0792768393252681,3.0,1.1947642300832226,0.7206076089411644,181,66
B0048,117,47,4,4502.938,11.367431862943256,2.6969697387700067,0.0003271629802356,0.0792768393252681,5.0,1.2052091893871495,0.7269073599380338,181,64
B0048,119,48,4,4483.094,11.06954549641082,2.6967087456075824,0.0003286163876703,0.0792768393252681,7.0,1.1955746593628465,0.7210964095686865,181,62
B0048,121,49,4,4448.36,10.977331626368253,2.6919470298999477,0.0003321521927187,0.0792768393252681,9.0,1.1888497102149884,0.7170403377482644,181,60
B0048,125,50,4,4440.531,11.25041370680882,2.686563173222129,0.0003288201135926,0.0806396651057525,1.0,1.1915605250807406,0.7186753329795459,181,56
B0048,127,51,4,4416.547,10.261913330935936,2.696173744376241,0.0003333281483242,0.0806396651057525,3.0,1.1726587153109655,0.7072749348090135,181,54
B0048,129,52,4,4382.937,11.209451387068038,2.687805922420921,0.0003379517672252,0.0806396651057525,5.0,1.1841133872494156,0.7141836817809554,181,52
B0048,131,53,4,4347.453,10.39465598668322,2.6954427225266566,0.0003389967447917,0.0806396651057525,7.0,1.1576825122317769,0.6982422188804828,181,50
B0048,133,54,4,3581.188,9.73523495959482,3.078111316923791,0.0003049289356491,0.0806396651057525,9.0,0.0,0.0,181,48
B0048,137,55,4,4746.5,10.71880829888557,2.6861121256233056,0.0003053307668638,0.0790627076320204,1.0,1.259355851168598,0.7595652647329886,181,44
B0048,141,56,4,4679.156,11.267543040114028,2.6816961536149058,0.0003139355289486,0.0803691215820104,1.0,1.265883375278026,0.7635022620269846,181,40
B0048,143,57,4,4596.578,10.977215485451683,2.6935260886313634,0.0003213408904231,0.0803691215820104,3.0,1.247259867318412,0.7522697182305071,181,38
B0048,145,58,4,4544.641,10.698980931953203,2.6819098951639786,0.0003276369473841,0.0803691215820104,5.0,1.232808747256218,0.7435536997790559,181,36
B0048,147,59,4,4526.938,11.200778779435032,2.6836569825858465,0.0003285038130255,0.0803691215820104,7.0,1.2319592783041904,0.7430413528448431,181,34
B0048,149,60,4,4487.438,11.067122162658642,2.686405541586876,0.0003307458155549,0.0803691215820104,9.0,1.220785786262778,0.7363021961302799,181,32
B0048,153,61,4,4513.312,11.217197558663642,2.685608364298082,0.0003195965122449,0.0787772881088217,1.0,1.2275441303266783,0.7403784096907994,181,28
B0048,157,62,4,4568.438,11.59325762914515,2.685972991906515,0.0003205242605255,0.0799177529548652,1.0,1.2386788414290355,0.7470941761505647,181,24
B0048,159,63,4,4499.656,11.534047303435644,2.689198249643033,0.000329208748951,0.0799177529548652,3.0,1.2283577755407058,0.7408691499702987,181,22
B0048,161,64,4,4430.984,10.92572543982624,2.6983204775942364,0.0003322003425007,0.0799177529548652,5.0,1.2095481507570451,0.7295243520602624,181,20
B0048,163,65,4,4411.141,11.346378697595553,2.693240203211685,0.0003349084700775,0.0799177529548652,7.0,1.2082142070681048,0.7287198000424283,181,18
B0048,165,66,4,1991.531,8.56828741399406,3.441548920019712,0.0003658549552529,0.0799177529548652,9.0,0.0,0.0,181,16
B0048,169,67,4,4883.312,11.439171740202124,2.6866110987705887,0.000300201653434,0.0816525770705254,1.0,1.2998734542832149,0.7840029674740702,181,12
B0048,173,68,4,4663.907,11.147240167890732,2.699083135691788,0.0003115171687384,0.0800508246084786,1.0,1.2691220651743778,0.7654556387046152,181,8
B0048,175,69,4,4581.328,10.831285577855546,2.6907134698484554,0.0003231047656685,0.0800508246084786,3.0,1.2555144634690785,0.757248378157824,181,6
B0048,177,70,4,4553.031,11.236293148641268,2.684500860538322,0.0003265152758931,0.0800508246084786,5.0,1.2519876926897655,0.7551212489765401,181,4
B0048,179,71,4,4486.5,11.08616967823061,2.687835669252526,0.0003305556053083,0.0800508246084786,7.0,1.2374982003019996,0.7463820867205759,181,2
B0048,181,72,4,4450.625,10.751912617606896,2.690437364566134,0.0003326460321474,0.0800508246084786,9.0,1.2231273969878986,0.7377145103452633,181,0
B0049,1,1,4,1713.235,16.380725919820748,1.992540128455469,0.0010819818396597,0.0433385417036897,0.0,0.8583727215167135,1.0,59,58
B0049,5,2,4,3170.984,20.824132297943244,1.9882559316714203,0.0006855800840313,0.0433385417036897,1.0,1.4209057149417377,1.655348171399306,59,54
B0049,7,3,4,3135.344,22.127142494646403,1.999572792895172,0.0006989743187425,0.0433385417036897,3.0,1.372852133389263,1.5993659851672395,59,52
B0049,9,4,4,3049.781,17.45530915998414,1.9713959702644483,0.0007279819022528,0.0433385417036897,5.0,1.3643742487429145,1.5894892912394916,59,50
B0049,11,5,4,4565.859,20.096309819317955,1.9735165526751877,0.0005451229141166,0.0433385417036897,7.0,2.378643730568756,2.771108250464645,59,48
B0049,15,6,4,5428.594,20.530529696550808,1.9779063196102415,0.0004049281054575,0.0638173707029388,1.0,1.0605357965671216,1.235518988410062,59,44
B0049,17,7,4,2646.797,19.605507267281187,1.999505796022011,0.0008284151157764,0.0638173707029388,3.0,1.0069932376659496,1.1731421705557337,59,42
B0049,19,8,4,2705.594,21.578292345131203,1.9998676881173485,0.0008101993245027,0.0638173707029388,5.0,0.9298775334359536,1.0833027543010614,59,40
B0049,21,9,4,2627.828,21.333411676684342,1.9942412611094629,0.0008363149102931,0.0638173707029388,7.0,0.9232377029483808,1.0755673844306857,59,38
B0049,23,10,4,2981.312,18.65094643921925,1.9887929829692836,0.0007386602652906,0.0638173707029388,9.0,0.9053279121173716,1.0547025661739229,59,36
B0049,27,11,4,1941.797,21.206691637037263,1.99394963168183,0.0011215048190288,0.0823489131626244,1.0,0.8595848360639872,1.0014121074876796,59,32
B0049,29,12,4,2663.625,21.329570135453707,1.997025505884536,0.0008235439838036,0.0823489131626244,3.0,0.8369614294820705,0.9750559500576742,59,30
B0049,31,13,4,2862.25,18.615958800969327,1.990570708799589,0.0007683661682655,0.0823489131626244,5.0,0.8456824187653132,0.9852158596920728,59,28
B0049,33,14,4,1894.485,22.131760657764843,1.9874243707218109,0.0011629267663706,0.0823489131626244,7.0,0.8071214007577537,0.9402924633154692,59,26
B0049,35,15,4,1799.25,21.0797561027406,1.989251737206632,0.0012221826196365,0.0823489131626244,9.0,0.7820744360746734,0.9111128726140972,59,24
B0049,39,16,4,1741.204,19.66472404691272,1.9868911872895965,0.0012496362762442,0.0816188702914137,1.0,0.7953019444133349,0.926522854789776,59,20
B0049,41,17,4,236.156,8.914965140326935,3.45435043151442,0.0031156066898009,0.0816188702914137,3.0,0.0,0.0,59,18
B0049,43,18,4,1899.218,22.347809168975328,1.996058976050717,0.001144262587208,0.0816188702914137,5.0,0.7752051154719997,0.903110147888018,59,16
B0049,45,19,4,2305.25,19.41196098209977,1.9811242583835047,0.000956813119424,0.0816188702914137,7.0,0.7711865903845158,0.8984285859199451,59,14
B0049,47,20,4,1690.594,19.074608803884857,1.991234767471124,0.0012996132607532,0.0816188702914137,9.0,0.7585098914517947,0.8836602939938902,59,12
B0049,51,21,4,1800.421,22.607671167433093,1.992352748796434,0.0012047228484641,0.0699757864995389,1.0,0.7349386490499009,0.8561999124940631,59,8
B0049,53,22,4,1633.25,19.003281636478988,1.9960897948919885,0.0013411406357404,0.0699757864995389,3.0,0.7366758033690756,0.8582236887344185,59,6
B0049,55,23,4,1737.172,22.10154579807187,1.9999963944412724,0.00125972735631,0.0699757864995389,5.0,0.7093946599203638,0.8264412907564084,59,4
B0049,57,24,4,1614.406,19.702963463668752,1.9911540027307004,0.0013591750422821,0.0699757864995389,7.0,0.7186465009220309,0.8372196400326055,59,2
B0049,59,25,4,1708.86,22.293655276575564,1.9924291348754952,0.0012845658876049,0.0699757864995389,9.0,0.6913885231046639,0.8054642299012083,59,0
B0050,1,1,4,1713.235,17.700710235479104,2.1766233079901336,0.0009582177523095,0.0761757019999664,0.0,0.8631448527758341,1.0,51,50
B0050,5,2,4,3170.984,19.05864532227174,2.17499719337362,0.0006256288401982,0.0761757019999664,1.0,1.648789607776492,1.9102119446974173,51,46
B0050,7,3,4,3135.344,20.111233999456417,2.1911951483218752,0.0006353029813285,0.0761757019999664,3.0,1.601636485397804,1.855582501879047,51,44
B0050,9,4,4,3049.781,20.278735817853075,2.1942759978640183,0.0006522257851149,0.0761757019999664,5.0,1.5517564797427017,1.797793817286084,51,42
B0050,11,5,4,4565.859,6.935918101259972,0.3492816607816715,0.000916885040226,0.0761757019999664,7.0,0.0325584171083419,0.0377206873256969,51,40
B0050,15,6,4,5428.594,24.96276210259813,2.178400890970668,0.0004354766253184,-4986.050426740892,1.0,2.6401491157387014,3.058755557943841,51,36
B0050,17,7,4,2646.797,19.265522316221983,2.1918281570306326,0.000751496106901,-4986.050426740892,3.0,1.359027658891632,1.5745070535044745,51,34
B0050,19,8,4,2705.594,18.66332781758057,2.1945981119604814,0.0007354013271959,-4986.050426740892,5.0,1.3742172692238257,1.592105038690095,51,32
B0050,21,9,4,2627.828,19.24741197475352,2.1871747097810523,0.0007609264193466,-4986.050426740892,7.0,1.3528030430821978,1.56729549939578,51,30
B0050,23,10,4,2981.312,22.784422727870645,2.1918823058659096,0.0006686231535368,-4986.050426740892,9.0,1.3607406193458431,1.576491610845809,51,28
B0050,27,11,4,1941.797,13.887369323051947,0.3203299638987588,0.0019778074846687,0.102682232070076,1.0,0.5268786924650971,0.6104174644275286,51,24
B0050,29,12,4,2663.625,17.779357290699473,2.184263094213456,0.0007508644370521,0.102682232070076,3.0,1.4002714246164416,1.6222901869984316,51,22
B0050,31,13,4,2862.25,22.23552363801744,2.1762467490120763,0.0007017042498593,0.102682232070076,5.0,1.4289274755270829,1.6554897720025992,51,20
B0050,33,14,4,1894.485,10.434223507755965,2.1381406475642324,0.0008198418156765,0.102682232070076,7.0,0.076583541740148,0.0887261755588982,51,18
B0050,35,15,4,1799.25,18.15521296792552,2.1260336204243564,0.0009279505923214,0.102682232070076,9.0,0.5736933387569048,0.6646547643908591,51,16
B0050,39,16,4,1741.204,14.027851994614435,2.186548090086204,0.0009023113601603,0.1080963797632516,1.0,0.3014742035427856,0.3492741717375229,51,12
B0050,41,17,4,236.156,9.290927916610505,3.2123720225635264,0.0023080413860311,0.1080963797632516,3.0,0.0,0.0,51,10
B0050,43,18,4,1899.218,9.918067818733402,0.1970552492968445,0.0020927062477054,0.1080963797632516,5.0,0.1795654263232146,0.2080362592046288,51,8
B0050,45,19,4,2305.25,19.262784970646152,0.1927377074618698,0.0016788740318884,0.1080963797632516,7.0,1.179168781562907,1.3661308154370086,51,6
B0050,47,20,4,1690.594,10.698614481562748,2.1295104990476927,0.0009321433152884,0.1080963797632516,9.0,0.0961913170505672,0.1114428438531729,51,4
B0050,51,21,4,1800.421,15.425941131175092,2.199179035422044,0.000868889387254,0.1115873080193426,1.0,0.2780851770910449,0.3221767194657256,51,0
B0051,1,1,4,1713.235,17.933039751399626,2.469359676853076,0.0007767018752066,0.0638844452297328,0.0,0.6434735598158292,1.0,59,58
B0051,5,2,4,3170.984,17.97953483271074,2.494398109831089,0.0005272604758743,0.0638844452297328,1.0,1.293180461998278,2.0096870217455454,59,54
B0051,7,3,4,3135.344,16.976273689395825,2.493737690186406,0.0005435063874969,0.0638844452297328,3.0,1.2288940261191657,1.909781695569421,59,52
B0051,9,4,4,3049.781,18.15291521418941,2.484825203522635,0.0005627503893869,0.0638844452297328,5.0,1.2039031789717949,1.870944284511656,59,50
B0051,11,5,4,4565.859,20.74350641722436,2.481006838176381,0.0004335510637107,0.0638844452297328,7.0,2.330873478782131,3.622329842813212,59,48
B0051,15,6,4,5428.594,19.42896460124537,2.4989144012367213,0.0003103290271045,0.0793182123358629,1.0,1.0092808819126011,1.5684885051088515,59,44
B0051,17,7,4,2646.797,18.9541455757646,2.4909800416005967,0.0006461555456284,0.0793182123358629,3.0,0.9565659895125322,1.486566114365778,59,42
B0051,19,8,4,2705.594,17.468709072861763,2.494677278512384,0.0006311845788226,0.0793182123358629,5.0,0.901956291365404,1.401699071557122,59,40
B0051,21,9,4,2627.828,19.153660408464766,2.4990630530936326,0.0006489581332966,0.0793182123358629,7.0,0.8897906666138162,1.3827928949691208,59,38
B0051,23,10,4,2981.312,16.52477794467856,2.49110131411956,0.0005743132981497,0.0793182123358629,9.0,0.8830717036634559,1.3723511870731766,59,36
B0051,27,11,4,1941.797,17.11375752268931,2.487899627353052,0.000875496504258,0.0752560606873869,1.0,0.8431270354481757,1.3102745599826822,59,32
B0051,29,12,4,2663.625,17.63739523383682,2.4928843010694406,0.0006424505268223,0.0752560606873869,3.0,0.826559103449663,1.2845269099887109,59,30
B0051,31,13,4,2862.25,18.52236923892433,2.4993609910440835,0.0005950756419186,0.0752560606873869,5.0,0.8352681546837963,1.2980613452444905,59,28
B0051,33,14,4,1894.485,18.39923327528304,2.498094046924129,0.0009006920963185,0.0752560606873869,7.0,0.8025719464987874,1.2472492991452426,59,26
B0051,35,15,4,1799.25,17.275372082939334,2.495501924298458,0.0009504668782652,0.0752560606873869,9.0,0.7839218784699513,1.2182658735726768,59,24
B0051,39,16,4,1741.204,16.60444518809659,2.490477437469913,0.0009753105751922,0.0781802277846298,1.0,0.7910763493036002,1.229384389204767,59,20
B0051,41,17,4,236.156,8.422696645654868,3.546618065659587,0.0027557727416163,0.0781802277846298,3.0,0.0,0.0,59,18
B0051,43,18,4,1899.218,17.682518901037938,2.491598912047876,0.0008901562664991,0.0781802277846298,5.0,0.7654538269480236,1.1895653135571052,59,16
B0051,45,19,4,2305.25,16.94512387438401,2.4869071541416994,0.0007407775056041,0.0781802277846298,7.0,0.773177347633947,1.2015681698798015,59,14
B0051,47,20,4,1690.594,17.545176388637014,2.499952602276462,0.0010040576269171,0.0781802277846298,9.0,0.7605293776416485,1.181912397238703,59,12
B0051,51,21,4,1800.421,18.870237090882178,2.4997210982004625,0.0009385515199504,0.0822217340232647,1.0,0.7376430319247004,1.1463455190541532,59,8
B0051,53,22,4,1633.25,16.8501327260127,2.491516785323916,0.0010435943411191,0.0822217340232647,3.0,0.739179500257907,1.1487332913406263,59,6
B0051,55,23,4,1737.172,18.12397455517185,2.496222014851971,0.0009753265424684,0.0822217340232647,5.0,0.7014575429842594,1.0901109024355655,59,4
B0051,57,24,4,1614.406,16.26047891418261,2.488325882818304,0.0010469180609441,0.0822217340232647,7.0,0.7047349480541781,1.0952042042813426,59,2
B0051,59,25,4,1708.86,18.15350870977148,2.495715251425015,0.0009926235932316,0.0822217340232647,9.0,0.677848893570423,1.053421517061917,59,0
B0052,1,1,4,1713.235,16.429874854641657,2.691234036028442,0.0006702727805749,0.072504594632496,0.0,0.8606591508342232,1.0,9,8
B0052,5,2,4,3170.984,16.315701424377302,2.694829986819334,0.0004590763264668,0.072504594632496,1.0,1.4183095114360322,1.6479340399289166,9,4
B0052,7,3,4,3135.344,15.689005573106092,2.6969580006046856,0.0004718993732853,0.072504594632496,3.0,1.3707123028693164,1.5926308359595165,9,2
B0052,9,4,4,3049.781,14.97127576364998,2.697283446718984,0.0004858380617522,0.072504594632496,5.0,1.3515647352626494,1.5703832742062862,9,0
B0053,1,1,4,2349.64,19.02185891684059,1.9808329057464715,0.0008942574854424,0.0996980829489472,0.0,1.06914178861943,1.0,137,136
B0053,5,2,4,2560.688,18.304754041202315,1.9735558560671436,0.00086113680093,0.0996980829489472,1.0,1.1540727934432229,1.0794384858283983,137,132
B0053,7,3,4,2522.375,19.33942752368694,1.9558143264177168,0.00088664084198,0.0996980829489472,3.0,1.1501525413826983,1.0757717578955328,137,130
B0053,9,4,4,2488.719,18.729143210051177,1.99748310559266,0.0008820223604568,0.0996980829489472,5.0,1.1305863853936766,1.057470952336069,137,128
B0053,11,5,4,2474.844,18.709411575172343,1.974695202836088,0.000896280632891,0.0996980829489472,7.0,1.121790272357562,1.049243687131635,137,126
B0053,13,6,4,2473.875,18.63570596513145,1.9637397944562875,0.0009011535722291,0.0996980829489472,9.0,1.1135982401443856,1.0415814366234453,137,124
B0053,17,7,4,2495.5,21.292305794774187,1.944364958852849,0.0008955323297324,0.0997211625758571,1.0,1.0864654057095062,1.0162032924673594,137,120
B0053,19,8,4,2481.078,21.01159959420005,1.9470490842081751,0.0009048188078562,0.0997211625758571,3.0,1.0647493568993147,0.9958916284379952,137,118
B0053,21,9,4,2460.125,20.939938897683515,1.9602813323957715,0.000907141785804,0.0997211625758571,5.0,1.0809288094959644,1.011024749946174,137,116
B0053,23,10,4,2440.547,19.28383683899809,1.9605995541160255,0.0009143672471642,0.0997211625758571,7.0,1.0852752041846463,1.0150900617083252,137,114
B0053,25,11,4,2449.922,21.101391697483887,1.9595048550370973,0.0009113821125262,0.0997211625758571,9.0,1.0504799933740894,0.9825450698457514,137,112
B0053,29,12,4,2408.781,18.64340722345076,1.984585820237712,0.0009107131946005,0.1005922423642111,1.0,1.0853550177054303,1.0151647136596695,137,108
B0053,31,13,4,2442.547,21.313677971413888,1.944670916271544,0.0009203843992896,0.1005922423642111,3.0,1.0508395690790722,0.9828813916590136,137,106
B0053,33,14,4,2420.671,20.92811979857166,1.9692766515934297,0.0009182383178727,0.1005922423642111,5.0,1.060906788333118,0.9922975601796038,137,104
B0053,35,15,4,2409.906,19.930786955410536,1.991566826677512,0.0009132538383957,0.1005922423642111,7.0,1.070582461063814,1.0013475036330255,137,102
B0053,37,16,4,2416.672,21.0220574646762,1.9588680902433293,0.000924118613019,0.1005922423642111,9.0,1.024036665663697,0.9578118417633114,137,100
B0053,41,17,4,2395.75,19.091622529647232,1.9836880271317603,0.0009158908956217,0.0994015439552692,1.0,1.0670957253433857,0.9980862563807498,137,96
B0053,43,18,4,2410.688,21.30570494347084,1.968810244689163,0.0009223869814023,0.0994015439552692,3.0,1.0279237850447498,0.9614475797191462,137,94
B0053,45,19,4,2402.125,21.06885524244432,1.940239319338743,0.0009372584152349,0.0994015439552692,5.0,1.0325426399701008,0.96576773161529,137,92
B0053,47,20,4,2355.265,19.0403826843671,1.9763616179319543,0.0009406416633639,0.0994015439552692,7.0,1.055948784653705,0.9876601924027674,137,90
B0053,49,21,4,2396.719,21.22988294194384,1.958878972318411,0.0009320604793952,0.0994015439552692,9.0,1.0445313831308718,0.9769811583921556,137,88
B0053,53,22,4,2442.344,20.949809700571592,1.9866817453254884,0.0008864514351931,0.1014664503272224,1.0,1.035313906812183,0.9683597796220008,137,84
B0053,57,23,4,2444.703,20.122996890408825,1.960538225019884,0.0009070173494608,0.1011177165294839,1.0,1.076341053101982,1.0067336854280555,137,80
B0053,59,24,4,2412.25,20.906313087706064,1.9904175883780109,0.0009124298384305,0.1011177165294839,3.0,1.0352223140423542,0.9682741101899353,137,78
B0053,61,25,4,2403.234,21.20076254299653,1.9817745728975944,0.0009196737158936,0.1011177165294839,5.0,1.0514287056908256,0.9834324285916493,137,76
B0053,63,26,4,2361.047,20.01669492389786,1.9986378497920827,0.000928670929827,0.1011177165294839,7.0,1.060332934638968,0.9917608178127276,137,74
B0053,65,27,4,2392.468,21.30088854975241,1.9475532037509715,0.0009383287207225,0.1011177165294839,9.0,1.0236966462748538,0.957493811552106,137,72
B0053,69,28,4,2373.89,19.859103950325803,1.9971786671898824,0.0009183191523799,0.1021762818092291,1.0,1.0465884668750889,0.9789052097818906,137,68
B0053,71,29,4,2383.234,21.371062787995548,1.954304860794578,0.0009388994848532,0.1021762818092291,3.0,1.0031121684812232,0.9382405394297888,137,66
B0053,73,30,4,2342.453,20.121473725568496,1.972812167862101,0.0009471607646086,0.1021762818092291,5.0,1.0461578935615607,0.97850248180127,137,64
B0053,75,31,4,2359.296,21.375504791399432,1.9932654775438805,0.0009321593049834,0.1021762818092291,7.0,1.0156263513525603,0.9499454255398871,137,62
B0053,77,32,4,2345.453,20.75519907919811,1.9677305370734943,0.0009480719315782,0.1021762818092291,9.0,1.0250054893129452,0.9587180112345274,137,60
B0053,81,33,4,2360.172,21.495108529574846,1.9646771872417268,0.0009372794552883,0.1019045384887791,1.0,0.9801331625592912,0.9167475941847952,137,56
B0053,83,34,4,2315.407,19.650976156235696,1.9842967959422224,0.000953140031709,0.1019045384887791,3.0,1.036777776420363,0.9697289802497964,137,54
B0053,85,35,4,2322.156,18.85601423191303,1.9519786488395736,0.0009646085924711,0.1019045384887791,5.0,1.026830062058722,0.9604245881967214,137,52
B0053,87,36,4,2327.1570000000065,19.66943680638515,1.9991200294367053,0.0009422953847443,0.1019045384887791,7.0,1.0150379662805102,0.9493950915446088,137,50
B0053,89,37,4,2335.0,21.138845685984403,1.9919158008530224,0.0009423032497688,0.1019045384887791,9.0,0.9904614739486176,0.9264079699172444,137,48
B0053,93,38,4,2329.375,19.288047919779903,1.94559141180858,0.0009579362743954,0.1021725584755827,1.0,1.0145765174582757,0.9489634847856676,137,44
B0053,95,39,4,2333.875,21.3268013324968,1.974560984027517,0.0009500646551451,0.1021725584755827,3.0,0.9811308944080388,0.917680802351727,137,42
B0053,97,40,4,2317.453,20.84260661100648,1.945088917895143,0.0009691521721678,0.1021725584755827,5.0,1.0041687429386437,0.9392287848324729,137,40
B0053,99,41,4,2295.109,18.56010936417985,1.9541644750198832,0.0009747597265296,0.1021725584755827,7.0,1.007820487960787,0.9426443701748612,137,38
B0053,101,42,4,2326.657,21.59240098021019,1.935548354335742,0.0009698562197395,0.1021725584755827,9.0,0.982454133084564,0.9189184667014048,137,36
B0053,105,43,4,2479.297,20.679962323191948,1.981406351768184,0.0008675853375124,0.1004089202755683,1.0,1.1096775355538029,1.037914285425805,137,32
B0053,109,44,4,2463.578,18.9874805225948,1.9931418060709156,0.0008859607859246,0.1027718376726618,1.0,1.1136801589914762,1.0416580577488774,137,28
B0053,111,45,4,2458.812,21.621996984314368,1.947894370100842,0.0009122077159357,0.1027718376726618,3.0,1.0385009100572404,0.9713406782071856,137,26
B0053,113,46,4,2400.672,18.973652680872625,1.9856387948209864,0.000918482680048,0.1027718376726618,5.0,1.0768815902180078,1.007239265812042,137,24
B0053,115,47,4,2396.407,20.978900321002104,1.949232767477218,0.0009354854225934,0.1027718376726618,7.0,1.0721705505837382,1.0028328908256587,137,22
B0053,117,48,4,2392.375,21.79016577987201,1.971670057823583,0.0009275331663267,0.1027718376726618,9.0,1.0124588999851116,0.9469828144052695,137,20
B0053,121,49,4,2373.687,21.259687238039497,1.9947630114629613,0.0009184897811254,0.1014554230700909,1.0,1.0279944857549583,0.9615137081886916,137,16
B0053,123,50,4,2385.922,22.11367611975276,1.93495405419616,0.0009456593180369,0.1014554230700909,3.0,1.0304147279049998,0.963777432397963,137,14
B0053,125,51,4,2345.0,20.51266351352416,1.9626921591466933,0.0009501490378972,0.1014554230700909,5.0,1.0556163273995052,0.9873492352802056,137,12
B0053,127,52,4,2363.047000000006,21.838243278861643,1.965011869626919,0.0009421647215835,0.1014554230700909,7.0,1.0011115418162628,0.9363692940194456,137,10
B0053,129,53,4,2316.687,19.19841243068418,1.998288646492444,0.0009464024783539,0.1014554230700909,9.0,1.0466839215498662,0.9789944913681063,137,8
B0053,133,54,4,2322.0,19.94793881732045,1.987337089818558,0.0009426089626625,0.1019507489324868,1.0,1.047181656018543,0.9794600371675268,137,4
B0053,135,55,4,2357.687,22.11167709201849,1.9333820178355812,0.000957973341646,0.1019507489324868,3.0,1.0102740078425778,0.944939220032857,137,2
B0053,137,56,4,23.0,6.582625875555882,3.8013484699433535,0.0169238515869349,0.1019507489324868,5.0,0.0,0.0,137,0
B0054,1,1,4,2660.313,19.2224107892251,2.1808531235872497,0.0006272305779031,0.1021829807494312,0.0,0.7399351039859233,1.0,253,252
B0054,5,2,4,2826.0,19.13350840101625,2.1857283549042807,0.0006951313937489,0.1021829807494312,1.0,1.1665440238116096,1.5765491021139637,253,248
B0054,7,3,4,2818.578,19.246439328077983,2.191704472328808,0.0007057720235295,0.1021829807494312,3.0,1.1052521456138635,1.4937149753539605,253,246
B0054,9,4,4,2713.812,25.274344894624623,2.194436684364802,0.0007330578456232,0.1021829807494312,5.0,1.0960302257185877,1.4812518284568896,253,244
B0054,11,5,4,2786.578,17.912726519981458,2.1744802077788186,0.0007195462454718,0.1021829807494312,7.0,1.0754450685609742,1.4534316087555614,253,242
B0054,13,6,4,2667.89,25.399130245059563,2.1991956579298835,0.0007447928304461,0.1021829807494312,9.0,1.0655493528023796,1.440057847049585,253,240
B0054,17,7,4,2530.172,19.95849572800336,2.195382286735059,0.0007776487259072,0.102854712109143,1.0,1.0568368579972396,1.4282831728136864,253,236
B0054,19,8,4,2446.062,22.3455512044548,2.186961493066742,0.0008172964582818,0.102854712109143,3.0,1.0449064445364842,1.4121595784653604,253,234
B0054,21,9,4,2713.25,18.346440665576743,2.1792899341144296,0.0007387433055486,0.102854712109143,5.0,1.0458363976936966,1.4134163821393624,253,232
B0054,23,10,4,2676.578,19.776786565302107,2.1960491387884744,0.000743723433574,0.102854712109143,7.0,1.018187920878015,1.3760502987264476,253,230
B0054,25,11,4,2394.734,22.520284175103843,2.1942476804372792,0.0008321968810174,0.102854712109143,9.0,1.0226409233672231,1.382068397428916,253,228
B0054,29,12,4,2673.0,17.54568061289479,2.1907481286563577,0.0007407442366534,0.1002124676480816,1.0,1.03890961861509,1.4040550489071733,253,224
B0054,31,13,4,2619.578,22.730114882559054,2.185877354823723,0.0007640392783155,0.1002124676480816,3.0,1.0173250354350074,1.3748841350475531,253,222
B0054,33,14,4,2640.016,17.24230903543893,2.18549830376202,0.0007567276332004,0.1002124676480816,5.0,1.033183911994548,1.396316928915706,253,220
B0054,35,15,4,2621.187,17.67282228813571,2.169486415611112,0.0007697619182821,0.1002124676480816,7.0,1.0095232119739597,1.364340205696154,253,218
B0054,37,16,4,2616.453,24.83365687277193,2.1991609285274296,0.0007599357178678,0.1002124676480816,9.0,0.9862483259626476,1.3328848984861923,253,216
B0054,41,17,4,2565.109,23.814869897999767,2.16946894247905,0.0007790683436597,0.0988695675377842,1.0,1.0080048320000436,1.3622881609077166,253,212
B0054,43,18,4,2532.531,23.28615802177016,2.189366386338004,0.0007871148847932,0.0988695675377842,3.0,1.0153387761254196,1.3721997654333962,253,210
B0054,45,19,4,2556.593,22.857688282463823,2.1938108499397133,0.0007782193785325,0.0988695675377842,5.0,1.0106786853355956,1.3659017931318784,253,208
B0054,47,20,4,2577.891,17.0744400013979,2.195354018162212,0.0007675827255153,0.0988695675377842,7.0,1.010409656585336,1.3655382088812995,253,206
B0054,49,21,4,2572.36,25.034160636506623,2.1757051329882087,0.0007819820727084,0.0988695675377842,9.0,0.9801433323963482,1.3246341836148303,253,204
B0054,53,22,4,2697.75,23.82931377080337,2.1816843710356264,0.0007294698825051,0.099535479298496,1.0,1.1016641723624383,1.4888659376044373,253,200
B0054,57,23,4,2683.406,18.148295901779747,2.1869057073992466,0.0007379723517453,0.1002072988544413,1.0,1.0826512239001271,1.463170510586728,253,196
B0054,59,24,4,2646.156,24.24050410772348,2.1798631989492883,0.000758223021285,0.1002072988544413,3.0,1.0575008387868343,1.4291805228461665,253,194
B0054,61,25,4,2593.531,22.93935470684112,2.1957368370641035,0.0007664553161017,0.1002072988544413,5.0,1.0385517331615322,1.4035713774991945,253,192
B0054,63,26,4,2604.125,24.77112444800467,2.197272162359153,0.000762711997634,0.1002072988544413,7.0,1.0073294901291132,1.3613754567161025,253,190
B0054,65,27,4,2588.594,17.39258920543283,2.186991625035034,0.0007710022684345,0.1002072988544413,9.0,1.0160400308540347,1.373147490071459,253,188
B0054,69,28,4,2579.203,18.305747733025576,2.1839945875783817,0.0007729319732572,0.1003655046370946,1.0,1.0158319636440951,1.3728662935059512,253,184
B0054,71,29,4,2555.453,19.849601783840107,2.1974155139704856,0.0007787430066946,0.1003655046370946,3.0,1.0015383803216271,1.3535489462879715,253,182
B0054,73,30,4,2525.609,23.697887384213885,2.1944796571193828,0.000789077195053,0.1003655046370946,5.0,0.981248861591824,1.3261282730147257,253,180
B0054,75,31,4,2536.172,17.639370990163055,2.19582689132158,0.00078365656316,0.1003655046370946,7.0,0.9987416030110134,1.3497691860150127,253,178
B0054,77,32,4,2536.204,24.85575941323945,2.180729125655269,0.0007911628393732,0.1003655046370946,9.0,0.9584014230949642,1.2952506482422506,253,176
B0054,81,33,4,2488.86,22.63357359621721,2.198606902338691,0.0007915186982773,0.097951483681631,1.0,0.9800846133894624,1.324554826646132,253,172
B0054,83,34,4,2518.547,18.24210090664387,2.178492152794792,0.0007961951655798,0.097951483681631,3.0,0.9720372198962766,1.3136790167949226,253,170
B0054,85,35,4,2485.766,23.459587106388877,2.1931605321338634,0.0008023131469234,0.097951483681631,5.0,0.9693202807518412,1.3100071553981598,253,168
B0054,87,36,4,2506.718,24.87318926454243,2.1971158447610275,0.0007927312487868,0.097951483681631,7.0,0.9479786388506264,1.2811645693575056,253,166
B0054,89,37,4,2459.297,22.57895105031832,2.192446180613871,0.0008097526290753,0.097951483681631,9.0,0.9638519569071228,1.3026168804736953,253,164
B0054,93,38,4,2488.734,18.155876160419844,2.1750045839249057,0.0008014255053622,0.0997830605676292,1.0,0.9682336695484696,1.3085386330946256,253,160
B0054,95,39,4,2491.375,24.745737558953422,2.1906356157422464,0.0008015099222165,0.0997830605676292,3.0,0.9407020864603765,1.2713305280327294,253,158
B0054,97,40,4,2467.328,20.864500972462256,2.1969226044699126,0.000805223914648,0.0997830605676292,5.0,0.9618442077038964,1.2999034679157413,253,156
B0054,99,41,4,2466.125,18.59367691804772,2.188259141429684,0.0008100420964856,0.0997830605676292,7.0,0.9332340144199704,1.261237653670942,253,154
B0054,101,42,4,2459.312999999994,24.597212846034733,2.1682818867328626,0.0008211803997354,0.0997830605676292,9.0,0.9313454737145216,1.258685347806177,253,152
B0054,105,43,4,2559.125,24.13178710047615,2.187733999755357,0.0007650142881778,0.1004782991647128,1.0,0.9976429099116704,1.3482843353930805,253,148
B0054,109,44,4,2534.156,23.612194914633054,2.158914847324055,0.0007928172482968,0.0997641395277223,1.0,0.9833315262972036,1.328942931616758,253,144
B0054,111,45,4,2521.985,18.35582339692624,2.1913469960772693,0.0007896747895801,0.0997641395277223,3.0,0.9904370062777442,1.3385457737339443,253,142
B0054,113,46,4,2503.172,24.73342335069987,2.1887585386046826,0.0007983913472035,0.0997641395277223,5.0,0.9499871340436294,1.283878990098167,253,140
B0054,115,47,4,2474.344,24.172566338551658,2.198239401427243,0.0008024055543785,0.0997641395277223,7.0,0.9526027840900876,1.2874139623306886,253,138
B0054,117,48,4,2349.64,23.99040081449467,2.1796805503092664,0.000804973850108,0.0997641395277223,9.0,0.8850175175465715,1.196074510830896,253,136
B0054,121,49,4,2560.688,23.497913584081875,2.1687268442761383,0.0007802631388082,0.0989229768738694,1.0,0.9937402750241768,1.343010041922652,253,132
B0054,123,50,4,2522.375,22.413638355604547,2.191725388766709,0.0007893398026943,0.0989229768738694,3.0,0.995507330519279,1.3453981641857848,253,130
B0054,125,51,4,2488.719,23.276288269463745,2.16190489413124,0.0008123514530421,0.0989229768738694,5.0,0.975407870968116,1.3182343501662983,253,128
B0054,127,52,4,2474.844,23.166415774259068,2.1867699716569766,0.0008067703028637,0.0989229768738694,7.0,0.965960558373922,1.3054665918273538,253,126
B0054,129,53,4,2473.875,23.915519230311656,2.198752976514828,0.0008023837763882,0.0989229768738694,9.0,0.9573702621688754,1.2938570653178372,253,124
B0054,133,54,4,2495.5,24.7714915843067,2.166553275090901,0.0008017050334211,0.0984956031734981,1.0,0.9294756591964932,1.2561583498195212,253,120
B0054,135,55,4,2481.078,24.68396453173386,2.197414602671961,0.0008003182753712,0.0984956031734981,3.0,0.9323553879823946,1.2600502165121388,253,118
B0054,137,56,4,2460.125,19.020363167421827,2.1984537160355733,0.0008064676767957,0.0984956031734981,5.0,0.954568378404969,1.2900704038271025,253,116
B0054,139,57,4,2440.547,24.13873479197664,2.1699490089903373,0.0008263641931036,0.0984956031734981,7.0,0.9330242104372936,1.260954109909406,253,114
B0054,141,58,4,2449.922,24.81564122138252,2.176887912375456,0.0008190216610125,0.0984956031734981,9.0,0.923294184000959,1.247804272330515,253,112
B0054,145,59,4,2408.781,23.24485824164149,2.1883883016985664,0.0008212909477279,0.1006867621906256,1.0,0.9257799164262976,1.2511636648122997,253,108
B0054,147,60,4,2442.547,24.86373425921068,2.170115376243027,0.0008245035393751,0.1006867621906256,3.0,0.9162765793280084,1.2383201910439972,253,106
B0054,149,61,4,2420.671,19.187532398616906,2.1966197167856167,0.0008205785303082,0.1006867621906256,5.0,0.9387011679112468,1.2686263468979908,253,104
B0054,151,62,4,2409.906,24.608575630578702,2.1844861596911245,0.0008309289646432,0.1006867621906256,7.0,0.9158990586877171,1.237809983272724,253,102
B0054,153,63,4,2416.672,18.813867999485478,2.1969048206503072,0.0008217405434277,0.1006867621906256,9.0,0.9202608990433788,1.2437048790982703,253,100
B0054,157,64,4,2395.75,23.94925053538712,2.189593119391126,0.0008290538782951,0.0981573763469847,1.0,0.9111253917360888,1.2313585162103924,253,96
B0054,159,65,4,2410.688,24.82147170162433,2.1801159908061365,0.0008310142887281,0.0981573763469847,3.0,0.8980507043695345,1.2136884701534842,253,94
B0054,161,66,4,2402.125,18.57811741414672,2.1883204645817864,0.0008301584721065,0.0981573763469847,5.0,0.9278864624016372,1.2540105982311789,253,92
B0054,163,67,4,2355.265,22.523812738647745,2.176027126654838,0.0008539012149712,0.0981573763469847,7.0,0.9118415396987224,1.2323263686055224,253,90
B0054,165,68,4,2396.719,24.88527095803529,2.192431157609426,0.0008310083478098,0.0981573763469847,9.0,0.8936491649329469,1.2077399222161351,253,88
B0054,169,69,4,2442.344,24.49535100296176,2.165885100454371,0.0008081558081238,0.0981257322796142,1.0,0.9100864492604256,1.2299544167561742,253,84
B0054,173,70,4,2444.703,24.79248513927076,2.1973597496316057,0.0008055940899214,0.0987775669980443,1.0,0.911490473146094,1.2318519127367074,253,80
B0054,175,71,4,2412.25,19.41886177632084,2.1972629267290893,0.000823004842012,0.0987775669980443,3.0,0.9337172811638196,1.261890774115216,253,78
B0054,177,72,4,2403.234,24.843161021240142,2.198752877987022,0.0008272397198957,0.0987775669980443,5.0,0.8981517756068776,1.213825064885642,253,76
B0054,179,73,4,2361.047,22.81807409211731,2.198603650230703,0.0008410896384909,0.0987775669980443,7.0,0.9139367135371254,1.235157932923956,253,74
B0054,181,74,4,2392.468,24.58129890321389,2.1805571893421827,0.0008374291764659,0.0987775669980443,9.0,0.8764848617154279,1.184542883550099,253,72
B0054,185,75,4,2373.89,24.65462709285521,2.174201624293327,0.0008391619897205,0.099380707134329,1.0,0.8854917958581964,1.1967154836798255,253,68
B0054,187,76,4,2383.234,24.667711168999983,2.1705705059131044,0.0008447207613283,0.099380707134329,3.0,0.8819074622846708,1.191871364845326,253,66
B0054,189,77,4,2342.453,21.67226159753115,2.196118065671102,0.0008481782096971,0.099380707134329,5.0,0.9045809105944796,1.2225138471220425,253,64
B0054,191,78,4,2359.296,24.96144413226689,2.184361072149743,0.0008478009953291,0.099380707134329,7.0,0.8734606349455996,1.1804557321856923,253,62
B0054,193,79,4,2345.453,19.86209455847644,2.193007424689509,0.0008486705976251,0.099380707134329,9.0,0.903131190986828,1.220554594749987,253,60
B0054,197,80,4,2360.172,24.813991518744384,2.168539148301184,0.00084872003522,0.0997875649797947,1.0,0.8712217754060124,1.1774299809711242,253,56
B0054,199,81,4,2315.407,22.3422759308799,2.1987726546793334,0.0008571743793354,0.0997875649797947,3.0,0.8936499043476617,1.2077409215128447,253,54
B0054,201,82,4,2322.156,23.389616432610406,2.1680465237840907,0.0008679875919628,0.0997875649797947,5.0,0.8835064014687892,1.1940322829792345,253,52
B0054,203,83,4,2327.1570000000065,24.437246414395887,2.1849035687167166,0.000858801083248,0.0997875649797947,7.0,0.8779403705367915,1.1865099598700668,253,50
B0054,205,84,4,2335.0,24.61732308170388,2.1788266272471644,0.0008585893387151,0.0997875649797947,9.0,0.8599389109365094,1.1621815295748816,253,48
B0054,209,85,4,2329.375,24.271941214408503,2.173598497548058,0.0008549970830912,0.0998076165369776,1.0,0.8697358119609565,1.1754217461447842,253,44
B0054,211,86,4,2333.875,24.804728027574093,2.171024131749843,0.0008624232635427,0.0998076165369776,3.0,0.8638271814812677,1.1674364100688772,253,42
B0054,213,87,4,2317.453,19.87934804833635,2.193241046616703,0.0008586591344813,0.0998076165369776,5.0,0.8865694537789144,1.1981719058916018,253,40
B0054,215,88,4,2295.109,23.51552492010551,2.1928820402300686,0.000868392961678,0.0998076165369776,7.0,0.8690078572313327,1.1744379372597855,253,38
B0054,217,89,4,2326.657,24.913142338885027,2.1802092140590776,0.0008613705709304,0.0998076165369776,9.0,0.8474446088377652,1.145295856721358,253,36
B0054,221,90,4,2479.297,23.80380834532953,2.1788337133933458,0.0007822496830002,0.0988196922135409,1.0,0.8799727721580702,1.1892566894282812,253,32
B0054,225,91,4,2463.578,23.08245417914552,2.1830841723157457,0.0008044492020328,0.0990634062872626,1.0,0.9110444582768508,1.231249137078625,253,28
B0054,227,92,4,2458.812,23.778234573688007,2.1910520386239125,0.0008099008215862,0.0990634062872626,3.0,0.912172429335506,1.2327735559804704,253,26
B0054,229,93,4,2400.672,23.05943482945761,2.199607761547385,0.0008258141068808,0.0990634062872626,5.0,0.8872043975884799,1.199030013320409,253,24
B0054,231,94,4,2396.407,22.244929264861582,2.199124134730816,0.0008281505065313,0.0990634062872626,7.0,0.8961236767959215,1.2110841504459418,253,22
B0054,233,95,4,2392.375,23.801178997375885,2.187300234238766,0.0008342151885302,0.0990634062872626,9.0,0.8851334001128452,1.1962311226278626,253,20
B0054,237,96,4,2373.687,20.129283300775896,2.1979569345819563,0.0008281605607026,0.0996265298848966,1.0,0.8793386645436118,1.188399712091968,253,16
B0054,239,97,4,2385.922,24.104183465359974,2.1932450152273764,0.0008351184609535,0.0996265298848966,3.0,0.8461224238450626,1.1435089635389963,253,14
B0054,241,98,4,2345.0,21.124822433154826,2.188819744044954,0.0008508070835402,0.0996265298848966,5.0,0.8705933152969343,1.1765806360681823,253,12
B0054,243,99,4,2363.047000000006,24.038373358435607,2.1933054601044173,0.0008423204964458,0.0996265298848966,7.0,0.8440520909609104,1.140710971021815,253,10
B0054,245,100,4,2316.687,22.33379539164456,2.1984194356911515,0.0008566716591801,0.0996265298848966,9.0,0.8536244678403578,1.153647749974297,253,8
B0054,249,101,4,2322.0,21.7292466341309,2.197124548478272,0.0008473176114123,0.1015050702360389,1.0,0.8524519337958137,1.1520631055396324,253,4
B0054,251,102,4,2357.687,24.067733333922256,2.1601370672426743,0.0008582139387645,0.1015050702360389,3.0,0.8373919001793014,1.1317099238411483,253,2
B0054,253,103,4,23.0,6.383481120383388,3.83839582745546,0.0149600542392328,0.1015050702360389,5.0,0.0,0.0,253,0
B0055,1,1,4,2660.313,18.02446981350722,2.493079498483449,0.0005077054940381,0.0961908583965746,0.0,0.7989997927037011,1.0,251,250
B0055,5,2,4,2826.0,16.633080095446793,2.480538609588174,0.0005992505161922,0.0961908583965746,1.0,1.319892156462878,1.6519305367984534,251,246
B0055,7,3,4,2818.578,18.02222405324747,2.48985034932468,0.0006065473230054,0.0961908583965746,3.0,1.2769832801132015,1.598227298397754,251,244
B0055,9,4,4,2713.812,16.276920867509258,2.485404008194569,0.0006323028058628,0.0961908583965746,5.0,1.2572591312230863,1.5735412483258615,251,242
B0055,11,5,4,2786.578,17.386184005164274,2.484071154442301,0.0006166040749067,0.0961908583965746,7.0,1.206763751299412,1.510343009246468,251,240
B0055,13,6,4,2667.89,16.287370504806514,2.481388096934316,0.0006452351115065,0.0961908583965746,9.0,1.2077322536103197,1.511555152628421,251,238
B0055,17,7,4,2530.172,18.76540773861097,2.4857750442530606,0.0006754144880198,0.0959763432768074,1.0,1.2009614290093835,1.5030810270244273,251,234
B0055,19,8,4,2446.062,17.743208793113464,2.4898705968582,0.0007005487521153,0.0959763432768074,3.0,1.189059086549973,1.4881844743993824,251,232
B0055,21,9,4,2713.25,16.27240932778339,2.486378896244576,0.0006330239166315,0.0959763432768074,5.0,1.169708782604433,1.4639663154934066,251,230
B0055,23,10,4,2676.578,18.496064110315466,2.484196378836121,0.0006427164358717,0.0959763432768074,7.0,1.1483647194613424,1.4372528377954146,251,228
B0055,25,11,4,2394.734,17.233592924973692,2.488899766066993,0.0007163618825658,0.0959763432768074,9.0,1.1527726060972296,1.4427695934643636,251,226
B0055,29,12,4,2673.0,17.25233196126928,2.4856427415338582,0.0006400544020267,0.0978518208220766,1.0,1.1318370471727228,1.416567385258947,251,222
B0055,31,13,4,2619.578,18.84637103862602,2.4945204316368925,0.000652929371228,0.0978518208220766,3.0,1.1326525803383347,1.4175880778461785,251,220
B0055,33,14,4,2640.016,16.69866695291335,2.489824423973652,0.0006495888014749,0.0978518208220766,5.0,1.1160565716574584,1.3968170978879513,251,218
B0055,35,15,4,2621.187,17.281200338137296,2.4929609831648176,0.0006533562724936,0.0978518208220766,7.0,1.0984641825068853,1.3747990832260912,251,216
B0055,37,16,4,2616.453,17.87487048558903,2.4987737122938984,0.000652353999544,0.0978518208220766,9.0,1.092569410309668,1.367421393956273,251,214
B0055,41,17,4,2565.109,18.56561933924195,2.4960528571959832,0.0006634730717687,0.097531103850855,1.0,1.109167680712031,1.3881952046054555,251,210
B0055,43,18,4,2532.531,18.731388722663795,2.4950345179419164,0.0006753543869851,0.097531103850855,3.0,1.107503502890571,1.3861123782559914,251,208
B0055,45,19,4,2556.593,18.85911132920102,2.499203075422064,0.0006673852582466,0.097531103850855,5.0,1.106751675424531,1.3851714174786471,251,206
B0055,47,20,4,2577.891,16.474886676905992,2.4858947643408493,0.0006586596915219,0.097531103850855,7.0,1.0726694124582823,1.3425152575178054,251,204
B0055,49,21,4,2572.36,18.429839421941317,2.490219926603604,0.0006669330665897,0.097531103850855,9.0,1.0776844021506693,1.3487918419902705,251,202
B0055,53,22,4,2697.75,16.79121110894689,2.49591717391522,0.0006262132859799,0.0975919890866962,1.0,1.1981714734535909,1.499589216912247,251,198
B0055,57,23,4,2683.406,16.558207457541112,2.493901769830843,0.0006345624563129,0.0984142673170484,1.0,1.162538155268093,1.4549918108667208,251,194
B0055,59,24,4,2646.156,16.176716026227933,2.490665842720209,0.0006479900475791,0.0984142673170484,3.0,1.1556827465844224,1.4464118228038043,251,192
B0055,61,25,4,2593.531,18.28920429337146,2.491266216084571,0.0006609854131747,0.0984142673170484,5.0,1.137444098422356,1.4235849731242205,251,190
B0055,63,26,4,2604.125,18.65863623047158,2.492760704750605,0.0006575926649684,0.0984142673170484,7.0,1.1126375352125493,1.3925379522910049,251,188
B0055,65,27,4,2588.594,16.83473057053666,2.486626233949432,0.0006641201795235,0.0984142673170484,9.0,1.098656067845981,1.3750392401583558,251,186
B0055,69,28,4,2579.203,16.756789919207705,2.495104294734825,0.0006606271208993,0.1001161409222528,1.0,1.098530275888464,1.3748818033746848,251,182
B0055,71,29,4,2555.453,16.24699765148442,2.487763139286609,0.0006724248893554,0.1001161409222528,3.0,1.1029370400968537,1.3803971542529094,251,180
B0055,73,30,4,2525.609,19.129984857149815,2.497867584305148,0.0006765470045274,0.1001161409222528,5.0,1.0949644922735318,1.3704189941881315,251,178
B0055,75,31,4,2536.172,16.36765160927189,2.482550786926367,0.0006794642813774,0.1001161409222528,7.0,1.0890679714830998,1.3630391164406306,251,176
B0055,77,32,4,2536.204,18.15665009637772,2.498794021092515,0.0006733191324759,0.1001161409222528,9.0,1.073323391636053,1.3433337548237403,251,174
B0055,81,33,4,2488.86,18.80550760238104,2.4986675609061084,0.0006830918397511,0.0959148476411232,1.0,1.095373856745309,1.3709313403433063,251,170
B0055,83,34,4,2518.547,17.559578387097904,2.495967983888696,0.0006787967239127,0.0959148476411232,3.0,1.0639517466243125,1.331604533993747,251,168
B0055,85,35,4,2485.766,17.467083355342886,2.494521891499824,0.000688784943397,0.0959148476411232,5.0,1.085798072407703,1.3589466259227896,251,166
B0055,87,36,4,2506.718,18.49462899513655,2.4940939052144744,0.0006830241387923,0.0959148476411232,7.0,1.0588748965507555,1.325250527246915,251,164
B0055,89,37,4,2459.297,17.91164881741511,2.488192777263103,0.0006986991604783,0.0959148476411232,9.0,1.0813260035191288,1.3533495420068584,251,162
B0055,93,38,4,2488.734,16.71929796179109,2.483590427491968,0.0006888949121214,0.0973463150121152,1.0,1.061601862588323,1.3286635018965574,251,158
B0055,95,39,4,2491.375,18.743872075423457,2.494836964233761,0.0006872338056345,0.0973463150121152,3.0,1.0593920670581127,1.3258977996393233,251,156
B0055,97,40,4,2467.328,16.07532193134441,2.495294559262084,0.0006934185015818,0.0973463150121152,5.0,1.0742513141424723,1.3444951099516054,251,154
B0055,99,41,4,2466.125,18.1055360480279,2.493930027919102,0.0006944354689714,0.0973463150121152,7.0,1.04056147341315,1.302330091841499,251,152
B0055,101,42,4,2459.312999999994,19.22539590220654,2.4968794236107965,0.0006941622748256,0.0973463150121152,9.0,1.0575656535324895,1.323611924796424,251,150
B0055,105,43,4,2559.125,17.79698901775945,2.4980844986118784,0.0006597415487906,0.0957513027495029,1.0,1.0983528970914622,1.3746598023195888,251,146
B0055,109,44,4,2534.156,19.90310164984231,2.497690135885909,0.0006711436366502,0.0982934825737443,1.0,1.109758993739737,1.3889352711650538,251,142
B0055,111,45,4,2521.985,16.28428434167548,2.495812780943487,0.0006777733971229,0.0982934825737443,3.0,1.0793315779206871,1.3508533891709578,251,140
B0055,113,46,4,2503.172,18.858200111612096,2.497968365806555,0.0006827710603824,0.0982934825737443,5.0,1.0716159094756148,1.3411967302887773,251,138
B0055,115,47,4,2474.344,19.26539604228336,2.494850314865808,0.0006917940128701,0.0982934825737443,7.0,1.0746464211019795,1.3449896119065683,251,136
B0055,117,48,4,2349.64,19.91574517945343,2.497025585392751,0.000697569316898,0.0982934825737443,9.0,1.08643683065179,1.3597460732442033,251,134
B0055,121,49,4,2560.688,19.74476118019262,2.497531566741249,0.0006628540444209,0.0960595078437481,1.0,1.1340138347387958,1.4192917759107984,251,130
B0055,123,50,4,2522.375,18.239458117812696,2.4925446639956585,0.0006789849384525,0.0960595078437481,3.0,1.1176964717951587,1.3988695391434751,251,128
B0055,125,51,4,2488.719,19.14324542302631,2.497355535023157,0.0006864968368012,0.0960595078437481,5.0,1.1046468529644289,1.3825370958188383,251,126
B0055,127,52,4,2474.844,18.957146305546704,2.496005450177785,0.0006908825783037,0.0960595078437481,7.0,1.089700148407426,1.3638303268140235,251,124
B0055,129,53,4,2473.875,18.569611226697237,2.4945789390502733,0.0006917816461073,0.0960595078437481,9.0,1.075533547538172,1.346099908109763,251,122
B0055,133,54,4,2495.5,18.389604150481876,2.497451626540361,0.0006815523074885,0.0980537839894344,1.0,1.0609866776144368,1.3278935580498832,251,118
B0055,135,55,4,2481.078,17.859841515218953,2.494771530909891,0.0006899992207498,0.0980537839894344,3.0,1.0518218041615568,1.3164231252205236,251,116
B0055,137,56,4,2460.125,15.816276936907297,2.4850759949386982,0.0006998773137653,0.0980537839894344,5.0,1.0553857898132757,1.3208836841396427,251,114
B0055,139,57,4,2440.547,18.755426828419857,2.4972833794296387,0.0006990100266837,0.0980537839894344,7.0,1.0533102333691788,1.3182859907947253,251,112
B0055,141,58,4,2449.922,17.253309886018204,2.4994934553850463,0.0006969099475622,0.0980537839894344,9.0,1.0315365260084348,1.2910347855258668,251,110
B0055,145,59,4,2408.781,19.044660235871767,2.496397324750552,0.0007071026782631,0.0945385434995231,1.0,1.0533401053259417,1.3183233774837275,251,106
B0055,147,60,4,2442.547,17.632782962314124,2.498591356778633,0.0006991731824026,0.0945385434995231,3.0,1.0317876798810788,1.2913491208672991,251,104
B0055,149,61,4,2420.671,15.652866929465386,2.4793908002585576,0.0007137384875775,0.0945385434995231,5.0,1.0354207912157296,1.2958961950565888,251,102
B0055,151,62,4,2409.906,18.851175405607997,2.495919101086891,0.0007086941381339,0.0945385434995231,7.0,1.0322251791310608,1.2918966795199762,251,100
B0055,153,63,4,2416.672,16.682382112943166,2.487748902505861,0.0007111856478268,0.0945385434995231,9.0,1.011543397303472,1.2660120897911045,251,98
B0055,157,64,4,2395.75,19.331265935552995,2.496210707787105,0.0007111051438618,0.0953261246934921,1.0,1.0413760568150228,1.303349595737885,251,94
B0055,159,65,4,2410.688,17.796486773673443,2.499306018937951,0.0007081202490928,0.0953261246934921,3.0,1.02174193386881,1.2787762189666925,251,92
B0055,161,66,4,2402.125,15.641866781260571,2.495131192399576,0.0007126174622937,0.0953261246934921,5.0,1.0133135547969283,1.2682275565654657,251,90
B0055,163,67,4,2355.265,18.47501778028561,2.498865224973231,0.0007232352187599,0.0953261246934921,7.0,1.029994255962691,1.2891045346549306,251,88
B0055,165,68,4,2396.719,18.598567041058164,2.499842473941914,0.0007121219810165,0.0953261246934921,9.0,1.0189349807814327,1.2752631353426294,251,86
B0055,169,69,4,2442.344,17.70296113245331,2.4984245148092805,0.0006916948677104,0.0955986501310135,1.0,1.0290879520854015,1.2879702366418833,251,82
B0055,173,70,4,2444.703,19.648490501323845,2.498165502515704,0.0006959036397287,0.0953317195752566,1.0,1.0567629241900045,1.3226072570232712,251,78
B0055,175,71,4,2412.25,16.178060673787062,2.4838403700559373,0.0007137541290208,0.0953317195752566,3.0,1.0291668536316647,1.288068987038296,251,76
B0055,177,72,4,2403.234,18.88644438182567,2.4989275943849365,0.0007090279395693,0.0953317195752566,5.0,1.032129844490102,1.2917773620410116,251,74
B0055,179,73,4,2361.047,16.020151248713987,2.497716849078165,0.0007237452529088,0.0953317195752566,7.0,1.0409230283951276,1.3027826013230777,251,72
B0055,181,74,4,2392.468,18.292174814306744,2.497475666164784,0.0007131220908109,0.0953317195752566,9.0,1.011161098766987,1.265533618407287,251,70
B0055,185,75,4,2373.89,19.26049129848449,2.499631738732727,0.0007157698154107,0.0970492370316739,1.0,1.0337876112911784,1.2938521645831582,251,66
B0055,187,76,4,2383.234,17.24384546974176,2.499611198369732,0.0007161964746967,0.0970492370316739,3.0,1.003994224020383,1.2565638103897498,251,64
B0055,189,77,4,2342.453,15.900824096276386,2.4972946109355068,0.0007285575859223,0.0970492370316739,5.0,1.0334195479955004,1.2933915095253734,251,62
B0055,191,78,4,2359.296,18.94850032004803,2.4950143445404667,0.0007241330705477,0.0970492370316739,7.0,1.009893656411646,1.263947332194305,251,60
B0055,193,79,4,2345.453,14.95747625778177,2.496127080556164,0.0007292204567012,0.0970492370316739,9.0,1.0126262447940628,1.267367343572744,251,58
B0055,197,80,4,2360.172,17.70459844093717,2.498292598142556,0.0007210487046234,0.0967383381331187,1.0,0.9948742055727694,1.2451495165052011,251,54
B0055,199,81,4,2315.407,16.746714545942115,2.4995493131113817,0.0007359724133454,0.0967383381331187,3.0,1.0240799556179332,1.2817024046434269,251,52
B0055,201,82,4,2322.156,19.20127329879016,2.4954991257797223,0.0007353605444937,0.0967383381331187,5.0,1.0208889510043029,1.2777086556552917,251,50
B0055,203,83,4,2327.1570000000065,18.921215014535083,2.495394779769103,0.0007352172395332,0.0967383381331187,7.0,1.016100815944114,1.2717159944507297,251,48
B0055,205,84,4,2335.0,17.83845317353606,2.4987692806726884,0.0007314317879909,0.0967383381331187,9.0,0.9987875345106276,1.2500473011774802,251,46
B0055,209,85,4,2329.375,19.413252469388496,2.4984561833393784,0.0007300026063806,0.0957668537291583,1.0,1.0158868294923784,1.2714481765442798,251,42
B0055,211,86,4,2333.875,17.555469742468727,2.495225392424711,0.0007331590051608,0.0957668537291583,3.0,0.9963437517762594,1.2469887487764852,251,40
B0055,213,87,4,2317.453,15.18160164516741,2.48261274521935,0.0007441420799217,0.0957668537291583,5.0,1.0053777381419529,1.2582953679373283,251,38
B0055,215,88,4,2295.109,19.119001932657707,2.497894652809196,0.0007426818320587,0.0957668537291583,7.0,1.009132291002791,1.262994434063658,251,36
B0055,217,89,4,2326.657,18.259385299695204,2.498867447840723,0.0007338881231728,0.0957668537291583,9.0,0.9984581240784204,1.249635022682272,251,34
B0055,221,90,4,2479.297,20.334330441428275,2.49494387511604,0.000680285875479,0.094272851252728,1.0,1.0892389324114138,1.3632530851173126,251,30
B0055,225,91,4,2463.578,18.82433959610769,2.499224528115884,0.0006881115668105,0.0974710990124724,1.0,1.0793936031703524,1.3509310177889269,251,26
B0055,227,92,4,2458.812,16.215064274032724,2.492495487385769,0.0006964278240313,0.0974710990124724,3.0,1.032614295314224,1.292383683630261,251,24
B0055,229,93,4,2400.672,18.624861324787787,2.495661665849974,0.0007111253011714,0.0974710990124724,5.0,1.0498572649026638,1.3139643770746132,251,22
B0055,231,94,4,2396.407,15.137573162785118,2.498900329146198,0.0007122556232484,0.0974710990124724,7.0,1.0453902697248565,1.308373643236383,251,20
B0055,233,95,4,2392.375,16.113386903826303,2.489889091081545,0.0007177785559706,0.0974710990124724,9.0,1.0001607736713514,1.2517659989459449,251,18
B0055,237,96,4,2373.687,14.51027225857862,2.498768290819146,0.0007159087872667,0.0977872215415929,1.0,1.0084094786878155,1.2620897876274813,251,14
B0055,239,97,4,2385.922,18.79688115527297,2.4975933279193185,0.0007148350128933,0.0977872215415929,3.0,1.003655158082039,1.2561394474031256,251,12
B0055,241,98,4,2345.0,15.51511607516065,2.495932540383024,0.0007294241854905,0.0977872215415929,5.0,1.028526967659532,1.2872681282921783,251,10
B0055,243,99,4,2363.047000000006,17.410882869971065,2.493973960448579,0.000723433394616,0.0977872215415929,7.0,0.9816844358987022,1.2286416653211163,251,8
B0055,245,100,4,2316.687,17.541633082707207,2.4945849403498523,0.0007374660836968,0.0977872215415929,9.0,1.0127121434171131,1.2674748512640284,251,6
B0055,249,101,4,2322.0,16.68412644043965,2.4970956728658367,0.0007323767262615,0.0968087979207628,1.0,1.0201379996149256,1.276768791344644,251,2
B0055,251,102,4,2357.687,18.127312484256297,2.496842059818817,0.0007235745233262,0.0968087979207628,3.0,0.9907591663373164,1.2399992783286329,251,0
B0056,1,1,4,2660.313,15.737541036017063,2.689656173110366,0.0004319291409711,0.1049640515073794,0.0,0.7852781208785192,1.0,251,250
B0056,5,2,4,2826.0,14.09017680302044,2.686775295531401,0.0005174825102452,0.1049640515073794,1.0,1.3443555553017368,1.7119483143090213,251,246
B0056,7,3,4,2818.578,14.9073664521439,2.698313212370538,0.0005240305502487,0.1049640515073794,3.0,1.317502710734752,1.6777529842049002,251,244
B0056,9,4,4,2713.812,14.04619289990165,2.692589583576849,0.0005471566310467,0.1049640515073794,5.0,1.2973654679476911,1.6521095309471772,251,242
B0056,11,5,4,2786.578,14.458798502682042,2.6980823652266586,0.0005308485869657,0.1049640515073794,7.0,1.263960414854898,1.6095703945512445,251,240
B0056,13,6,4,2667.89,13.79068771013097,2.699291592092144,0.000554300994658,0.1049640515073794,9.0,1.2589496187032136,1.6031894754622489,251,238
B0056,17,7,4,2530.172,14.881216824496482,2.6902918098264004,0.0005845985730957,0.1025625756947458,1.0,1.28061976902026,1.6307849855635657,251,234
B0056,19,8,4,2446.062,14.283153326557814,2.6937716432028966,0.000606987122265,0.1025625756947458,3.0,1.2572786868607095,1.6010616537414109,251,232
B0056,21,9,4,2713.25,13.24625881226546,2.6912557599593363,0.0005482113458892,0.1025625756947458,5.0,1.2226260041048898,1.5569337430884913,251,230
B0056,23,10,4,2676.578,14.784638313108044,2.698815560187372,0.0005528632256521,0.1025625756947458,7.0,1.2292772249257495,1.5654036350210705,251,228
B0056,25,11,4,2394.734,13.967206000860529,2.698364593875605,0.0006182951238876,0.1025625756947458,9.0,1.2275780135689456,1.563239801200127,251,226
B0056,29,12,4,2673.0,14.10183741263998,2.690491235069901,0.0005535967416818,0.1019584993849311,1.0,1.2133872888296768,1.5451688472769576,251,222
B0056,31,13,4,2619.578,15.014735099158155,2.695326027100301,0.0005664497640558,0.1019584993849311,3.0,1.230223614493081,1.5666087998437863,251,220
B0056,33,14,4,2640.016,13.814334631047265,2.69100578312218,0.0005637995869431,0.1019584993849311,5.0,1.1927530108462678,1.5188924524114993,251,218
B0056,35,15,4,2621.187,14.16755708920704,2.6980104623652483,0.0005652951595209,0.1019584993849311,7.0,1.18671066359878,1.5111979208986026,251,216
B0056,37,16,4,2616.453,14.498480751440637,2.6918100210263542,0.0005687258879187,0.1019584993849311,9.0,1.1914875140242167,1.5172809255035098,251,214
B0056,41,17,4,2565.109,14.957470899011565,2.6994455277907243,0.0005740136242103,0.1015689252857899,1.0,1.214178606017816,1.546176537631623,251,210
B0056,43,18,4,2532.531,15.001521036754518,2.6974370448855804,0.0005852653881954,0.1015689252857899,3.0,1.2094387558721402,1.5401406504476365,251,208
B0056,45,19,4,2556.593,14.338173356663557,2.687185471488668,0.0005839292842823,0.1015689252857899,5.0,1.207072299940321,1.5371271245783915,251,206
B0056,47,20,4,2577.891,13.436612124692124,2.687470388534462,0.0005766727749684,0.1015689252857899,7.0,1.162961249391913,1.4809546050905709,251,204
B0056,49,21,4,2572.36,14.639269846531356,2.699656546174108,0.000575575511698,0.1015689252857899,9.0,1.17887968705904,1.5012256877094503,251,202
B0056,53,22,4,2697.75,13.577353530338334,2.6854368250416094,0.0005469155446588,0.1027105156977888,1.0,1.2945104146044433,1.648473808433918,251,198
B0056,57,23,4,2683.406,13.568274326866668,2.690427787524509,0.0005515282222143,0.1026280361625926,1.0,1.2602567563003473,1.6048540291565137,251,194
B0056,59,24,4,2646.156,13.222923404873027,2.6939728433831345,0.0005614542110544,0.1026280361625926,3.0,1.2408721291565108,1.5801689823833396,251,192
B0056,61,25,4,2593.531,14.117236767649958,2.6814059367851253,0.0005777263207134,0.1026280361625926,5.0,1.252197340273113,1.5945908933159048,251,190
B0056,63,26,4,2604.125,14.72590749283402,2.695307365997281,0.0005698934996622,0.1026280361625926,7.0,1.2279025700477384,1.5636531025135898,251,188
B0056,65,27,4,2588.594,13.782905674311683,2.687952325629709,0.0005763011054167,0.1026280361625926,9.0,1.1917170308946994,1.5175732001312887,251,186
B0056,69,28,4,2579.203,13.53465268656202,2.696650296000414,0.0005721180690797,0.1018155021952932,1.0,1.1858570240011006,1.5101108670574437,251,182
B0056,71,29,4,2555.453,12.997563677985069,2.683210476599473,0.0005859492501201,0.1018155021952932,3.0,1.1840938286611429,1.5078655538453736,251,180
B0056,73,30,4,2525.609,14.9075480868495,2.6972876615572554,0.0005872642425671,0.1018155021952932,5.0,1.2059829135917657,1.5357398627668228,251,178
B0056,75,31,4,2536.172,13.20576446654183,2.683737907365728,0.0005901246546464,0.1018155021952932,7.0,1.165428493679393,1.4840964782968686,251,176
B0056,77,32,4,2536.204,14.51158708545384,2.69363443342256,0.0005862797050088,0.1018155021952932,9.0,1.1790060613193858,1.5013866170120578,251,174
B0056,81,33,4,2488.86,14.30233008977442,2.6943722854819816,0.0005937420018607,0.1015251317030928,1.0,1.2013113747183153,1.5297909654917732,251,170
B0056,83,34,4,2518.547,14.15321706372225,2.688897787724772,0.0005921968363672,0.1015251317030928,3.0,1.165597803317432,1.4843120829769652,251,168
B0056,85,35,4,2485.766,13.855287867564956,2.6882331708894665,0.0006004184911244,0.1015251317030928,5.0,1.180303335055002,1.5030386097279187,251,166
B0056,87,36,4,2506.718,14.492855960891132,2.689459077872609,0.0005947298433152,0.1015251317030928,7.0,1.1658134189695046,1.484586655318076,251,164
B0056,89,37,4,2459.297,14.065463723343733,2.6894641263415138,0.0006064885083654,0.1015251317030928,9.0,1.176396051577376,1.4980629413962268,251,162
B0056,93,38,4,2488.734,13.412858944276625,2.6842747820981163,0.0005979731114682,0.1015272009851769,1.0,1.1458325512940766,1.459142335472421,251,158
B0056,95,39,4,2491.375,14.60610388019012,2.6890536637756743,0.0005988697491589,0.1015272009851769,3.0,1.167557759980296,1.4868079587829426,251,156
B0056,97,40,4,2467.328,13.208123302069437,2.697570405713833,0.0006012879365504,0.1015272009851769,5.0,1.145636654711916,1.4588928740689355,251,154
B0056,99,41,4,2466.125,14.33986737197622,2.6861014784430512,0.0006062772647872,0.1015272009851769,7.0,1.1443667002824445,1.4572756706912957,251,152
B0056,101,42,4,2459.312999999994,14.869194370874,2.6984158813975863,0.0006029338637081,0.1015272009851769,9.0,1.1605177686388095,1.4778429931811878,251,150
B0056,105,43,4,2559.125,14.255223899564948,2.6966170938157865,0.0005729005525384,0.1016599259872308,1.0,1.227201304260248,1.5627600866904747,251,146
B0056,109,44,4,2534.156,15.145967765545794,2.6938401614375964,0.0005832584276317,0.1023189139052319,1.0,1.2454797202045476,1.586036446311765,251,142
B0056,111,45,4,2521.985,13.36575567843813,2.694145271746648,0.0005892077625309,0.1023189139052319,3.0,1.1722288849037228,1.4927563289198833,251,140
B0056,113,46,4,2503.172,14.761564527480054,2.6949310922042096,0.0005936657543661,0.1023189139052319,5.0,1.1953514999944956,1.5222014573094338,251,138
B0056,115,47,4,2474.344,14.927522519928406,2.698968781686075,0.0005988068317471,0.1023189139052319,7.0,1.1919514716203925,1.5178717449645904,251,136
B0056,117,48,4,2349.64,15.38684146714604,2.69347301500386,0.0006026056467416,0.1023189139052319,9.0,1.2296223665252586,1.5658431501308545,251,134
B0056,121,49,4,2560.688,15.06186195706642,2.6975073541494394,0.000574998075326,0.1006957784407432,1.0,1.2774519419396988,1.6267509662825788,251,130
B0056,123,50,4,2522.375,14.19417584217932,2.68847764541694,0.0005914388933318,0.1006957784407432,3.0,1.2433879751668584,1.5833727466847478,251,128
B0056,125,51,4,2488.719,14.670219241896357,2.695809647268888,0.0005965232420636,0.1006957784407432,5.0,1.230802542912592,1.567346027081015,251,126
B0056,127,52,4,2474.844,14.756439650219583,2.6988862295180773,0.0005986854098487,0.1006957784407432,7.0,1.2162358534094664,1.5487963067770425,251,124
B0056,129,53,4,2473.875,15.074941469247385,2.6881817818985594,0.0006032768088572,0.1006957784407432,9.0,1.2088335726499548,1.5393699894472912,251,122
B0056,133,54,4,2495.5,14.772345213065618,2.693866336049454,0.0005923179344788,0.1000418553003488,1.0,1.1946181162240357,1.52126754134901,251,118
B0056,135,55,4,2481.078,14.624267787138264,2.692863343941837,0.0005995853353588,0.1000418553003488,3.0,1.1734248134794991,1.494279265245218,251,116
B0056,137,56,4,2460.125,12.974017575008304,2.6912645328393867,0.0006055763516168,0.1000418553003488,5.0,1.1404596305913128,1.4523002746026326,251,114
B0056,139,57,4,2440.547,14.962343761280408,2.6880196285337377,0.0006119413691074,0.1000418553003488,7.0,1.1821716406845988,1.5054177739754933,251,112
B0056,141,58,4,2449.922,14.288936379622092,2.6997902360046213,0.0006044293911832,0.1000418553003488,9.0,1.1480663382055174,1.4619869160764771,251,110
B0056,145,59,4,2408.781,14.731654795183925,2.6973629105606647,0.0006126271962803,0.1017657245210761,1.0,1.1825381935034152,1.5058845548637807,251,106
B0056,147,60,4,2442.547,14.530184451529058,2.691300691707842,0.0006098403895764,0.1017657245210761,3.0,1.15520928628466,1.4710829903070337,251,104
B0056,149,61,4,2420.671,12.920963346782584,2.689936372979849,0.0006160316877757,0.1017657245210761,5.0,1.1216816712671696,1.428387779367014,251,102
B0056,151,62,4,2409.906,14.975497658516607,2.6913240152919484,0.0006184353489591,0.1017657245210761,7.0,1.162666262561457,1.4805789587779932,251,100
B0056,153,63,4,2416.672,14.006665059857031,2.686923064348457,0.000618173837465,0.1017657245210761,9.0,1.124695615744926,1.4322258392818688,251,98
B0056,157,64,4,2395.75,15.065495014920012,2.6874437664677444,0.0006203237212939,0.1011869844766893,1.0,1.1664177948797931,1.4853562882598577,251,94
B0056,159,65,4,2410.688,14.438517748547325,2.699800435335948,0.0006144730459536,0.1011869844766893,3.0,1.1346745156379463,1.4449333114852925,251,92
B0056,161,66,4,2402.125,13.194289211464437,2.697960709571132,0.0006176665379697,0.1011869844766893,5.0,1.1012231317092755,1.4023351758193607,251,90
B0056,163,67,4,2355.265,14.482501609291248,2.6834783907862354,0.0006361577338348,0.1011869844766893,7.0,1.1560733948472832,1.472183375685982,251,88
B0056,165,68,4,2396.719,14.720749328790644,2.699619006890264,0.0006182377933521,0.1011869844766893,9.0,1.1385609898764002,1.449882480620561,251,86
B0056,169,69,4,2442.344,14.529077890794348,2.689809371052332,0.0006037300246629,0.1014120696900775,1.0,1.1757265448773706,1.4972103686806433,251,82
B0056,173,70,4,2444.703,15.244128605525711,2.688916524535636,0.0006069111277416,0.1026307895180504,1.0,1.1969385632452556,1.524222477898909,251,78
B0056,175,71,4,2412.25,13.512900564234096,2.698695743312111,0.000614286163357,0.1026307895180504,3.0,1.1267457988726266,1.4348366125521173,251,76
B0056,177,72,4,2403.234,14.862132323599852,2.697889593175275,0.0006175057502608,0.1026307895180504,5.0,1.1601031368559531,1.4773149868967488,251,74
B0056,179,73,4,2361.047,13.378405270944848,2.695993320018532,0.0006290871365376,0.1026307895180504,7.0,1.1361458729690277,1.4468069882018102,251,72
B0056,181,74,4,2392.468,14.806201026240291,2.6955474945092024,0.0006211618036968,0.1026307895180504,9.0,1.1397253894261876,1.4513652668065364,251,70
B0056,185,75,4,2373.89,15.144104218787898,2.699727848412594,0.0006206037080735,0.101847215179338,1.0,1.1560010024767575,1.4720911887669774,251,66
B0056,187,76,4,2383.234,14.39832488350013,2.695330424081241,0.0006235164829215,0.101847215179338,3.0,1.126818619026835,1.4349293442254851,251,64
B0056,189,77,4,2342.453,13.069857113335043,2.6854130230502054,0.0006387561320273,0.101847215179338,5.0,1.116688355680394,1.4220291206268605,251,62
B0056,191,78,4,2359.296,14.625776758086843,2.690400334997493,0.0006322410521653,0.101847215179338,7.0,1.1330613197666846,1.4428790127236546,251,60
B0056,193,79,4,2345.453,12.585237711150564,2.6887925590382147,0.0006364565343545,0.101847215179338,9.0,1.0893839897995972,1.387258807848694,251,58
B0056,197,80,4,2360.172,14.409091639662265,2.6988640537115023,0.0006252024320103,0.1012378092926894,1.0,1.112083645925937,1.4161653258361613,251,54
B0056,199,81,4,2315.407,13.639615611059916,2.680924614006194,0.0006482619499761,0.1012378092926894,3.0,1.1279950254648337,1.4364274203933054,251,52
B0056,201,82,4,2322.156,14.880692487289394,2.689418119708915,0.0006424753717845,0.1012378092926894,5.0,1.1386774565024178,1.450030793202971,251,50
B0056,203,83,4,2327.1570000000065,14.94384328293818,2.6980519577561664,0.0006374740596404,0.1012378092926894,7.0,1.1271136962200643,1.4353051056091073,251,48
B0056,205,84,4,2335.0,14.50969090814752,2.690667005796631,0.0006385220394597,0.1012378092926894,9.0,1.110150886965375,1.4137040845139153,251,46
B0056,209,85,4,2329.375,15.062267575750978,2.690672584400043,0.0006365843098329,0.10152762113247,1.0,1.1344632260422465,1.4446642480922316,251,42
B0056,211,86,4,2333.875,14.468947045350122,2.689574754055628,0.0006391762876476,0.10152762113247,3.0,1.108458756302863,1.411549267491102,251,40
B0056,213,87,4,2317.453,12.508239840028546,2.6850453196446677,0.0006459481070353,0.10152762113247,5.0,1.0768220870214844,1.3712620514841345,251,38
B0056,215,88,4,2295.109,14.887028438704052,2.68848533115398,0.0006507975337204,0.10152762113247,7.0,1.128398212919817,1.4369408530794627,251,36
B0056,217,89,4,2326.657,14.643769942307395,2.695941959305812,0.0006385390158409,0.10152762113247,9.0,1.1066350346531368,1.4092268780073791,251,34
B0056,221,90,4,2479.297,15.536147821768504,2.6936113374580533,0.0005916113761944,0.1022286765583777,1.0,1.271609072217319,1.6193104562683138,251,30
B0056,225,91,4,2463.578,14.710321906861784,2.6975058053441106,0.0005981834419178,0.1023252022404984,1.0,1.2415767175377967,1.58106622931096,251,26
B0056,227,92,4,2458.812,14.282705134297458,2.699681085693745,0.0006020091873846,0.1023252022404984,3.0,1.174652904422814,1.4958431582286884,251,24
B0056,229,93,4,2400.672,14.735427526864724,2.6932891744671807,0.0006197980100103,0.1023252022404984,5.0,1.1989389885187762,1.5267698878169171,251,22
B0056,231,94,4,2396.407,12.986214565204865,2.680335373836448,0.0006260955031831,0.1023252022404984,7.0,1.1461398965188565,1.4595337193867417,251,20
B0056,233,95,4,2392.375,14.020906563644123,2.695500756668203,0.0006211120214581,0.1023252022404984,9.0,1.129224378671885,1.4379929207865625,251,18
B0056,237,96,4,2373.687,13.158594712143495,2.6916361141573137,0.000624354726647,0.1032274111061568,1.0,1.1103432888019913,1.413949095588974,251,14
B0056,239,97,4,2385.922,14.942021026324584,2.6977127849492053,0.0006221286789314,0.1032274111061568,3.0,1.153909472897475,1.4694277635120592,251,12
B0056,241,98,4,2345.0,13.316711053744784,2.687276744661873,0.0006373327346445,0.1032274111061568,5.0,1.1302191455340138,1.4392596909100135,251,10
B0056,243,99,4,2363.047000000006,14.61281089291766,2.6980124491519586,0.0006279763805163,0.1032274111061568,7.0,1.1258719408034097,1.433723811818233,251,8
B0056,245,100,4,2316.687,14.205466297575018,2.6927360739353285,0.0006427520234193,0.1032274111061568,9.0,1.1430108283920968,1.4555490570823095,251,6
B0056,249,101,4,2322.0,13.862516639323273,2.6899104032044447,0.0006387182994432,0.1026770687168542,1.0,1.1372731775310292,1.4482425363624296,251,2
B0056,251,102,4,2357.687,14.899199505524647,2.6950189281281465,0.000630645187093,0.1026770687168542,3.0,1.1290590137779504,1.4377823394784397,251,0
